name,price,availability,url,last_scraped
Nz Sanford Greenshell Mussels 2Lb,$20.49,In Stock,/collections/all/products/nz-sanford-greenshell-mussels-2lb,2025-11-28 16:31:56
Wang Swimming Crab Cut 1.27Lb,$16.49,In Stock,/collections/all/products/wang-swimming-crab-cut-1-27lb,2025-11-28 16:31:56
Crd Frozen Cuttlefish 12Oz,$8.49,In Stock,/collections/all/products/crd-frozen-cuttlefish-12oz,2025-11-28 16:31:56
Aqua Star Reserve Tempura Shrimp 290G,$11.49,In Stock,/collections/all/products/aqua-star-reserve-tempura-shrimp-290g,2025-11-28 16:31:56
Polarbird 31-40 White Shrimp Raw  1Lb,$11.29,In Stock,/collections/all/products/polarbird-31-40-white-shrimp-raw-1lb,2025-11-28 16:31:56
Polarbird 41-50 White Shrimp Raw  1Lb,$10.29,In Stock,/collections/all/products/polarbird-41-50-white-shrimp-raw-1lb,2025-11-28 16:31:56
Polarbird Frozen Cooked Mussel Meat 2Lb,$10.29,In Stock,/collections/all/products/polarbird-frozen-cooked-mussel-meat-2lb,2025-11-28 16:31:56
Pacific Treasura White Shrimp 16-20 2Lb,$23.99,In Stock,/collections/all/products/pacific-treasura-white-shrimp-16-20-2lb,2025-11-28 16:31:56
Pulmuone Grilled Spanish Mackerel 2.8Oz,$9.49,In Stock,/collections/all/products/pulmuone-grilled-spanish-mackerel-2-8oz,2025-11-28 16:31:56
Oyster Bay Imation Crab Meat 16Oz,$7.79,In Stock,/collections/all/products/oyster-bay-imation-crab-meat-16oz,2025-11-28 16:31:56
Kimura Imation Crab Meat  1.1Lb,$7.99,In Stock,/collections/all/products/kimura-imation-crab-meat-1-1lb,2025-11-28 16:31:56
Kibun Fantasea Kanikama17.63Oz,$8.49,In Stock,/collections/all/products/kibun-fantasea-kanikama17-63oz,2025-11-28 16:31:56
Wang Roasted Peeled Chestnut 2.82Oz,$3.99,In Stock,/collections/all/products/wang-roasted-peeled-chestnut-2-82oz,2025-11-28 16:31:56
Wang Org Rstd Peeled Chestnut 80G,$4.99,In Stock,/collections/all/products/wang-org-rstd-peeled-chestnut-80g,2025-11-28 16:31:56
Wang Roasted Chestnut 150G,$6.79,In Stock,/collections/all/products/wang-roasted-chestnut-150g,2025-11-28 16:31:56
Bamtrae Rstd And Peeled Chestnut 80G,$5.49,In Stock,/collections/all/products/bamtrae-rstd-and-peeled-chestnut-80g,2025-11-28 16:31:56
Gh Roasted Chestnut 4.23Oz,$6.79,In Stock,/collections/all/products/gh-roasted-chestnut-4-23oz,2025-11-28 16:31:56
W.Chuan Org Chestnut Peeled 5.3Oz,$4.79,In Stock,/collections/all/products/w-chuan-org-chestnut-peeled-5-3oz,2025-11-28 16:31:56
Yegan Roasted Chesnut 120G,$10.29,In Stock,/collections/all/products/yegan-roasted-chesnut-120g,2025-11-28 16:31:56
A.Taste Org Rstd Chestnuts 5.29Oz,$4.49,In Stock,/collections/all/products/a-taste-org-rstd-chestnuts-5-29oz,2025-11-28 16:31:56
A.Taste Roasted Chestnuts 3.52Oz,$2.49,In Stock,/collections/all/products/a-taste-roasted-chestnuts-3-52oz,2025-11-28 16:31:56
Toms Black Sesame Almond 6.70Oz,$10.49,In Stock,/collections/all/products/toms-black-sesame-almond-6-70oz,2025-11-28 16:31:56
Hbaf Green Latte Almond Crunch 6Oz,$11.79,In Stock,/collections/all/products/hbaf-green-latte-almond-crunch-6oz,2025-11-28 16:31:56
Hbaf Coffee Biscut Almond 6.7Oz,$11.79,In Stock,/collections/all/products/hbaf-coffee-biscut-almond-6-7oz,2025-11-28 16:31:56
Hbaf Hazelnut Almond 5.99Oz,$13.79,In Stock,/collections/all/products/hbaf-hazelnut-almond-5-99oz,2025-11-28 16:31:56
Hbaf Cookie & Strawberry Almond 6.7Oz,$11.79,In Stock,/collections/all/products/hbaf-cookie-strawberry-almond-6-7oz,2025-11-28 16:31:56
Crd Roasted Black Sesame 4oz,$4.99,In Stock,/collections/all/products/crd-roasted-black-sesame-4oz,2025-11-28 16:31:56
Soup Gohan Soondubo Jjigae Style  2.6Oz,$4.99,In Stock,/collections/all/products/soup-gohan-soondubo-jjigae-style-2-6oz,2025-11-28 16:31:56
S.Gohan Crab Hot Pot Rice Porridge 2.4Oz,$4.99,In Stock,/collections/all/products/s-gohan-crab-hot-pot-rice-porridge-2-4oz,2025-11-28 16:31:56
Haio Roasted Black Sesame Seed 8Oz,$9.79,In Stock,/collections/all/products/haio-roasted-black-sesame-seed-8oz,2025-11-28 16:31:56
Aroy-D Frozen Durian Sticky Rice 180Oz,$9.99,In Stock,/collections/all/products/aroy-d-frozen-durian-sticky-rice-180oz,2025-11-28 16:31:56
Pulmuone Frozen Persimmon 8.5Oz,$8.79,In Stock,/collections/all/products/pulmuone-frozen-persimmon-8-5oz,2025-11-28 16:31:56
Cj Bibigo Sweet Pumpkin Porridge 267G,$6.79,In Stock,/collections/all/products/cj-bibigo-sweet-pumpkin-porridge-267g,2025-11-28 16:31:56
"Tuna, Salmon, Sashimi",$17.99,In Stock,/collections/all/products/tuna-salmon-sashimi,2025-11-28 16:31:56
🎁 H MART Manhattan New York Tote Bag (100% off),$0.00,In Stock,/collections/all/products/h-mart-manhattan-new-york-tote-bag-sca_clone_freegift,2025-11-28 16:31:56
Soup Gohan Ripe Tomato Soup Risotto2.6Oz,$5.29,In Stock,/collections/all/products/soup-gohan-ripe-tomato-soup-risotto2-6oz,2025-11-28 16:31:56
S.Gohan Chicken Salt Rice Porridge 2.5Oz,$5.29,In Stock,/collections/all/products/s-gohan-chicken-salt-rice-porridge-2-5oz,2025-11-28 16:31:56
Soup De Gohan 3Type Cheese Rizotto 2.6Oz,$5.29,In Stock,/collections/all/products/soup-de-gohan-3type-cheese-rizotto-2-6oz,2025-11-28 16:31:56
Cj Bibigo Rice Porride Abalone 280G,$7.49,In Stock,/collections/all/products/cj-bibigo-rice-porride-abalone-280g,2025-11-28 16:31:56
Dw Bibimedbap Stone Pot Cup  9.57Oz,$6.49,In Stock,/collections/all/products/dw-bibimedbap-stone-pot-cup-9-57oz,2025-11-28 16:31:56
Otg Tuna Porridge 285G,$7.49,In Stock,/collections/all/products/otg-tuna-porridge-285g,2025-11-28 16:31:56
Maeda Kirari Mochimugi Gohan 6.35Oz,$5.49,In Stock,/collections/all/products/maeda-kirari-mochimugi-gohan-6-35oz,2025-11-28 16:31:56
Maeda Mochimugi Sekihan  5.29Oz,$5.49,In Stock,/collections/all/products/maeda-mochimugi-sekihan-5-29oz,2025-11-28 16:31:56
Otg Cooked Rice 6/210G,$20.49,In Stock,/collections/all/products/otg-cooked-rice-6-210g-1,2025-11-28 16:31:56
Rau Nature Cooked Brown Rice 7.4Oz,$2.99,In Stock,/collections/all/products/rau-nature-cooked-brown-rice-7-4oz,2025-11-28 16:31:56
Cooked Sticky Black Rice 210G,$3.49,In Stock,/collections/all/products/cooked-sticky-black-rice-210g,2025-11-28 16:31:56
Dw Cooked Brown Rice 3/210G,$10.29,In Stock,/collections/all/products/dw-cooked-brown-rice-3-210g,2025-11-28 16:31:56
Cj Konjac Rice W/ Oat & Black Rice 150G,$5.49,In Stock,/collections/all/products/cj-konjac-rice-w-oat-black-rice-150g,2025-11-28 16:31:56
Bbgy Fermented Lentil Rice Bowl 5.29Oz,$3.29,In Stock,/collections/all/products/bbgy-fermented-lentil-rice-bowl-5-29oz,2025-11-28 16:31:56
Bbgy Fermented Brown Rice Bowl 5.29Oz,$3.99,In Stock,/collections/all/products/bbgy-fermented-brown-rice-bowl-5-29oz,2025-11-28 16:31:56
Sunshine 100 Cooked White Rice 7.4Oz,$2.99,In Stock,/collections/all/products/sunshine-100-cooked-white-rice-7-4oz,2025-11-28 16:31:56
Otg Cooked Rice 3/210G,$10.99,In Stock,/collections/all/products/otg-cooked-rice-3-210g-1,2025-11-28 16:31:56
Otg Cooked Black Rice 3/210G,$16.49,In Stock,/collections/all/products/otg-cooked-black-rice-3-210g,2025-11-28 16:31:56
Otg Cooked Brown Rice 3/210G,$16.49,In Stock,/collections/all/products/otg-cooked-brown-rice-3-210g,2025-11-28 16:31:56
Crd Pressed Barley 2Lb,$7.49,In Stock,/collections/all/products/crd-pressed-barley-2lb,2025-11-28 16:31:56
Sam Su Gab San Rice 15Lb,$32.99,In Stock,/collections/all/products/sam-su-gab-san-rice-15lb,2025-11-28 16:31:56
Botan Rice Calrosa 15Lb,$20.99,In Stock,/collections/all/products/botan-rice-calrosa-15lb,2025-11-28 16:31:56
Koshihikari Premium Short Grain 15Lbs,$47.99,In Stock,/collections/all/products/koshihikari-premium-short-grain-15lbs,2025-11-28 16:31:56
Tamaki Haiga Short Grain Rice 3/5Lb 15Lb,$61.99,In Stock,/collections/all/products/tamaki-haiga-short-grain-rice-3-5lb-15lb,2025-11-28 16:31:56
Nishiki Quick Cooking Brown Rice 15Lb,$46.99,In Stock,/collections/all/products/nishiki-quick-cooking-brown-rice-15lb,2025-11-28 16:31:56
Tamaki Gold Rice 15Lb,$56.99,In Stock,/collections/all/products/tamaki-gold-rice-15lb,2025-11-28 16:31:56
Kokuho Rose Rice 15Lb,$38.99,In Stock,/collections/all/products/kokuho-rose-rice-15lb,2025-11-28 16:31:56
Carolina Basmati Rice 5Lb,$18.99,In Stock,/collections/all/products/carolina-basmati-rice-5lb,2025-11-28 16:31:56
Hyakushoichiba Ubara Rice 11Lb,$37.99,In Stock,/collections/all/products/hyakushoichiba-ubara-rice-11lb,2025-11-28 16:31:56
Akita Ogata Akitakomachi 11Lb,$40.49,In Stock,/collections/all/products/akita-ogata-akitakomachi-11lb,2025-11-28 16:31:56
Hokkaido Yumepirika Rice 2Kg,$20.99,In Stock,/collections/all/products/hokkaido-yumepirika-rice-2kg,2025-11-28 16:31:56
Namyang Small Black Soybean 15.87Oz,$18.99,In Stock,/collections/all/products/namyang-small-black-soybean-15-87oz,2025-11-28 16:31:56
Namyang Glutinous Millet Rice 15.87Oz,$18.99,In Stock,/collections/all/products/namyang-glutinous-millet-rice-15-87oz,2025-11-28 16:31:56
Namyang Chick Peas 1.1Lb,$6.49,In Stock,/collections/all/products/namyang-chick-peas-1-1lb,2025-11-28 16:31:56
Sura Oat 32Oz,$8.99,In Stock,/collections/all/products/sura-oat-32oz,2025-11-28 16:31:56
Ng Mexed 9 Grains Hulledt Wheat Rice 2Kg,$13.99,In Stock,/collections/all/products/ng-mexed-9-grains-hulledt-wheat-rice-2kg,2025-11-28 16:31:56
Choripdong Black Rice Riz Noir 8Lb,$38.49,In Stock,/collections/all/products/choripdong-black-rice-riz-noir-8lb,2025-11-28 16:31:56
Beans Whole Grain Brown Rice 2Lb,$8.49,In Stock,/collections/all/products/beans-whole-grain-brown-rice-2lb,2025-11-28 16:31:56
Yamatane Kome Akita Akitakomachi 4.4Lb,$39.49,In Stock,/collections/all/products/yamatane-kome-akita-akitakomachi-4-4lb,2025-11-28 16:31:56
Hd Haongchon Rice 2.2Lb,$6.49,In Stock,/collections/all/products/hd-haongchon-rice-2-2lb,2025-11-28 16:31:56
Happy Mons Mixed 5 Grains Brown Rice400G,$7.49,In Stock,/collections/all/products/happy-mons-mixed-5-grains-brown-rice400g,2025-11-28 16:31:56
Happy Mons Mixed 8 Grains Brown Rice450G,$7.49,In Stock,/collections/all/products/happy-mons-mixed-8-grains-brown-rice450g,2025-11-28 16:31:56
Kokuho Rice Original Rice 4.4Lb,$10.99,In Stock,/collections/all/products/kokuho-rice-original-rice-4-4lb,2025-11-28 16:31:56
Ograin Oat Rice 3.5Lb,$10.49,In Stock,/collections/all/products/ograin-oat-rice-3-5lb,2025-11-28 16:31:56
Nishiki Premium Brown Rice 5Lb,$12.99,In Stock,/collections/all/products/nishiki-premium-brown-rice-5lb,2025-11-28 16:31:56
Botan Rice Calrose-Musenmai 5Lb,$9.49,In Stock,/collections/all/products/botan-rice-calrose-musenmai-5lb,2025-11-28 16:31:56
Haru Haru Brown Sweet Rice 4.4Lb,$9.99,In Stock,/collections/all/products/haru-haru-brown-sweet-rice-4-4lb,2025-11-28 16:31:56
Haruharu Brown & Brown Sweet Rice 4.4Lb,$11.99,In Stock,/collections/all/products/haruharu-brown-brown-sweet-rice-4-4lb,2025-11-28 16:31:56
Crd Dried Shitake Mushroom 8Oz,$15.29,In Stock,/collections/all/products/crd-dried-shitake-mushroom-8oz,2025-11-28 16:31:56
Sawat-D Jasmine Brown Rice 2.20lb,$12.49,In Stock,/collections/all/products/sawat-d-jasmine-brown-rice-2-20lb,2025-11-28 16:31:56
Nishiki Organic Premiun Sushi Rice 2lb,$7.49,In Stock,/collections/all/products/nishiki-organic-premiun-sushi-rice-2lb,2025-11-28 16:31:56
Tokai Red Pepper 0.53oz,$4.29,In Stock,/collections/all/products/tokai-red-pepper-0-53oz,2025-11-28 16:31:56
Crd Dried Balloon Flower 8Oz,$15.79,In Stock,/collections/all/products/crd-dried-balloon-flower-8oz,2025-11-28 16:31:56
Doo Me San Dried Radish 150G,$8.29,In Stock,/collections/all/products/doo-me-san-dried-radish-150g,2025-11-28 16:31:56
Doo Me San Dried Shiitake Sliced 100G,$9.79,In Stock,/collections/all/products/doo-me-san-dried-shiitake-sliced-100g,2025-11-28 16:31:56
Wei Chuan Shiitake Mushroom 3.5Oz,$8.49,In Stock,/collections/all/products/wei-chuan-shiitake-mushroom-3-5oz,2025-11-28 16:31:56
Wei C.Sliced King Oyster Mushroom 3.5Oz,$8.49,In Stock,/collections/all/products/wei-c-sliced-king-oyster-mushroom-3-5oz,2025-11-28 16:31:56
"Oishii Koyo Berry Strawberry 20pcs , 4Oz",$17.49,In Stock,/collections/all/products/oishii-koyo-berry-strawberry-20pcs-4oz,2025-11-28 16:31:56
Kirin Koiwai Junsui Mikan 1.5L,$8.99,In Stock,/collections/all/products/kirin-koiwai-junsui-mikan-1-5l,2025-11-28 16:31:56
Itoen Oi Ocha Matcha Green Tea 500Ml,$4.79,In Stock,/collections/all/products/itoen-oi-ocha-matcha-green-tea-500ml,2025-11-28 16:31:56
Itoen Koicha Unswtnd Tea 500ml,$3.99,In Stock,/collections/all/products/itoen-koicha-unswtnd-tea-500ml,2025-11-28 16:31:56
Canada Dry Lemon Lime Sparkling 20Oz,$2.99,In Stock,/collections/all/products/canada-dry-lemon-lime-sparkling-20oz,2025-11-28 16:31:56
Sprite Sprite + Tea 20Oz,$3.49,In Stock,/collections/all/products/sprite-sprite-tea-20oz,2025-11-28 16:31:56
Sprite Zero Sugar Lemon-Lime 20Oz,$3.49,In Stock,/collections/all/products/sprite-zero-sugar-lemon-lime-20oz,2025-11-28 16:31:56
Cocoxim Oranic Cocunut Water 16.9Oz,$3.99,In Stock,/collections/all/products/cocoxim-oranic-cocunut-water-16-9oz,2025-11-28 16:31:56
Saratoga Sparkling Water Glass 28Oz,$4.99,In Stock,/collections/all/products/saratoga-sparkling-water-glass-28oz,2025-11-28 16:31:56
Maison Perrier Sparkling Water Ultimate 11.15oz,$2.99,In Stock,/collections/all/products/maison-perrier-sparkling-water-ultimate,2025-11-28 16:31:56
Muszyniank Mineral Water Carbonated700Ml,$4.29,In Stock,/collections/all/products/muszyniank-mineral-water-carbonated700ml,2025-11-28 16:31:56
Glaceau Smart Water 1L,$3.99,In Stock,/collections/all/products/glaceau-smart-water-1l-1,2025-11-28 16:31:56
Smart Water Alkaline 9.5+Ph 1.5L,$4.29,In Stock,/collections/all/products/smart-water-alkaline-9-5-ph-1-5l,2025-11-28 16:31:56
Poland Spring Sparkling Water Orange 1L,$2.99,In Stock,/collections/all/products/poland-spring-sparkling-water-orange-1l,2025-11-28 16:31:56
Poland Spring Sparkling Red Grapefruit1L,$2.99,In Stock,/collections/all/products/poland-spring-sparkling-red-grapefruit1l,2025-11-28 16:31:56
Canada Dry Club Soda 1L,$3.99,In Stock,/collections/all/products/canada-dry-club-soda-1l,2025-11-28 16:31:56
Canada Dry Original Seltzer 1L,$3.99,In Stock,/collections/all/products/canada-dry-original-seltzer-1l,2025-11-28 16:31:56
Canada Dry Ginger Ale 1L,$3.99,In Stock,/collections/all/products/canada-dry-ginger-ale-1l,2025-11-28 16:31:56
Itoen Oi Ocha Hojicha Unsweetened 500Ml,$3.99,In Stock,/collections/all/products/itoen-oi-ocha-hojicha-unsweetened-500ml,2025-11-28 16:31:56
Inabaen Kuro Ooling Cha 500Ml,$4.29,In Stock,/collections/all/products/inabaen-kuro-ooling-cha-500ml,2025-11-28 16:31:56
Poland Spring Bubbles Sparkling Water 1L,$2.99,In Stock,/collections/all/products/poland-spring-bubbles-sparkling-water-1l,2025-11-28 16:31:56
Coca Cola Zero Sugar 2L,$5.29,In Stock,/collections/all/products/coca-cola-zero-sugar-2l,2025-11-28 16:31:56
Itoen Tea Rose Green Tea 16.9Oz 1N/A,$3.99,In Stock,/collections/all/products/itoen-tea-rose-green-tea-16-9oz-1n-a,2025-11-28 16:31:56
Itoen Oi Ocha Matcha Genmaicha 2L,$9.49,In Stock,/collections/all/products/itoen-oi-ocha-matcha-genmaicha-2l,2025-11-28 16:31:56
Itoen Golden Oolong Tea 2L,$9.49,In Stock,/collections/all/products/itoen-golden-oolong-tea-2l,2025-11-28 16:31:56
Fremo Aloe Vera Kiwi 1.5L,$4.29,In Stock,/collections/all/products/fremo-aloe-vera-kiwi-1-5l,2025-11-28 16:31:56
Calpis Calpico Strawberry 1.5L,$10.49,In Stock,/collections/all/products/calpis-calpico-strawberry-1-5l,2025-11-28 16:31:56
The Lucky Ox Vietnamese Lemonade 12Oz,$5.29,In Stock,/collections/all/products/the-lucky-ox-vietnamese-lemonade-12oz,2025-11-28 16:31:56
The Lucky Matcha Lemonade Sparkler 12Oz,$5.29,In Stock,/collections/all/products/the-lucky-matcha-lemonade-sparkler-12oz,2025-11-28 16:31:56
Vitaminwater Zero Sugar Pineapple20Oz,$3.79,In Stock,/collections/all/products/vitaminwater-zero-sugar-pineapple20oz,2025-11-28 16:31:56
Vitamin Water Power C Dragonfruit 20Oz,$3.79,In Stock,/collections/all/products/vitamin-water-power-c-dragonfruit-20oz,2025-11-28 16:31:56
Vitaminwater Energy Tropical Citrus 20Oz,$3.79,In Stock,/collections/all/products/vitaminwater-energy-tropical-citrus-20oz,2025-11-28 16:31:56
Gf Sprk Water Lychee Fizzy 16.2Oz,$3.99,In Stock,/collections/all/products/gf-sprk-water-lychee-fizzy-16-2oz,2025-11-28 16:31:56
Yogovera Coconut 500Ml,$3.29,In Stock,/collections/all/products/yogovera-coconut-500ml,2025-11-28 16:31:56
Ksf Ice Black Tea 500Ml,$2.99,In Stock,/collections/all/products/ksf-ice-black-tea-500ml,2025-11-28 16:31:56
Santabremor Salmon Caviari Imitation230G,$7.79,In Stock,/collections/all/products/santabremor-salmon-caviari-imitation230g,2025-11-28 16:31:56
Santa Bremor Sturgeon Caviari 8.11Oz,$7.79,In Stock,/collections/all/products/santa-bremor-sturgeon-caviari-8-11oz,2025-11-28 16:31:56
Sh  Xin Jiang Jujube 35.2Oz,$12.99,In Stock,/collections/all/products/sh-xin-jiang-jujube-35-2oz,2025-11-28 16:31:56
Alya Organic Pitted Dates 7Oz,$3.79,In Stock,/collections/all/products/alya-organic-pitted-dates-7oz,2025-11-28 16:31:56
Alya Org Pitted Dates 24Oz,$10.99,In Stock,/collections/all/products/alya-org-pitted-dates-24oz,2025-11-28 16:31:56
Clover Top Fresh Sweet Tamarindo 1Lb,$7.99,In Stock,/collections/all/products/clover-top-fresh-sweet-tamarindo-1lb,2025-11-28 16:31:56
Clover Sweet Tamarindo 1Lb,$7.99,In Stock,/collections/all/products/clover-sweet-tamarindo-1lb,2025-11-28 16:31:56
Worlds Best Sweet Tamarind 1Lb,$7.79,In Stock,/collections/all/products/worlds-best-sweet-tamarind-1lb,2025-11-28 16:31:56
Sunmaid California Golden Raisins 12Oz,$6.99,In Stock,/collections/all/products/sunmaid-california-golden-raisins-12oz,2025-11-28 16:31:56
Sunmaid Raisins 12Oz,$5.99,In Stock,/collections/all/products/sunmaid-raisins-12oz,2025-11-28 16:31:56
Sunmaid Raisins 6/1Oz,$3.99,In Stock,/collections/all/products/sunmaid-raisins-6-1oz,2025-11-28 16:31:56
Sunmaid Golden Raisins 6/1Oz,$4.99,In Stock,/collections/all/products/sunmaid-golden-raisins-6-1oz,2025-11-28 16:31:56
"Tamarin Puree, Thailand",$3.99,In Stock,/collections/all/products/tamarin-puree-thailand,2025-11-28 16:31:56
Trunas Dried Sliced Chili Pepper 0.17Oz,$4.99,In Stock,/collections/all/products/trunas-dried-sliced-chili-pepper-0-17oz,2025-11-28 16:31:56
Trunas Dried Minced Chili Pepper 0.17Oz,$4.99,In Stock,/collections/all/products/trunas-dried-minced-chili-pepper-0-17oz,2025-11-28 16:31:56
Mrs Cubbsn Wonton Strips 4Oz,$3.99,In Stock,/collections/all/products/mrs-cubbsn-wonton-strips-4oz,2025-11-28 16:31:56
Mrs Cubbsn Parmesan Crips 1.98Oz,$4.99,In Stock,/collections/all/products/mrs-cubbsn-parmesan-crips-1-98oz,2025-11-28 16:31:56
Ny Bakery Cheese Garlic Croutons 5Oz,$3.79,In Stock,/collections/all/products/ny-bakery-cheese-garlic-croutons-5oz,2025-11-28 16:31:56
Nyb Tx Toast Garlic & Butter 5Oz,$3.79,In Stock,/collections/all/products/nyb-tx-toast-garlic-butter-5oz,2025-11-28 16:31:56
H/Farms Raw Natural Peanuts 1Lb,$3.49,In Stock,/collections/all/products/h-farms-raw-natural-peanuts-1lb,2025-11-28 16:31:56
Rosolini Dried Apricots 7Oz,$8.99,In Stock,/collections/all/products/rosolini-dried-apricots-7oz,2025-11-28 16:31:56
Sunsweet Philippino Mango 5Oz,$8.99,In Stock,/collections/all/products/sunsweet-philippino-mango-5oz,2025-11-28 16:31:56
Cb Cooking Tamarind Concentrate 16Oz,$7.99,In Stock,/collections/all/products/cb-cooking-tamarind-concentrate-16oz,2025-11-28 16:31:56
Nutty 100%Natu Granola Walnuts 15Oz,$6.79,In Stock,/collections/all/products/nutty-100-natu-granola-walnuts-15oz,2025-11-28 16:31:56
Nutty 100%Natu Gran French Vanilla 15Oz,$7.49,In Stock,/collections/all/products/nutty-100-natu-gran-french-vanilla-15oz,2025-11-28 16:31:56
Nutty 100%Natu Granola Honey 15Oz,$7.49,In Stock,/collections/all/products/nutty-100-nutty-granola-honey-15oz,2025-11-28 16:31:56
Nutty 100%Natural Granola Raisin 15Oz,$7.49,In Stock,/collections/all/products/nutty-100-natural-granola-raisin-15oz,2025-11-28 16:31:56
Nutty Deluxe Raw Mix 10Oz,$4.99,In Stock,/collections/all/products/nutty-deluxe-raw-mix-10oz,2025-11-28 16:31:56
Nutty Super Protein Mix 1oz,$6.79,In Stock,/collections/all/products/nutty-super-protein-mix-1oz,2025-11-28 16:31:56
Nutty Pine Nuts 5Oz,$16.99,In Stock,/collections/all/products/nutty-pine-nuts-5oz,2025-11-28 16:31:56
Nutty Cranberries 9Oz,$4.29,In Stock,/collections/all/products/nutty-cranberries,2025-11-28 16:31:56
Nutty Deluex Trail Mix 10Oz,$5.79,In Stock,/collections/all/products/nutty-deluex-trail-mix-10oz,2025-11-28 16:31:56
Nutty Energy Health Mix 9Oz,$4.99,In Stock,/collections/all/products/nutty-energy-health-mix-9oz,2025-11-28 16:31:56
Nutty Power Health Mix 8Oz,$6.79,In Stock,/collections/all/products/nutty-power-health-mix-8oz,2025-11-28 16:31:56
Nutty Black Raisin 9Oz,$3.49,In Stock,/collections/all/products/nutty-black-raisin-9oz,2025-11-28 16:31:56
Nutty Cranberry Health Mix 8Oz,$5.49,In Stock,/collections/all/products/nutty-cranberry-health-mix-8oz,2025-11-28 16:31:56
Nutty Sesame Crunch 7Oz,$5.79,In Stock,/collections/all/products/nutty-sesame-crunch-7oz,2025-11-28 16:31:56
Nutty Oriental Party Mix 5.5Oz,$4.29,In Stock,/collections/all/products/nutty-oriental-party-mix-5-5oz,2025-11-28 16:31:56
Nutty Honey Crunch 7Oz,$5.79,In Stock,/collections/all/products/honey-crunch-7oz,2025-11-28 16:31:56
Dr Snack Cashews Roasted Salted 8Oz,$10.99,In Stock,/collections/all/products/dr-snack-cashews-roasted-salted-8oz,2025-11-28 16:31:56
Dr Snack Cashews Roasted Unsalted  8Oz,$10.99,In Stock,/collections/all/products/dr-snack-cashews-roasted-unsalted-8oz,2025-11-28 16:31:56
Nutty Peanut Crunch 7Oz,$5.79,In Stock,/collections/all/products/peanut-crunch-7oz,2025-11-28 16:31:56
Solely Organic Pineapple Rings 100G,$11.79,In Stock,/collections/all/products/solely-organic-pineapple-rings-100g,2025-11-28 16:31:56
Gome Farm Dried Mango Large Slice 8Oz,$8.99,In Stock,/collections/all/products/gome-farm-dried-mango-large-slice-8oz,2025-11-28 16:31:56
Fruit Bliss Organic Dried Apricots 5Oz,$9.79,In Stock,/collections/all/products/fruit-bliss-organic-dried-apricots-5oz,2025-11-28 16:31:56
Summaid California Whole Pitted Prune7Oz,$5.99,In Stock,/collections/all/products/summaid-california-whole-pitted-prune7oz,2025-11-28 16:31:56
Amphora Org Soft Dried Prunes 6Oz,$6.99,In Stock,/collections/all/products/amphora-org-soft-dried-prunes-6oz,2025-11-28 16:31:56
Amphora Org Dried Turkish Apricots 6Oz,$7.29,In Stock,/collections/all/products/amphora-org-dried-turkish-apricots-6oz,2025-11-28 16:31:56
Wei Chuan Organic Dried Goji Berry 8Oz,$12.99,In Stock,/collections/all/products/wei-chuan-organic-dried-goji-berry-8oz,2025-11-28 16:31:56
Sunsweet Mediterranean Apricots 6Oz,$6.49,In Stock,/collections/all/products/sunsweet-mediterranean-apricots-6oz,2025-11-28 16:31:56
Solely Organic Dried Mango Chili 2.8Oz,$11.99,In Stock,/collections/all/products/solely-organic-dried-mango-chili-2-8oz,2025-11-28 16:31:56
Sunsweet Probiotic Prunes  6Oz,$6.79,In Stock,/collections/all/products/sunsweet-probiotic-prunes-6oz,2025-11-28 16:31:56
Gong He Org Ningxia Goji Berry 340G,$14.49,In Stock,/collections/all/products/gong-he-org-ningxia-goji-berry-340g,2025-11-28 16:31:56
Surasang Dried Jujube 8Oz,$9.79,In Stock,/collections/all/products/surasang-dried-jujube-8oz,2025-11-28 16:31:56
Crd Dried Jujube 8.8Oz,$6.29,In Stock,/collections/all/products/crd-dried-jujube-8-8oz,2025-11-28 16:31:56
Habanerita Jamaica Sorrel 4Oz,$3.99,In Stock,/collections/all/products/habanerita-jamaica-sorrel-4oz,2025-11-28 16:31:56
Realemon Lemon Juice 15Oz,$3.99,In Stock,/collections/all/products/realemon-lemon-juice-15oz,2025-11-28 16:31:56
Chamjoheun Chopped Ginger  8Oz,$6.99,In Stock,/collections/all/products/chamjoheun-chopped-ginger-8oz,2025-11-28 16:31:56
Bc Burdock & Sesame Dressing 10.15Oz,$9.99,In Stock,/collections/all/products/bc-burdock-sesame-dressing-10-15oz,2025-11-28 16:31:56
Majestic Rays Sea Moss Gold Gel 16Oz,$29.99,In Stock,/collections/all/products/majestic-rays-sea-moss-gold-gel-16oz,2025-11-28 16:31:56
Cento Natural Clam Juice 8Oz,$3.49,In Stock,/collections/all/products/cento-natural-clam-juice-8oz,2025-11-28 16:31:56
Enoki Mushroom Champignons 5.3oz,$4.29,In Stock,/collections/all/products/enoki-mushroom-champignons-5-3oz,2025-11-28 16:31:56
Beet Loose 1.2lb,$1.49,In Stock,/collections/all/products/beet-loose-1-2lb,2025-11-28 16:31:56
Curry Leaves,$4.99,In Stock,/collections/all/products/curry-leaves,2025-11-28 16:31:56
Utopia Young Coconut,$4.49,In Stock,/collections/all/products/utopia-young-coconut,2025-11-28 16:31:56
Brocolli 1 Bunch,$4.29,In Stock,/collections/all/products/brocolli-1-bunch,2025-11-28 16:31:56
D Anjou Pears 1 Each,$2.99,In Stock,/collections/all/products/d-anjou-pears-1-each,2025-11-28 16:31:56
Shanghai Tip 0.95lb,$3.79,In Stock,/collections/all/products/shanghai-tip-0-95lb,2025-11-28 16:31:56
Organic Baby Bok Choy 0.95lb,$4.74,In Stock,/collections/all/products/organic-baby-bok-choy-1-53lb,2025-11-28 16:31:56
Horse Radish 0.73lb,$6.20,In Stock,/collections/all/products/horse-radish-0-73lb,2025-11-28 16:31:56
Turmeric Yellow Ginger 0.66lb,$4.61,In Stock,/collections/all/products/turmeric-yellow-ginger-0-66lb,2025-11-28 16:31:56
Jamaica Hot Pepper 0.32lb,$3.20,In Stock,/collections/all/products/jamaica-hot-pepper-0-32lb,2025-11-28 16:31:56
Delfresco Sweet Mini Pepper 1Lb,$2.99,In Stock,/collections/all/products/delfresco-sweet-mini-pepper-1lb,2025-11-28 16:31:56
Greenwood Fresh Sliced Mushrooms,$3.29,In Stock,/collections/all/products/greenwood-fresh-sliced-mushrooms,2025-11-28 16:31:56
Green Giant Fresh Celery Hearts,$3.99,In Stock,/collections/all/products/green-giant-fresh-celery-hearts,2025-11-28 16:31:56
Sunset Cherry Tomato 12Oz,$8.99,In Stock,/collections/all/products/sunset-cherry-tomato-12oz,2025-11-28 16:31:56
Grape Sugar Bombstomatoes 12Oz,$8.29,In Stock,/collections/all/products/grape-sugar-bombstomatoes-12oz,2025-11-28 16:31:56
Village Farms Campari Tomatoes 1Lb,$2.99,In Stock,/collections/all/products/village-farms-campari-tomatoes-1lb,2025-11-28 16:31:56
Super Sweet Medley Tomatoes 10Oz,$3.99,In Stock,/collections/all/products/super-sweet-medley-tomatoes-10oz,2025-11-28 16:31:56
Village Cherry Tomatoes 10Oz,$5.29,In Stock,/collections/all/products/village-cherry-tomatoes-10oz,2025-11-28 16:31:56
Holland Eggplant 0.94lb,$4.69,In Stock,/collections/all/products/holland-eggplant-0-94lb,2025-11-28 16:31:56
Ch Bitter Melon 1.21lb,$3.01,In Stock,/collections/all/products/ch-bitter-melon-1-21lb,2025-11-28 16:31:56
Yellow Squash 0.80lb,$1.59,In Stock,/collections/all/products/yellow-squash-0-80lb,2025-11-28 16:31:56
F/E Baby Spinach Salads 5Oz,$4.99,In Stock,/collections/all/products/f-e-baby-spinach-salads-5oz,2025-11-28 16:31:56
Andy Boy Romaine Hearts 3Pc,$5.49,In Stock,/collections/all/products/andy-boy-romaine-hearts-3pc,2025-11-28 16:31:56
Dole American Blend Salad 12Oz,$4.99,In Stock,/collections/all/products/dole-american-blend-salad-12oz,2025-11-28 16:31:56
Chinese Mustard Green 1.23lb,$3.68,In Stock,/collections/all/products/chinese-mustard-green-1-23lb,2025-11-28 16:31:56
Chinese Cauliflower 1.19lb,$4.75,In Stock,/collections/all/products/chinese-cauliflower-1-19lb,2025-11-28 16:31:56
AA Choy 0.92lb,$2.75,In Stock,/collections/all/products/aa-choy-0-92lb,2025-11-28 16:31:56
Cal-Organic Kale Greens,$3.49,In Stock,/collections/all/products/cal-organic-kale-greens,2025-11-28 16:31:56
Organic Broccoli 1 Brunch,$6.49,In Stock,/collections/all/products/organic-broccoli-brunch,2025-11-28 16:31:56
Organic Shanghai Bok Choy Tip 0.61lb,$7.31,In Stock,/collections/all/products/organic-shanghai-bok-choy-tip-0-66lb,2025-11-28 16:31:56
Josie Organic Celery 1Lb,$4.29,In Stock,/collections/all/products/josie-organic-celery-1lb,2025-11-28 16:31:56
Jonathans Organic Pea Shoots 6Oz,$11.49,In Stock,/collections/all/products/jonathans-organic-pea-shoots-6oz,2025-11-28 16:31:56
Organic Grape Tomatoes 10Oz,$5.29,In Stock,/collections/all/products/organic-grape-tomatoes-10oz,2025-11-28 16:31:56
Sunset Org Campari Tomatoes 12Oz,$8.29,In Stock,/collections/all/products/sunset-org-campari-tomatoes-12oz,2025-11-28 16:31:56
Organic Cherry Tomatoes 1Pt,$5.49,In Stock,/collections/all/products/organic-cherry-tomatoes-1pt,2025-11-28 16:31:56
"Organic Celery Hearts Pk, Usa",$4.99,In Stock,/collections/all/products/organic-celery-hearts-pk-usa,2025-11-28 16:31:56
Taoshan Milk  Ice Cream 3Pk 7.2Oz,$15.29,In Stock,/collections/all/products/taoshan-milk-ice-cream-3pk-7-2oz,2025-11-28 16:31:56
Josies Organic Romaine Hearts 12Oz,$7.29,In Stock,/collections/all/products/josies-organic-romaine-hearts-12oz,2025-11-28 16:31:56
Organic Girl Super Spinach 5Oz,$5.99,In Stock,/collections/all/products/organic-girl-super-spinach-5oz,2025-11-28 16:31:56
Ns Toomba Spicy&Creamy Bowl 3.73Oz,$3.99,In Stock,/collections/all/products/ns-toomba-spicy-creamy-bowl-3-73oz,2025-11-28 16:31:56
Nongshim Melon Kick Puff Snack 1.58Oz,$3.29,In Stock,/collections/all/products/nongshim-melon-kick-puff-snack-1-58oz,2025-11-28 16:31:56
Ns Shrimp Chip Salsa Picante 45G,$3.29,In Stock,/collections/all/products/ns-shrimp-chip-salsa-picante-45g,2025-11-28 16:31:56
Ns Shin Ramyun Red Spicy Beef 4.4Oz 1Pk,$13.29,In Stock,/collections/all/products/ns-shin-ramyun-red-spicy-beef-4-4oz-1pk,2025-11-28 16:31:56
Ns Shin Gold W/ Chicken Broth 4.58Oz,$3.99,In Stock,/collections/all/products/ns-shin-gold-w-chicken-broth-4-58oz,2025-11-28 16:31:56
Ns Green Mushroom & Fried Tofu 4.4Oz,$3.99,In Stock,/collections/all/products/ns-green-mushroom-fried-tofu-4-4oz,2025-11-28 16:31:56
Ns Potato Noodle Soup 3.52Oz,$2.99,In Stock,/collections/all/products/ns-potato-noodle-soup-3-52oz,2025-11-28 16:31:56
"Nongshim Toomba Spicy &Creamy 137g X 4Packs, 5.48g",$12.29,In Stock,/collections/all/products/nongshim-toomba-spicy-creamy-137g-x-4packs-5-48g,2025-11-28 16:31:56
Nongshim Toomba Spicy &Creamy 4.83Oz,$3.99,In Stock,/collections/all/products/nongshim-toomba-spicy-creamy-4-83oz,2025-11-28 16:31:56
Jackfruit 2.13lb,$6.37,In Stock,/collections/all/products/jackfruit-2-13lb,2025-11-28 16:31:56
Rambutan 0.41lb,$2.05,In Stock,/collections/all/products/rambutan-0-41lb,2025-11-28 16:31:56
Organic Banana 2.46lb,$3.49,In Stock,/collections/all/products/organic-banana-2-46lb,2025-11-28 16:31:56
Joes Brown Turkey Figs 8oz,$7.49,In Stock,/collections/all/products/joes-brown-turkey-figs-8oz,2025-11-28 16:31:56
Janos Yali Pears 4Pk,$7.99,In Stock,/collections/all/products/janos-yali-pears-4pk,2025-11-28 16:31:56
Yellow Dragon Fruit 0.95lb,$7.59,In Stock,/collections/all/products/yellow-dragon-fruit-0-95lb,2025-11-28 16:31:56
Red Dragon Fruit 0.74lb,$8.13,In Stock,/collections/all/products/red-dragon-fruit-0-74lb,2025-11-28 16:31:56
White Dragon Fruit 1.55lb,$6.18,In Stock,/collections/all/products/white-dragon-fruit-1-55lb,2025-11-28 16:31:56
Little Bear Baby Watermelon 1 Each,$7.99,In Stock,/collections/all/products/little-bear-baby-watermelon-1-each,2025-11-28 16:31:56
Honeydew Melon 1 Each,$5.99,In Stock,/collections/all/products/honeydew-melon-1-each,2025-11-28 16:31:56
Driscolls Sweet Batch 14oz,$13.99,In Stock,/collections/all/products/driscolls-sweet-batch-14oz,2025-11-28 16:31:56
Organic Fresh Medjools Date Coconut 10oz,$8.49,In Stock,/collections/all/products/organic-fresh-medjools-date-coconut-10oz,2025-11-28 16:31:56
Coco Thumb Organic Aromatic Coconut,$5.99,In Stock,/collections/all/products/coco-thumb-organic-aromatic-coconut,2025-11-28 16:31:56
Red Seedless Grapes,$9.56,In Stock,/collections/all/products/red-seedless-grapes,2025-11-28 16:31:56
Star Fruits 0.45lb,$4.50,In Stock,/collections/all/products/star-fruits-0-45lb,2025-11-28 16:31:56
Longan 0.53lb,$2.64,In Stock,/collections/all/products/longan-0-53lb,2025-11-28 16:31:56
Lychees 0.69lb,$2.75,In Stock,/collections/all/products/lychees-0-69lb,2025-11-28 16:31:56
Black Seedless Grapes,$9.79,In Stock,/collections/all/products/black-seedless-grapes,2025-11-28 16:31:56
Fresh Straw Coconut 1 Each,$4.99,In Stock,/collections/all/products/fresh-straw-coconut-1-each,2025-11-28 16:31:56
Korean Shingo Pears 9ct/11lb,$49.99,In Stock,/collections/all/products/korean-shingo-pears-9ct-11lb,2025-11-28 16:31:56
Blood Orange 1 Each,$1.79,In Stock,/collections/all/products/blood-orange-1-each,2025-11-28 16:31:56
Sunkist Grapefruit 1 Each,$1.99,In Stock,/collections/all/products/sunkist-grapefruit-1-each,2025-11-28 16:31:56
Envy Sweet Apple 1 Each,$3.49,In Stock,/collections/all/products/envy-sweet-apple-1-each,2025-11-28 16:31:56
Quince Apple,$5.99,In Stock,/collections/all/products/quince-apple,2025-11-28 16:31:56
Mandarin Murcott 1 Each,$1.29,In Stock,/collections/all/products/mandarin-murcott,2025-11-28 16:31:56
Grape Mix Salad,$5.03,In Stock,/collections/all/products/grape-mix-salad,2025-11-28 16:31:56
Beef Neck Bone (Frozen) 2.22lb,$8.86,In Stock,/collections/all/products/beef-neck-bone-frozen-2-22lb,2025-11-28 16:31:56
Pork Hock (Frozen) 2.44lb,$7.30,In Stock,/collections/all/products/pork-hock-frozen-2-44lb,2025-11-28 16:31:56
Natural Chicken Thighs 0.90lb,$6.29,In Stock,/collections/all/products/natural-chicken-thighs-0-90lb,2025-11-28 16:31:56
Natural Chicken Breast 1.02lb,$10.19,In Stock,/collections/all/products/natural-chicken-breast-1-02lb,2025-11-28 16:31:56
Natural Whole Chicken Cut Stew 1.18lb,$5.53,In Stock,/collections/all/products/natural-whole-chicken-cut-stew-1-18lb,2025-11-28 16:31:56
Natural Whole Chicken 2.39lb,$8.82,In Stock,/collections/all/products/natura-whole-chicken-2-39lb,2025-11-28 16:31:56
Pork Front Feet (Frozen) 2.28lb,$5.68,In Stock,/collections/all/products/pork-front-feet-frozen-2-28lb,2025-11-28 16:31:56
Pig Feet Cut(Hind Feet) (Frozen) 1.84lb,$6.42,In Stock,/collections/all/products/pig-feet-cuthind-feet-frozen-1-84lb,2025-11-28 16:31:56
Prime Flat Iron Roll Slice (Frozen),$12.50,In Stock,/collections/all/products/prime-flat-iron-roll-slice-frozen,2025-11-28 16:31:56
Prime Top Blade ShabuShabu (Frozen) 0.77lb,$19.24,In Stock,/collections/all/products/prime-top-blade-shabushabu-frozen-0-77lb,2025-11-28 16:31:56
Axe Spray Musk Canela & Ambar 150Ml,$4.99,In Stock,/collections/all/products/axe-spray-musk-canela-ambar-150ml,2025-11-28 16:31:56
Axe Spray Black Frozen Pear  150Ml,$4.99,In Stock,/collections/all/products/axe-spray-black-frozen-pear-150ml,2025-11-28 16:31:56
Dove Spray Apple&White Tea Scent 150Ml,$5.29,In Stock,/collections/all/products/dove-spray-apple-white-tea-scent-150ml,2025-11-28 16:31:56
&Honeymelty Moist Repair Treatmnt 14.9Oz,$26.99,In Stock,/collections/all/products/honeymelty-moist-repair-treatmnt-14-9oz,2025-11-28 16:31:56
Honey Milky Precious Ex Repair Shampoo,$29.99,In Stock,/collections/all/products/honey-milky-precious-ex-repair-shampoo,2025-11-28 16:31:56
Aiko Garden Mandarin Ice Cream 9Oz,$15.29,In Stock,/collections/all/products/aiko-garden-mandarin-ice-cream-9oz,2025-11-28 16:31:56
Aiko Garden  Mandarin Ice Cream 3Oz,$6.29,In Stock,/collections/all/products/aiko-garden-mandarin-ice-cream-3oz,2025-11-28 16:31:56
Aiko Garden Grape Ice Cream 9Oz,$15.29,In Stock,/collections/all/products/aiko-garden-grape-ice-cream-9oz,2025-11-28 16:31:56
Aiko Garden Grape Ice Cream 3Oz,$6.29,In Stock,/collections/all/products/aiko-garden-grape-ice-cream-3oz,2025-11-28 16:31:56
&Honeymelty Moist Repair Shampoo 14.9Oz,$26.99,In Stock,/collections/all/products/honeymelty-moist-repair-shampoo-14-9oz,2025-11-28 16:31:56
Dial Lavender & Jasmine Body Wash 16Oz,$10.29,In Stock,/collections/all/products/dial-lavender-jasmine-body-wash-16oz,2025-11-28 16:31:56
Dove Men+Care Deepclean Body Scrub 400Ml,$10.29,In Stock,/collections/all/products/dove-men-care-deepclean-body-scrub-400ml,2025-11-28 16:31:56
Dove Men Care Clean Cmf 13.5Oz,$10.29,In Stock,/collections/all/products/dove-men-care-clean-cmf-13-5oz,2025-11-28 16:31:56
Dove Coconut Shampoo 12Oz,$7.29,In Stock,/collections/all/products/dove-coconut-shampoo-12oz,2025-11-28 16:31:56
Dove Lavender & Volume Shm 12Oz,$8.99,In Stock,/collections/all/products/dove-lavender-volume-shm-12oz,2025-11-28 16:31:56
Dove Deep Moisture Body Wash 11Oz,$10.99,In Stock,/collections/all/products/dove-deep-moisture-body-wash-11oz,2025-11-28 16:31:56
Ht Toreta Drink 1.5L,$6.99,In Stock,/collections/all/products/ht-toreta-drink-1-5l,2025-11-28 16:31:56
Suntroy Oolong Tea 2L,$8.29,In Stock,/collections/all/products/suntroy-oolong-tea-2l,2025-11-28 16:31:56
Billionaire Sun Cake 190G,$15.29,In Stock,/collections/all/products/billionaire-sun-cake-190g,2025-11-28 16:31:56
Billionaire Taro Pastry 159G,$15.29,In Stock,/collections/all/products/billionaire-taro-pastry-159g,2025-11-28 16:31:56
Billionaire Egg Yolk Pastry 159G,$15.29,In Stock,/collections/all/products/billionaire-egg-yolk-pastry-159g,2025-11-28 16:31:56
Bumble Bee Light Tuna In Water 12oz,$5.99,In Stock,/collections/all/products/bumble-bee-light-tuna-in-water-12oz,2025-11-28 16:31:56
Yd Canned Bai-Top Shell 14.1Oz,$13.29,In Stock,/collections/all/products/yd-canned-bai-top-shell-14-1oz,2025-11-28 16:31:56
Dove Intensive Repair Cnd 12Oz,$8.79,In Stock,/collections/all/products/dove-intensive-repair-cnd-12oz,2025-11-28 16:31:56
Haenyeo Abalone In Brine 14.81Oz,$25.29,In Stock,/collections/all/products/haenyeo-abalone-in-brine-14-81oz,2025-11-28 16:31:56
Dw Spicy Bai Top Shell 400G,$10.99,In Stock,/collections/all/products/dw-spicy-bai-top-shell-400g,2025-11-28 16:31:56
Dove New Daily Moisture Conditioner/12Oz,$8.49,In Stock,/collections/all/products/dove-new-daily-moisture-conditioner-12oz,2025-11-28 16:31:56
Weichuan Canned Quail Eggs In Water 5Oz,$4.99,In Stock,/collections/all/products/weichuan-canned-quail-eggs-in-water-5oz,2025-11-28 16:31:56
Dongwo Light Standar 135G,$4.99,In Stock,/collections/all/products/dongwo-light-standar-135g,2025-11-28 16:31:56
Dove Sensitive Skin Body Wash 22Oz,$16.29,In Stock,/collections/all/products/dove-sensitive-skin-body-wash-22oz,2025-11-28 16:31:56
San Miguel Corned Beef With Juice 12Oz,$11.29,In Stock,/collections/all/products/san-miguel-corned-beef-with-juice-12oz,2025-11-28 16:31:56
Dongwon Stir Fry Curry Tuna  90G,$3.79,In Stock,/collections/all/products/dongwon-stir-fry-curry-tuna-90g,2025-11-28 16:31:56
O/Champ Minced Crab In Spices 5.6Oz,$2.99,In Stock,/collections/all/products/o-champ-minced-crab-in-spices-5-6oz,2025-11-28 16:31:56
Ito Shokuhin Can Iwashi Mizuni 6.7Oz,$6.99,In Stock,/collections/all/products/ito-shokuhin-can-iwashi-mizuni-6-7oz,2025-11-28 16:31:56
Jongga Canned Kimchi Fried 160G,$5.99,In Stock,/collections/all/products/jongga-canned-kimchi-fried-160g,2025-11-28 16:31:56
Quality Choice Baby Lotion 15Oz,$6.29,In Stock,/collections/all/products/quality-choice-baby-lotion-15oz,2025-11-28 16:31:56
Pantene Volume & Body Conditioner 25.1Oz,$12.99,In Stock,/collections/all/products/pantene-volume-body-conditioner-25-1oz,2025-11-28 16:31:56
Pantene Daily Moist Conditioner 25.1Oz,$12.99,In Stock,/collections/all/products/pantene-daily-moist-conditioner-25-1oz,2025-11-28 16:31:56
Pantene Smooth Sleek Conditioner 25.1Oz,$14.49,In Stock,/collections/all/products/pantene-smooth-sleek-conditioner-25-1oz,2025-11-28 16:31:56
Kao Merit Conditioner Pump 480Ml,$16.99,In Stock,/collections/all/products/kao-merit-conditioner-pump-480ml,2025-11-28 16:31:56
Hello Kitty Shower Towel 2P,$7.29,In Stock,/collections/all/products/hello-kitty-shower-towel-2p,2025-11-28 16:31:56
Kracie Ichikami Smoothing Shampoo 16.2Oz,$16.99,In Stock,/collections/all/products/kracie-ichikami-smoothing-shampoo-16-2oz,2025-11-28 16:31:56
Firefly Hello Kitty Tooth Brush,$3.29,In Stock,/collections/all/products/firefly-hello-kitty-tooth-brush,2025-11-28 16:31:56
Sanada Sushi Maki Mold 1Pc,$3.99,In Stock,/collections/all/products/sanada-sushi-maki-mold-1pc,2025-11-28 16:31:56
Kuromi With Surprise Toys Egg 0.62Oz,$2.29,In Stock,/collections/all/products/kuromi-with-surprise-toys-egg-0-62oz,2025-11-28 16:31:56
Hello Kitty Shower Towel(Soft),$7.99,In Stock,/collections/all/products/hello-kitty-shower-towelsoft,2025-11-28 16:31:56
Kose Coenrich Hand Cream Moist Gel 2.8Oz,$10.29,In Stock,/collections/all/products/kose-coenrich-hand-cream-moist-gel-2-8oz,2025-11-28 16:31:56
Hello Kitty With Surprise Toys Egg017.5G,$2.29,In Stock,/collections/all/products/hello-kitty-with-surprise-toys-egg017-5g,2025-11-28 16:31:56
Sanrio My Melody Hair Claw,$3.29,In Stock,/collections/all/products/sanrio-my-melody-hair-claw,2025-11-28 16:31:56
Banzai Bamboo Wooden Tea Spoon 2Set,$2.99,In Stock,/collections/all/products/banzai-bamboo-wooden-tea-spoon-2set,2025-11-28 16:31:56
Pj.Masks Power Heroes Surprise Egg 17.5G,$2.29,In Stock,/collections/all/products/pj-masks-power-heroes-surprise-egg-17-5g,2025-11-28 16:31:56
Pl. Pororo Edison Training Chopsticks,$8.29,In Stock,/collections/all/products/pl-pororo-edison-training-chopsticks-1,2025-11-28 16:31:56
Straight Toothpicks 1.5Mm,$3.29,In Stock,/collections/all/products/straight-toothpicks-1-5mm,2025-11-28 16:31:56
Tagami Hair Comb,$2.79,In Stock,/collections/all/products/tagami-hair-comb,2025-11-28 16:31:56
Lilfant Tooth Brush Kuromi 1Pc,$2.29,In Stock,/collections/all/products/lilfant-tooth-brush-kuromi-1pc,2025-11-28 16:31:56
Subaru Razor 2P,$3.29,In Stock,/collections/all/products/subaru-razor-2p,2025-11-28 16:31:56
Lilfant Tooth Brush Cinnamoroll 1Pc,$2.29,In Stock,/collections/all/products/lilfant-tooth-brush-cinnamoroll-1pc,2025-11-28 16:31:56
Razor For Eyebrows And Face 3P,$4.29,In Stock,/collections/all/products/razor-for-eyebrows-and-face-3p,2025-11-28 16:31:56
Laundry Soap Stain Remover,$3.29,In Stock,/collections/all/products/laundry-soap-stain-remover,2025-11-28 16:31:56
Underwear Laundry Soap,$3.99,In Stock,/collections/all/products/underwear-laundry-soap,2025-11-28 16:31:56
Rohto Vitamin C Brightening Essence 67Oz,$25.99,In Stock,/collections/all/products/rohto-vitamin-c-brightening-essence-67oz,2025-11-28 16:31:56
Lady Speed Stick Wild Freesia 1.8Oz,$4.29,In Stock,/collections/all/products/lady-speed-stick-wild-freesia-1-8oz,2025-11-28 16:31:56
Downy Hair Tweezer 1Ct,$3.29,In Stock,/collections/all/products/downy-hair-tweezer-1ct,2025-11-28 16:31:56
Subaru Razor 3P,$3.29,In Stock,/collections/all/products/subaru-razor-3p,2025-11-28 16:31:56
Sanrio Kuromi & My Melody Bangs Clip 2P,$3.99,In Stock,/collections/all/products/sanrio-kuromi-my-melody-bangs-clip-2p,2025-11-28 16:31:56
Story Namu Silicon Scrubber,$4.29,In Stock,/collections/all/products/story-namu-silicon-scrubber,2025-11-28 16:31:56
Pore Cleaning Stick,$3.79,In Stock,/collections/all/products/pore-cleaning-stick,2025-11-28 16:31:56
Tonymoly Peach Hand Cream,$9.29,In Stock,/collections/all/products/tonymoly-peach-hand-cream,2025-11-28 16:31:56
Hello Kitty Glove Type Shower Towl,$8.79,In Stock,/collections/all/products/hello-kitty-glove-type-shower-towl,2025-11-28 16:31:56
Byb Kombucha Hair Conditioner,$16.29,In Stock,/collections/all/products/byb-kombucha-hair-conditioner,2025-11-28 16:31:56
Balance Your Biome Kombucha Shampo 500Ml,$16.29,In Stock,/collections/all/products/balance-your-biome-kombucha-shampo-500ml,2025-11-28 16:31:56
Crest Plus Complete Scope Mint 5.4Oz,$7.29,In Stock,/collections/all/products/crest-plus-complete-scope-mint-5-4oz,2025-11-28 16:31:56
Colgate Maxfresh Cool Mint 6.3Oz,$8.29,In Stock,/collections/all/products/colgate-maxfresh-cool-mint-6-3oz,2025-11-28 16:31:56
Colgate Baking Soda Sparkling White 8Oz,$5.29,In Stock,/collections/all/products/colgate-baking-soda-sparkling-white-8oz,2025-11-28 16:31:56
Perioe Complete Protection Toothpaste,$5.79,In Stock,/collections/all/products/perioe-complete-protection-toothpaste,2025-11-28 16:31:56
Unlabel Lab Placenta 100Mpa Essence1.7Oz,$24.79,In Stock,/collections/all/products/unlabel-lab-placenta-100mpa-essence1-7oz,2025-11-28 16:31:56
Unlabel Lab Ceramide 100Mpa Essence1.7Oz,$20.99,In Stock,/collections/all/products/unlabel-lab-ceramide-100mpa-essence1-7oz,2025-11-28 16:31:56
Unlabel Lab Retinol 100Pa Essence  1.7Oz,$27.99,In Stock,/collections/all/products/unlabel-lab-retinol-100pa-essence-1-7oz,2025-11-28 16:31:56
Unlabel Lab Vitamina C 100Mpa  E. 1.7Oz,$30.79,In Stock,/collections/all/products/unlabel-lab-vitamina-c-100mpa-e-1-7oz,2025-11-28 16:31:56
Dial Spring Water Refresh&Renew 3Pk,$6.99,In Stock,/collections/all/products/dial-spring-water-refresh-renew-3pk,2025-11-28 16:31:56
Dial Bar Soap Mountain Fresh 3/4Oz,$6.99,In Stock,/collections/all/products/dial-bar-soap-mountain-fresh-3-4oz,2025-11-28 16:31:56
Caress Daily Silk 2Pk,$6.29,In Stock,/collections/all/products/caress-daily-silk-2pk,2025-11-28 16:31:56
Mgh Sodium Percarbonate Laundry Soap,$3.99,In Stock,/collections/all/products/mgh-sodium-percarbonate-laundry-soap,2025-11-28 16:31:56
Mugunghwa Laundry Soap,$3.99,In Stock,/collections/all/products/mugunghwa-laundry-soap,2025-11-28 16:31:56
Elmhurst Milked Oat Barista Edition 32Oz,$9.49,In Stock,/collections/all/products/elmhurst-milked-oat-barista-edition-32oz,2025-11-28 16:31:56
Elmhurst Milked Hazelnut Unswtnd 32Oz,$10.29,In Stock,/collections/all/products/elmhurst-milked-hazelnut-unswtnd-32oz,2025-11-28 16:31:56
Minor Figures Org Barista Oat Milk 32Oz,$7.29,In Stock,/collections/all/products/minor-figures-org-barista-oat-milk-32oz,2025-11-28 16:31:56
Kracie Ichikami Moistrzng Shampoo 16.2Oz,$14.99,In Stock,/collections/all/products/kracie-ichikami-moistrzng-shampoo-16-2oz,2025-11-28 16:31:56
Hada Nature Head Spa Shampoo 5.2Oz,$24.29,In Stock,/collections/all/products/hada-nature-head-spa-shampoo-5-2oz,2025-11-28 16:31:56
Rohto Melano Cc Lotion 5.7Oz,$23.99,In Stock,/collections/all/products/rohto-melano-cc-lotion-5-7oz,2025-11-28 16:31:56
Sana Nameraka Mild Skin Lotion 6.8Oz,$14.99,In Stock,/collections/all/products/sana-nameraka-mild-skin-lotion-6-8oz,2025-11-28 16:31:56
Sana Nameraka Whrinkle Lotion 6.8Oz,$16.29,In Stock,/collections/all/products/sana-nameraka-whrinkle-lotion-6-8oz,2025-11-28 16:31:56
Sana Vaserhythm Face Wash  5Oz,$17.29,In Stock,/collections/all/products/sana-vaserhythm-face-wash-5oz,2025-11-28 16:31:56
Reveur Smooth & Moist Treatment 16.9Oz,$25.99,In Stock,/collections/all/products/reveur-smooth-moist-treatment-16-9oz,2025-11-28 16:31:56
Kao Biore Marshmallow Whip Moisture 5Oz,$15.29,In Stock,/collections/all/products/kao-biore-marshmallow-whip-moisture-5oz,2025-11-28 16:31:56
Sana Nameraka Brigthtening Emulsion4.4Oz,$14.99,In Stock,/collections/all/products/sana-nameraka-brigthtening-emulsion4-4oz,2025-11-28 16:31:56
Bcl Momo Puri Barrier Milk 5Oz,$14.99,In Stock,/collections/all/products/bcl-momo-puri-barrier-milk-5oz,2025-11-28 16:31:56
Sana Namerkara Emulsion 150Ml,$15.29,In Stock,/collections/all/products/sana-namerkara-emulsion-150ml,2025-11-28 16:31:56
Cold Food Eel Lunchbox,$14.99,In Stock,/collections/all/products/cold-food-eel-lunchbox,2025-11-28 16:31:56
Trimona Bulgrain Yogurt 32Oz,$7.99,In Stock,/collections/all/products/trimona-bulgrain-yogurt-32oz,2025-11-28 16:31:56
Cold Food Spicy Bulgogi Lunchbox,$14.99,In Stock,/collections/all/products/cold-food-spicy-bulgogi-lunchbox,2025-11-28 16:31:56
Cold Food Bulgogi LunchBox,$14.99,In Stock,/collections/all/products/cold-food-bulgogi-lunchbox,2025-11-28 16:31:56
Cold Food Chicken Katsu Lunchbox,$15.99,In Stock,/collections/all/products/cold-food-chicken-katsu-lunchbox,2025-11-28 16:31:56
Hong Qi Xue Gao Ice Cream Lemon 75G,$6.29,In Stock,/collections/all/products/hong-qi-xue-gao-ice-cream-lemon-75g,2025-11-28 16:31:56
Hong Qi Xue Gao Ice Cream Lemon 3/ 90Ml,$15.29,In Stock,/collections/all/products/hong-qi-xue-gao-ice-cream-lemon-3-90ml,2025-11-28 16:31:56
Chobani Flip Strwbry Cheesecake 4.5Oz,$2.99,In Stock,/collections/all/products/chobani-flip-strwbry-cheesecake-4-5oz,2025-11-28 16:31:56
Bgr Strawberry Milk Drink 200Ml,$2.29,In Stock,/collections/all/products/bgr-strawberry-milk-drink-200ml,2025-11-28 16:31:56
Bgr Banana Milk Drink 200Ml,$2.29,In Stock,/collections/all/products/bgr-banana-milk-drink-200ml,2025-11-28 16:31:56
Bgr Taro Flavored Milk Drink 6.8Oz,$2.29,In Stock,/collections/all/products/bgr-taro-flavored-milk-drink-6-8oz,2025-11-28 16:31:56
Bgr Coffee Milk Drink 200Ml,$2.29,In Stock,/collections/all/products/bgr-coffee-milk-drink-200ml,2025-11-28 16:31:56
Odyssey Feta Chunk Traditional 8Oz,$8.29,In Stock,/collections/all/products/odyssey-feta-chunk-traditional-8oz,2025-11-28 16:31:56
Mild Cheddar Cheese,$4.51,In Stock,/collections/all/products/mild-cheddar-cheese,2025-11-28 16:31:56
American Slices Cheese,$5.77,In Stock,/collections/all/products/american-slices,2025-11-28 16:31:56
President Butter Salted 7Oz,$7.29,In Stock,/collections/all/products/president-butter-salted-7oz,2025-11-28 16:31:56
President Butter Unsalted 7Oz,$7.29,In Stock,/collections/all/products/president-butter-unsalted-7oz,2025-11-28 16:31:56
Orange Boba Milk Tea Ice Bar 5/325Ml,$9.29,In Stock,/collections/all/products/orange-boba-milk-tea-ice-bar-5-325ml,2025-11-28 16:31:56
Ht Bravo Vanilla Plus 5/5.4Oz,$16.29,In Stock,/collections/all/products/ht-bravo-vanilla-plus-5-5-4oz,2025-11-28 16:31:56
Pulmuone Fresh Natto Original 6Pack,$9.99,In Stock,/collections/all/products/pulmuone-fresh-natto-original-6pack,2025-11-28 16:31:56
One Vegan Dumpling Mushroom 14.8Oz,$7.99,In Stock,/collections/all/products/one-vegan-dumpling-mushroom-14-8oz,2025-11-28 16:31:56
Hamaotome Sesame Seed Goma Suri S.1.59Oz,$3.29,In Stock,/collections/all/products/hamaotome-sesame-seed-goma-suri-s-1-59oz,2025-11-28 16:31:56
Goma Sesame Seeds 1.76Oz,$3.29,In Stock,/collections/all/products/goma-sesame-seeds-1-76oz,2025-11-28 16:31:56
Boongs Sushi Crunch California Roll,$9.00,In Stock,/collections/all/products/boongs-sushi-crunch-california-roll,2025-11-28 16:31:56
Boongs Sushi Salmon/Tuna Mini Roll,$14.00,In Stock,/collections/all/products/boongs-sushi-salmon-tuna-mini-roll,2025-11-28 16:31:56
Ht Bravo Milk Frzn Dessert Cones 5/180Ml,$15.99,In Stock,/collections/all/products/ht-bravo-milk-frzn-dessert-cones-5-180ml,2025-11-28 16:31:56
Haitai Bravo Cone Choco Chunk 5Pk,$15.99,In Stock,/collections/all/products/haitai-bravo-cone-choco-chunk-5pk,2025-11-28 16:31:56
Ht Bravo Strawberry Cones 4Pack 20.29Oz,$11.29,In Stock,/collections/all/products/ht-bravo-strawberry-cones-4pack-20-29oz,2025-11-28 16:31:56
Gugen Tofu Tiramisu Chestnut Flv 6.35Oz,$10.99,In Stock,/collections/all/products/gugen-tofu-tiramisu-chestnut-flv-6-35oz,2025-11-28 16:31:56
New City Cannoli Ice Cream  14Oz,$10.99,In Stock,/collections/all/products/new-city-cannoli-ice-cream-14oz,2025-11-28 16:31:56
One Vegan Dumplings Vegetables  14.8Oz,$7.99,In Stock,/collections/all/products/one-vegan-dumplings-vegetables-14-8oz,2025-11-28 16:31:56
One Vegan Dumpling Kimchi 14.8Oz,$7.99,In Stock,/collections/all/products/one-vegan-dumpling-kimchi-14-8oz,2025-11-28 16:31:56
Maeda Yuzu Sherbet 1Pt,$7.29,In Stock,/collections/all/products/maeda-yuzu-sherbet-1pt,2025-11-28 16:31:56
Lotte Korean Hotcake Hotteok  15.87Oz,$15.29,In Stock,/collections/all/products/lotte-korean-hotcake-hotteok-15-87oz,2025-11-28 16:31:56
Dongwon Dim Sum Cheongfun  19.4Oz,$9.79,In Stock,/collections/all/products/dongwon-dim-sum-cheongfun-19-4oz,2025-11-28 16:31:56
Chef Shuo Lamb Offal Soup 21Oz,$15.29,In Stock,/collections/all/products/chef-shuo-lamb-offal-soup-21oz,2025-11-28 16:31:56
Lotte Sweet Honey Pancake 8.11Oz,$4.29,In Stock,/collections/all/products/lotte-sweet-honey-pancake-8-11oz,2025-11-28 16:31:56
Hansang Squid&Radish Soup 1.1Lb 1,$7.29,In Stock,/collections/all/products/hansang-squid-radish-soup-1-1lb-1,2025-11-28 16:31:56
Daedoo Premium Corn Bread 14.8Oz,$15.29,In Stock,/collections/all/products/daedoo-premium-corn-bread-14-8oz,2025-11-28 16:31:56
W. Chuan Mini Lotus Leaf Bun 500G,$6.29,In Stock,/collections/all/products/w-chuan-mini-lotus-leaf-bun-500g,2025-11-28 16:31:56
Wang Pocha Korean Sausage 16.4Oz,$25.29,In Stock,/collections/all/products/wang-pocha-korean-sausage-16-4oz,2025-11-28 16:31:56
Crazy Cuizine Orange Chicken 22Oz,$14.99,In Stock,/collections/all/products/crazy-cuizine-orange-chicken-22oz,2025-11-28 16:31:56
Crazy Cuizine Cripy Chicken Honey 22Oz,$14.99,In Stock,/collections/all/products/crazy-cuizine-cripy-chiken-honey-22oz,2025-11-28 16:31:56
Miyako Jap Sanuki Style Udon 5/8.8Oz,$8.29,In Stock,/collections/all/products/miyako-jap-sanuki-style-udon-5-8-8oz,2025-11-28 16:31:56
Dy Roasted Bartail Flathead Angler 60G,$4.99,In Stock,/collections/all/products/dy-roasted-bartail-flathead-angler-60g,2025-11-28 16:31:56
Mil Gochugaru Korean Chile Flakes 3.25Oz,$11.29,In Stock,/collections/all/products/mil-gochugaru-korean-chile-flakes-3-25oz,2025-11-28 16:31:56
Hanamaruki Shiro Miso Soup 27G,$4.99,In Stock,/collections/all/products/hanamaruki-shiro-miso-soup-27g,2025-11-28 16:31:56
Hanamaruki Aka Miso Soup 27G,$4.99,In Stock,/collections/all/products/hanamaruki-aka-miso-soup-27g,2025-11-28 16:31:56
Otoki Udon Tempura Noodle Bowl 3.88Oz,$4.29,In Stock,/collections/all/products/otoki-udon-tempura-noodle-bowl-3-88oz,2025-11-28 16:31:56
Jml Premium Inst Noodles Rst Pork 2.82Oz,$2.99,In Stock,/collections/all/products/jml-premium-inst-noodles-rst-pork-2-82oz,2025-11-28 16:31:56
Otoki Cheesy Ramen Spicy 3.92Oz,$11.29,In Stock,/collections/all/products/otoki-cheesy-ramen-spicy-3-92oz,2025-11-28 16:31:56
Ottogi Stir Fry Cheesy Ramen Chdr 15.5Oz,$11.29,In Stock,/collections/all/products/ottogi-stir-fry-cheesy-ramen-chdr-15-5oz,2025-11-28 16:31:56
Wang Fired Sesame Ball 13.4Oz,$6.29,In Stock,/collections/all/products/wang-fired-sesame-ball-13-4oz,2025-11-28 16:31:56
Aroy D Frozen Sticky Rice W/ Mango 250G,$11.79,In Stock,/collections/all/products/aroy-d-frozen-sticky-rice-w-mango-250g,2025-11-28 16:31:56
Lotte Yorihada Plant Blackbean 11.64Oz,$9.29,In Stock,/collections/all/products/lotte-yorihada-plant-blackbean-11-64oz,2025-11-28 16:31:56
Ltte Yorihada Plant Based Japchae 8.92Oz,$9.29,In Stock,/collections/all/products/ltte-yorihada-plant-based-japchae-8-92oz,2025-11-28 16:31:56
Sura Tempura Powder 2Lb,$7.29,In Stock,/collections/all/products/sura-tempura-powder-2lb,2025-11-28 16:31:56
Otg Frying Mix 1Kg,$6.29,In Stock,/collections/all/products/otg-frying-mix-1kg,2025-11-28 16:31:56
Le Sweetened Coconut Flakes 14Oz,$6.29,In Stock,/collections/all/products/le-sweetened-coconut-flakes-14oz,2025-11-28 16:31:56
Hamaotome Sesame Seeds Goma Suri  1.59Oz,$3.29,In Stock,/collections/all/products/hamaotome-sesame-seeds-goma-suri-1-59oz,2025-11-28 16:31:56
Goma Iri Shiro Sesame Seed 50G,$3.29,In Stock,/collections/all/products/goma-iri-shiro-sesame-seed-50g,2025-11-28 16:31:56
Pickzzi Mushroom Pickle Soysauce10.52Oz,$7.79,In Stock,/collections/all/products/pickzzi-mushroom-pickle-soysauce10-52oz-1,2025-11-28 16:31:56
Youki Miniku Oroshi Garlic Paste 3.53Oz,$6.29,In Stock,/collections/all/products/youki-miniku-oroshi-garlic-paste-3-53oz,2025-11-28 16:31:56
Greenhat Whole Black Garlic 8.8Oz,$13.29,In Stock,/collections/all/products/pickzzi-mushroom-pickle-soysauce10-52oz,2025-11-28 16:31:56
Ice Cafe Coffee Hazelnut Flavor 190Ml,$1.79,In Stock,/collections/all/products/ice-cafe-coffee-hazelnut-flavor-190ml,2025-11-28 16:31:56
Cantabile Hazelnut Pouch 190Ml,$2.29,In Stock,/collections/all/products/cantabile-hazelnut-pouch-190ml,2025-11-28 16:31:56
Coffee Bean Pouch Drink Americano  230Ml,$2.29,In Stock,/collections/all/products/coffee-bean-pouch-drink-americano-230ml,2025-11-28 16:31:56
Tamaruya Shizuoka Wasabi 42G,$6.29,In Stock,/collections/all/products/tamaruya-shizuoka-wasabi-42g,2025-11-28 16:31:56
Cjo Hot Mustard Pasted 35G,$3.29,In Stock,/collections/all/products/cjo-hot-mustard-pasted-35g,2025-11-28 16:31:56
Ofood Wasabi Paste 3.3Oz,$5.79,In Stock,/collections/all/products/ofood-wasabi-paste-3-3oz,2025-11-28 16:31:56
Cantabile Watermelon Ade Pouch 130Ml,$2.29,In Stock,/collections/all/products/cantabile-watermelon-ade-pouch-130ml,2025-11-28 16:31:56
Cantabile Pineaple Flavored Ade  230Ml,$2.29,In Stock,/collections/all/products/cantabile-pineaple-flavored-ade-230ml,2025-11-28 16:31:56
Cantabile Pomegranate Ade 230Ml,$2.29,In Stock,/collections/all/products/cantabile-pomegranate-ade-230ml,2025-11-28 16:31:56
Rao Four Cheese Sauce 24Oz,$13.29,In Stock,/collections/all/products/rao-four-cheese-sauce-24oz,2025-11-28 16:31:56
Raos Homemade Roasted Garlic 24Oz,$13.29,In Stock,/collections/all/products/raos-homemade-roasted-garlic-24oz,2025-11-28 16:31:56
Rao Vodka Sauce 24Oz,$13.29,In Stock,/collections/all/products/rao-vodka-sauce-24oz,2025-11-28 16:31:56
Rao Arrabbiata Sauce 24Oz,$13.29,In Stock,/collections/all/products/rao-arrabbiata-sauce-24oz,2025-11-28 16:31:56
Rao Tomato Herb Sauce 24Oz,$13.29,In Stock,/collections/all/products/rao-tomato-herb-sauce-24oz,2025-11-28 16:31:56
Sclafani Crushed Tomato 28Oz,$6.29,In Stock,/collections/all/products/sclafani-crushed-tomato-28oz,2025-11-28 16:31:56
Sclafani Tomato Puree 28Oz,$6.29,In Stock,/collections/all/products/sclafani-tomato-puree-28oz,2025-11-28 16:31:56
Alessi Sundried Tomatoes  7Oz,$8.29,In Stock,/collections/all/products/alessi-sundried-tomatoes-7oz,2025-11-28 16:31:56
Dececco Linguine No. 7 1Lb,$4.29,In Stock,/collections/all/products/dececco-linguine-no-7-1lb,2025-11-28 16:31:56
Barilla Linguine 16Oz,$3.29,In Stock,/collections/all/products/barilla-linguine-16oz,2025-11-28 16:31:56
Casa Milo Farfalle Tricolore 16Oz,$4.29,In Stock,/collections/all/products/casa-milo-farfalle-tricolore-16oz,2025-11-28 16:31:56
Felicia Organic Oat Penne 12Oz,$6.29,In Stock,/collections/all/products/felicia-organic-oat-penne-12oz,2025-11-28 16:31:56
Barilla Gluten Free Penne 12Oz,$5.29,In Stock,/collections/all/products/barilla-gluten-free-penne-12oz,2025-11-28 16:31:56
Ronzoni Gluten Free Elbow 12Oz,$4.79,In Stock,/collections/all/products/ronzoni-gluten-free-elbow-12oz,2025-11-28 16:31:56
Felicia Brown Rice Spirulina Fusil8.8Oz,$6.29,In Stock,/collections/all/products/felicia-brown-rice-spirulina-fusil8-8oz,2025-11-28 16:31:56
Ronzonigarden Delight Veggie Rotini 12Oz,$3.29,In Stock,/collections/all/products/ronzonigarden-delight-veggie-rotini-12oz,2025-11-28 16:31:56
Baris Extra Dark Chocolate 5.3Oz,$10.79,In Stock,/collections/all/products/baris-extra-dark-chocolate-5-3oz,2025-11-28 16:31:56
Maeda Red Bean Ice Cream 1pt,$7.29,In Stock,/collections/all/products/maeda-red-bean-ice-cream-1pt,2025-11-28 16:31:56
Lollys Grapes Dark Chocolate Almond 6Oz,$12.29,In Stock,/collections/all/products/lollys-grapes-dark-chocolate-almond-6oz,2025-11-28 16:31:56
Lollys Frozen Grapes Dark Chocolate  6Oz,$12.29,In Stock,/collections/all/products/lollys-frozen-grapes-dark-chocolate-6oz,2025-11-28 16:31:56
Lollys Grapes Dark Chocolate Coconut 6Oz,$12.29,In Stock,/collections/all/products/lollys-grapes-dark-chocolate-coconut-6oz,2025-11-28 16:31:56
Maeda Lychee Ice Cream 1Pt,$7.79,In Stock,/collections/all/products/maeda-lychee-ice-cream-1pt,2025-11-28 16:31:56
Maeda Mango Ice Cream Cup 1Pt,$8.79,In Stock,/collections/all/products/maeda-mango-ice-cream-cup-1pt,2025-11-28 16:31:56
Lalasweet Milk Pint 330 474Ml,$9.79,In Stock,/collections/all/products/lalasweet-milk-pint-330-474ml,2025-11-28 16:31:56
Baris White & Milk Chocolate 5.3Oz,$10.79,In Stock,/collections/all/products/baris-white-milk-chocolate-5-3oz,2025-11-28 16:31:56
One Vegan Dumpling Japchae 14.8Oz,$7.79,In Stock,/collections/all/products/one-vegan-dumpling-japchae-14-8oz,2025-11-28 16:31:56
Synear Plain Pancakes 450G,$6.79,In Stock,/collections/all/products/synear-plain-pancakes-450g,2025-11-28 16:31:56
Crd Vegetable Bun 9Oz,$5.79,In Stock,/collections/all/products/crd-vegetable-bun-9oz,2025-11-28 16:31:56
Badaone  Soup Stock  Spicy 3.52Oz,$12.29,In Stock,/collections/all/products/badaone-soup-stock-spicy-3-52oz,2025-11-28 16:31:56
Badaone Soup Stock Original 3.52Oz,$12.29,In Stock,/collections/all/products/badaone-soup-stock-original-3-52oz,2025-11-28 16:31:56
Rhapsody Natural Natto Large Bean 3.5Oz,$6.29,In Stock,/collections/all/products/rhapsody-natural-natto-large-bean-3-5oz,2025-11-28 16:31:56
Rhapsody Natto Small Bean 3.5Oz,$6.29,In Stock,/collections/all/products/rhapsody-natto-small-bean-3-5oz,2025-11-28 16:31:56
Starkist Tuna Creations Deli Salad 3Oz,$2.79,In Stock,/collections/all/products/starkist-tuna-creations-deli-salad-3oz,2025-11-28 16:31:56
Sura Sweet Red Bean Bun Corn 9Oz,$5.29,In Stock,/collections/all/products/sura-sweet-red-bean-bun-corn-9oz,2025-11-28 16:31:56
Wow Bao Cheeseburger Bao 10Oz,$14.29,In Stock,/collections/all/products/wow-bao-cheeseburger-bao-10oz,2025-11-28 16:31:56
Bibigo Chicken Soy Garlic Sauce  18Oz,$25.49,In Stock,/collections/all/products/bibigo-chicken-soy-garlic-sauce-18oz,2025-11-28 16:31:56
Tokai Dried Pepper 0.71Oz,$3.79,In Stock,/collections/all/products/tokai-dried-pepper-0-71oz,2025-11-28 16:31:56
Baris White & Dark Chocolate  5.3Oz 1,$10.99,In Stock,/collections/all/products/baris-white-dark-chocolate-5-3oz-1,2025-11-28 16:31:56
Myriad Cha Siu Pork Buns 28Oz,$14.99,In Stock,/collections/all/products/myriad-cha-siu-pork-buns-28oz,2025-11-28 16:31:56
W.Chuan Cha Shu Bun 23Oz,$11.99,In Stock,/collections/all/products/w-chuan-cha-shu-bun-23oz,2025-11-28 16:31:56
W.Chuan Hongkong Style Cha Shu Bun 23Oz,$11.99,In Stock,/collections/all/products/w-chuan-hongkong-style-cha-shu-bun-23oz,2025-11-28 16:31:56
Dongwon Seasoned French Fries 650G,$9.79,In Stock,/collections/all/products/dongwon-seasoned-french-fries-650g,2025-11-28 16:31:56
Sura Vegetable Bun 9Oz,$5.29,In Stock,/collections/all/products/sura-vegetable-bun-9oz,2025-11-28 16:31:56
Kcc Hokkaido Natto  4.94Oz,$4.29,In Stock,/collections/all/products/kcc-hokkaido-natto-4-94oz,2025-11-28 16:31:56
Wang Sweet Rice Pancake Green Tea 3/6.34,$5.29,In Stock,/collections/all/products/wang-sweet-rice-pancake-green-tea-3-6-34,2025-11-28 16:31:56
Cj Bibigo Fried Battered Squid  180G,$7.99,In Stock,/collections/all/products/cj-bibigo-fried-battered-squid-180g,2025-11-28 16:31:56
Cs Bunmoja Tteokbokki 9.69Oz,$6.79,In Stock,/collections/all/products/cs-bunmoja-tteokbokki-9-69oz,2025-11-28 16:31:56
Haitian Premium Soy Sauce 750Ml,$10.29,In Stock,/collections/all/products/haitian-premium-soy-sauce-750ml,2025-11-28 16:31:56
Haday Mushroom Dark Soysauce 16.9Oz,$6.29,In Stock,/collections/all/products/haday-mushroom-dark-soysauce-16-9oz,2025-11-28 16:31:56
K&F Turmeric Ginger Bone Broth 16.9Oz,$10.29,In Stock,/collections/all/products/k-f-turmeric-ginger-bone-broth-16-9oz,2025-11-28 16:31:56
K.Basics Unsalted Vegetable Stock 8.25Oz,$4.29,In Stock,/collections/all/products/k-basics-unsalted-vegetable-stock-8-25oz,2025-11-28 16:31:56
K&F Lemongrass Ginger Beef Broth 16.9Oz,$10.29,In Stock,/collections/all/products/k-f-lemongrass-ginger-beef-broth-16-9oz,2025-11-28 16:31:56
K&F Chipotle Beef Broth 16.9Oz,$10.29,In Stock,/collections/all/products/k-f-chipotle-beef-broth-16-9oz,2025-11-28 16:31:56
K.Basics Bone Broth Chicken Orig 233G,$4.29,In Stock,/collections/all/products/k-basics-bone-broth-chicken-orig-233g,2025-11-28 16:31:56
Kikkoman Yuzu Ponzu Citrus Season 10Oz,$5.79,In Stock,/collections/all/products/kikkoman-yuzu-ponzu-citrus-season-10oz,2025-11-28 16:31:56
Kkm Ponzu Lime 10Oz,$5.29,In Stock,/collections/all/products/kkm-ponzu-lime-10oz,2025-11-28 16:31:56
Pinkglow Pineapple 1 Each,$11.99,In Stock,/collections/all/products/pinkglow-pineapples-1-each,2025-11-28 16:31:56
Mesclun Salad Balsamic With Olive Oil,$7.99,In Stock,/collections/all/products/mesclun-salad-balsamic-with-olive-oil,2025-11-28 16:31:56
Grilled Chicken Salad Dressing. Blue Cheese,$7.99,In Stock,/collections/all/products/grilled-chicken-salad-dressing-blue-cheese,2025-11-28 16:31:56
Baby Spinach Salad Dressing. Ranch,$7.99,In Stock,/collections/all/products/baby-spinach-salad-dressing-ranch,2025-11-28 16:31:56
Baby Argula Salad Dijon Honey Mustard,$7.99,In Stock,/collections/all/products/baby-argula-salad-dijon-honey-mustard,2025-11-28 16:31:56
Romaine Salad Dressing. Sesame Flavored,$7.99,In Stock,/collections/all/products/romaine-salad-dressing-sesame-flavored,2025-11-28 16:31:56
Haday Signature Dark Soy Sauce 16.9Oz,$6.29,In Stock,/collections/all/products/haday-signature-dark-soy-sauce-16-9oz,2025-11-28 16:31:56
Haitian Superior Light Soy Sauce 16.9Oz,$6.29,In Stock,/collections/all/products/haitian-superior-light-soy-sauce-16-9oz,2025-11-28 16:31:56
Cjo Anchovy Sauce 28Oz,$9.29,In Stock,/collections/all/products/cjo-anchovy-sauce-28oz,2025-11-28 16:31:56
Haitian Premium Haday Seasoned 500Ml,$5.29,In Stock,/collections/all/products/haitian-premium-haday-seasoned-500ml,2025-11-28 16:31:56
Hon Bai Rice Cooking Michiu Tou 750Ml,$9.29,In Stock,/collections/all/products/hon-bai-rice-cooking-michiu-tou-750ml,2025-11-28 16:31:56
Otg Cooking Sauce 360Ml,$5.49,In Stock,/collections/all/products/otg-cooking-sauce-360ml,2025-11-28 16:31:56
Surasang Mustard With Gochujang 11.28Oz,$9.29,In Stock,/collections/all/products/surasang-mustard-with-gochujang-11-28oz,2025-11-28 16:31:56
Soy Shoda Marudaizu Shoyu Sauce 16.91Oz,$15.29,In Stock,/collections/all/products/soy-shoda-marudaizu-shoyu-sauce-16-91oz,2025-11-28 16:31:56
Dongwon Tuna Extract Sauce 17.63Oz,$8.99,In Stock,/collections/all/products/dongwon-tuna-extract-sauce-17-63oz,2025-11-28 16:31:56
Hcd Hot Pepper Paste Very Hot 1.1Lb,$6.29,In Stock,/collections/all/products/hcd-hot-pepper-paste-very-hot-1-1lb,2025-11-28 16:31:56
Kkm Gluten Free Teriyaki Sauce 10Oz,$6.99,In Stock,/collections/all/products/kkm-gluten-free-teriyaki-sauce-10oz,2025-11-28 16:31:56
Cjo Apple Vinegar Double 500Ml,$5.29,In Stock,/collections/all/products/cjo-apple-vinegar-double-500ml,2025-11-28 16:31:56
Otg Bibim Sauce 500G,$11.29,In Stock,/collections/all/products/otg-bibim-sauce-500g,2025-11-28 16:31:56
Kkm Tempura Dipping Sauce 10Oz,$5.29,In Stock,/collections/all/products/kkm-tempura-dipping-sauce-10oz,2025-11-28 16:31:56
San-J Tamari Lite 50%Less Sodium 10Oz,$7.99,In Stock,/collections/all/products/san-j-tamari-lite-50-less-sodium-10oz,2025-11-28 16:31:56
Kong Yen Black Vinegar 10.1Oz,$2.99,In Stock,/collections/all/products/kong-yen-black-vinegar-10-1oz,2025-11-28 16:31:56
Wan Ja Shan Rice Vinegar 10Oz,$3.99,In Stock,/collections/all/products/wan-ja-shan-rice-vinegar-10oz,2025-11-28 16:31:56
Nongshim Jjapagetti Sauce 280G,$9.29,In Stock,/collections/all/products/nongshim-jjapagetti-sauce-280g,2025-11-28 16:31:56
Cjo Oligo Corn Syrup 700G,$7.29,In Stock,/collections/all/products/cjo-oligo-corn-syrup-700g,2025-11-28 16:31:56
Hinode Shinmiryo Junryo 13.5Oz,$5.29,In Stock,/collections/all/products/hinode-shinmiryo-junryo-13-5oz,2025-11-28 16:31:56
Kikkoman Ryorishu Coocking Sake 17Oz,$8.29,In Stock,/collections/all/products/kikkoman-ryorishu-coocking-sake-17oz,2025-11-28 16:31:56
Ofood Olico Apple Syrup 700Ml,$6.49,In Stock,/collections/all/products/ofood-olico-apple-syrup-700ml,2025-11-28 16:31:56
Berio Org Extra Virgin Olive Oil 16.9Oz,$18.29,In Stock,/collections/all/products/berio-org-extra-virgin-olive-oil-16-9oz,2025-11-28 16:31:56
Wesson Vegetable Oil 24Oz,$7.29,In Stock,/collections/all/products/wesson-vegetable-oil-24oz,2025-11-28 16:31:56
Kenko Arabiki Golden Goma 10.14Oz,$6.79,In Stock,/collections/all/products/kenko-arabiki-golden-goma-10-14oz,2025-11-28 16:31:56
Nisshin Pure Sesame Oil  4.58Oz,$5.79,In Stock,/collections/all/products/nisshin-pure-sesame-oil-4-58oz,2025-11-28 16:31:56
Agv Spicy Chili Sauce 5.8Oz,$5.29,In Stock,/collections/all/products/agv-spicy-chili-sauce-5-8oz,2025-11-28 16:31:56
Bulldog Tonkatsu Sauce 10.1Oz,$5.29,In Stock,/collections/all/products/bulldog-tonkatsu-sauce-10-1oz,2025-11-28 16:31:56
Superlucky Sichuang Sauce Garlic 12.3Oz,$7.79,In Stock,/collections/all/products/superlucky-sichuang-sauce-garlic-12-3oz,2025-11-28 16:31:56
Hot Crispy Oil Original 6Oz,$16.79,In Stock,/collections/all/products/hot-crispy-oil-original-6oz,2025-11-28 16:31:56
Wang Zhi He Sesame Paste 225G,$6.79,In Stock,/collections/all/products/wang-zhi-he-sesame-paste-225g,2025-11-28 16:31:56
Gyukaku Yakiniku No Tare Shio 7.4Oz,$5.29,Out of Stock,/collections/all/products/gyukaku-yakiniku-no-tare-shio-7-4oz-1,2025-11-28 16:31:56
Laksa Paste 16Oz,$7.29,In Stock,/collections/all/products/laksa-paste-16oz,2025-11-28 16:31:56
Clh Spicy Chilli Sauce 500G,$5.29,In Stock,/collections/all/products/clh-spicy-chilli-sauce-500g,2025-11-28 16:31:56
S.U.N Chili Crisp Sauce Extra Spicy 6Oz,$14.99,In Stock,/collections/all/products/s-u-n-chili-crisp-sauce-extra-spicy-6oz,2025-11-28 16:31:56
S.U.N Chili Crisp Sauce Hot Honey 7.7Oz,$14.99,In Stock,/collections/all/products/s-u-n-chili-crisp-sauce-hot-honey-7-7oz,2025-11-28 16:31:56
S.Shine Cage Free Md Brwon 12Eggs,$5.49,In Stock,/collections/all/products/s-shine-cage-free-md-brwon-12eggs,2025-11-28 16:31:56
Sunshine Cage Free Large 18Eggs,$8.99,In Stock,/collections/all/products/sunshine-cage-free-large-18eggs,2025-11-28 16:31:56
Sunshine Farms Large Brown 12 Eggs,$6.79,In Stock,/collections/all/products/sunshine-farms-large-brown-12-eggs,2025-11-28 16:31:56
N.Yoke Free Range Lg Brown 6Eggs,$5.49,In Stock,/collections/all/products/n-yoke-free-range-lg-brown-6eggs,2025-11-28 16:31:56
Yamaki Men Tsuyu Soup Base 16.7Oz,$7.79,In Stock,/collections/all/products/yamaki-men-tsuyu-soup-base-16-7oz,2025-11-28 16:31:56
Sura Vegan Kimchi Hot Sauce 7.77Oz,$9.99,In Stock,/collections/all/products/sura-vegan-kimchi-hot-sauce-7-77oz,2025-11-28 16:31:56
Kewpie Deep Rstd Sesame Dressing 500Ml,$12.99,In Stock,/collections/all/products/kewpie-deep-rstd-sesame-dressing-500ml,2025-11-28 16:31:56
Sk Wonton Skins 12Oz,$3.99,In Stock,/collections/all/products/sk-wonton-skins-12oz,2025-11-28 16:31:56
Cook Tok Wheat Flour Cakes Korea 21.16Oz,$4.99,In Stock,/collections/all/products/cook-tok-wheat-flour-cakes-korea-21-16oz,2025-11-28 16:31:56
Cook-Tok Korean Wheat Flour Cakes 1Kg,$7.29,In Stock,/collections/all/products/cook-tok-korean-wheat-flour-cakes-1kg,2025-11-28 16:31:56
Polar Salted And Gutted Hairtail 14Oz,$11.99,In Stock,/collections/all/products/polar-salted-and-gutted-hairtail-14oz,2025-11-28 16:31:56
Dw Belt Fish 400G,$10.99,In Stock,/collections/all/products/dw-belt-fish-400g,2025-11-28 16:31:56
Sy.Buldak Potato Original Spicy 4.23Oz,$9.49,In Stock,/collections/all/products/sy-buldak-potato-original-spicy-4-23oz,2025-11-28 16:31:56
Lf F Rice Cake With Spicy Sauce 11.64Oz,$7.79,In Stock,/collections/all/products/lf-f-rice-cake-with-spicy-sauce-11-64oz,2025-11-28 16:31:56
Ayo Ji Fried Fish Ball W/ Taro 8.82Oz,$7.79,In Stock,/collections/all/products/ayo-ji-fried-fish-ball-w-taro-8-82oz,2025-11-28 16:31:56
Polarbird Cooked White Clam 1Lb 1,$5.49,In Stock,/collections/all/products/polarbird-cooked-white-clam-1lb-1,2025-11-28 16:31:56
Polarbird Tilapia Fillets 2Lb,$13.99,In Stock,/collections/all/products/polarbird-tilapia-fillets-2lb,2025-11-28 16:31:56
Polarbird Flounder Fillets 2Lb,$17.49,In Stock,/collections/all/products/polarbird-flounder-fillets-2lb,2025-11-28 16:31:56
Polar Bird Pollock Fillets No Skin 2Lb,$11.99,In Stock,/collections/all/products/polar-bird-pollock-fillets-no-skin-2lb,2025-11-28 16:31:56
East Sea Frozen Roasted Eel Unagi 10Oz,$16.99,In Stock,/collections/all/products/east-sea-frozen-roasted-eel-unagi-10oz,2025-11-28 16:31:56
Miyako Miso Marinated Black Cod 6.35Oz,$20.49,In Stock,/collections/all/products/miyako-miso-marinated-black-cod-6-35oz,2025-11-28 16:31:56
Pb Frozen Half Cut Swimming Crab 2Lb,$12.99,In Stock,/collections/all/products/pb-frozen-half-cut-swimming-crab-2lb,2025-11-28 16:31:56
Sk Breaded Shrimp 4.7Oz,$6.29,In Stock,/collections/all/products/sk-breaded-shrimp-4-7oz,2025-11-28 16:31:56
Crd Frozen Oyster 8Oz,$7.29,In Stock,/collections/all/products/crd-frozen-oyster-8oz,2025-11-28 16:31:56
Pb Seafood Mix 1Lb,$9.49,In Stock,/collections/all/products/pb-seafood-mix-1lb,2025-11-28 16:31:56
Pb Seafood Mix 12Oz,$6.79,In Stock,/collections/all/products/pb-seafood-mix-12oz,2025-11-28 16:31:56
Save Plus Seafood Mix 14.1Oz,$8.29,In Stock,/collections/all/products/save-plus-seafood-mix-14-1oz,2025-11-28 16:31:56
Southern Bay Seafood Mix Medley 1Lb,$6.79,In Stock,/collections/all/products/southern-bay-seafood-mix-medley-1lb,2025-11-28 16:31:56
Shirakiku Tilapia Fillets 9Oz,$8.79,In Stock,/collections/all/products/shirakiku-tilapia-fillets-9oz,2025-11-28 16:31:56
Ryukakusan Throat Candy 120Max 1.4Oz,$3.29,In Stock,/collections/all/products/ryukakusan-throat-candy-120max-1-4oz,2025-11-28 16:31:56
Ryukakusan Throat Candy 1.4Oz,$2.29,In Stock,/collections/all/products/ryukakusan-throat-candy-1-4oz,2025-11-28 16:31:56
Halls Vita-C Strawberry 34G,$2.29,In Stock,/collections/all/products/halls-vita-c-strawberry-34g,2025-11-28 16:31:56
Min Jiom Herbal Candy Lemongrass 60G,$7.79,In Stock,/collections/all/products/min-jiom-herbal-candy-lemongrass-60g,2025-11-28 16:31:56
Min Jiom Herbal Candy Tangerine 2.11Oz,$7.29,In Stock,/collections/all/products/min-jiom-herbal-candy-tangerine-2-11oz,2025-11-28 16:31:56
Titanium Energy Chews Watermelon 1.23Oz,$5.49,In Stock,/collections/all/products/titanium-energy-chews-watermelon-1-23oz,2025-11-28 16:31:56
Wrigley's Spearmint Gum 15 Sticks,$2.99,In Stock,/collections/all/products/wrigleys-spearmint-gum-15-sticks,2025-11-28 16:31:56
"Wrigley's Doublemint Gum, 15 count",$2.99,In Stock,/collections/all/products/wrigleys-doublemint-gum-15-count,2025-11-28 16:31:56
Beemax  Dubai Cocholate & Pistacho  200G,$21.99,In Stock,/collections/all/products/beemax-dubai-cocholate-pistacho-200g,2025-11-28 16:31:56
Uha Mikakuto Cola Puchao 1.76Oz,$2.29,In Stock,/collections/all/products/uha-mikakuto-cola-puchao-1-76oz,2025-11-28 16:31:56
Barebell Choco Dough Protein Bar 55G,$5.49,In Stock,/collections/all/products/barebell-choco-dough-protein-bar-55g,2025-11-28 16:31:56
Barebells Salty Peanut Protein Bar 55G,$5.49,In Stock,/collections/all/products/barebells-salty-peanut-protein-bar-55g,2025-11-28 16:31:56
Quantum Caffe Mocha Almond Chip1.69Oz,$4.49,In Stock,/collections/all/products/quantum-caffe-mocha-almond-chip1-69oz,2025-11-28 16:31:56
Trubar Saltylicious Almond Love 1.76Oz,$4.49,In Stock,/collections/all/products/trubar-saltylicious-almond-love-1-76oz,2025-11-28 16:31:56
Quantum Peanut Butter Darkchocolat1.69Oz,$4.99,In Stock,/collections/all/products/quantum-peanut-butter-darkchocolat1-69oz,2025-11-28 16:31:56
Marumiya Mazekomi Wakame Wakana 29G,$4.49,In Stock,/collections/all/products/marumiya-mazekomi-wakame-wakana-29g,2025-11-28 16:31:56
Marumiya Mazekomi Okaka 1.02Oz,$4.49,In Stock,/collections/all/products/marumiya-mazekomi-okaka-1-02oz,2025-11-28 16:31:56
Marumiya Takana Seasoning Mix1.02Oz,$4.49,In Stock,/collections/all/products/marumiya-takana-seasoning-mix1-02oz,2025-11-28 16:31:56
Min Jiom Herbal Candy Apple Logan 2.11Oz,$6.79,In Stock,/collections/all/products/min-jiom-herbal-candy-apple-logan-2-11oz,2025-11-28 16:31:56
Trident Vibes Spearmint 40Ct,$6.79,In Stock,/collections/all/products/trident-vibes-spearmint-40ct,2025-11-28 16:31:56
Ghiraldelli Milk Chocolate Caramel  15G,$1.79,In Stock,/collections/all/products/ghiraldelli-milk-chocolate-caramel-15g,2025-11-28 16:31:56
Lotte Xylitol Gum Blueberry Mint 2.04Oz,$4.99,In Stock,/collections/all/products/lotte-xylitol-gum-blueberry-mint-2-04oz,2025-11-28 16:31:56
Mentos Spearmint 80Pc,$8.79,In Stock,/collections/all/products/mentos-spearmint-80pc,2025-11-28 16:31:56
Beef Intestines (frozen) 1.98lb,$4.63,In Stock,/collections/all/products/beef-intestines-frozen-1-98lb,2025-11-28 16:31:56
Grass Fed Beef Sliders,$10.99,In Stock,/collections/all/products/grass-fed-beef-sliders,2025-11-28 16:31:56
Wagyu Top Blade Tenderized 0.44lb,$17.60,In Stock,/collections/all/products/h-mart-top-blade-tenderized-0-44lb,2025-11-28 16:31:56
Hs Soup Stock Shiitake Anchovy 120G,$11.49,In Stock,/collections/all/products/hs-soup-stock-shiitake-anchovy-120g,2025-11-28 16:31:56
Hs Soup Stock Radish Anchovy 120G,$10.99,In Stock,/collections/all/products/hs-soup-stock-radish-anchovy-120g,2025-11-28 16:31:56
Jinju Chunhajangsa Original 20/15G,$6.79,In Stock,/collections/all/products/jinju-chunhajangsa-original-20-15g,2025-11-28 16:31:56
Jinju Chunhajangsa Cheese Flavor 20/15G,$6.79,In Stock,/collections/all/products/jinju-chunhajangsa-cheese-flavor-20-15g,2025-11-28 16:31:56
Keats Fish Sausage Spicy 8.47Oz,$6.79,In Stock,/collections/all/products/keats-fish-sausage-spicy-8-47oz,2025-11-28 16:31:56
Halls Vita C Lime 34G,$2.29,In Stock,/collections/all/products/halls-vita-c-lime-34g,2025-11-28 16:31:56
Barebells Caramel Cashew Protein Bar 55G,$5.49,In Stock,/collections/all/products/barebells-caramel-cashew-protein-bar-55g,2025-11-28 16:31:56
Cadbury Flake Chocolate 32G,$2.79,In Stock,/collections/all/products/cadbury-flake-chocolate-32g,2025-11-28 16:31:56
Halls Extra Strong Mint Flavored 34G,$2.29,In Stock,/collections/all/products/halls-extra-strong-mint-flavored-34g,2025-11-28 16:31:56
Tivon Kukkia Choco Cookie Mix 93.6G,$11.79,In Stock,/collections/all/products/tivon-kukkia-choco-cookie-mix-93-6g,2025-11-28 16:31:56
Barebells Cookies & Cream Protein Bar 55G,$5.49,In Stock,/collections/all/products/barebells-cookies-cream-protein-bar-55g,2025-11-28 16:31:56
Mezcla Matcha Vanilla 1.4Oz,$3.99,In Stock,/collections/all/products/mezcla-matcha-vanilla-1-4oz,2025-11-28 16:31:56
Ritter 70%Cocoa Fine Extra Darkchoco3.5Oz,$6.29,In Stock,/collections/all/products/ritter-70-cocoa-fine-extra-darkchoco3-5oz,2025-11-28 16:31:56
Gullon Sugar Free Maria Biscuit 7Oz,$3.99,In Stock,/collections/all/products/gullon-sugar-free-maria-biscuit-7oz,2025-11-28 16:31:56
Lotte Eve Chewing Gum 0.9Oz,$2.29,In Stock,/collections/all/products/lotte-eve-chewing-gum-0-9oz,2025-11-28 16:31:56
Cleveland Kitchen pickled Red Onions16Oz,$10.49,In Stock,/collections/all/products/cleveland-kitchen-pickled-red-onions16oz,2025-11-28 16:31:56
Barebells Creamy Crisp Protein Bar 1.9Oz,$5.49,In Stock,/collections/all/products/barebells-creamy-crisp-protein-bar-1-9oz,2025-11-28 16:31:56
Quest Cookies Cream 60G,$3.99,In Stock,/collections/all/products/quest-cookies-cream-60g,2025-11-28 16:31:56
Mezcla Hazelnut Choco Late  1.4Oz,$3.99,In Stock,/collections/all/products/mezcla-hazelnut-choco-late-1-4oz,2025-11-28 16:31:56
Mezcla Peanut Choco Late 1.4Oz,$3.99,In Stock,/collections/all/products/mezcla-peanut-choco-late-1-4oz,2025-11-28 16:31:56
Mezcla Pistacho Choco Late  1.4Oz,$3.99,In Stock,/collections/all/products/mezcla-pistacho-choco-late-1-4oz,2025-11-28 16:31:56
Mezcla Maple Blue Berry 1.4Oz,$3.99,In Stock,/collections/all/products/mezcla-maple-blue-berry-1-4oz,2025-11-28 16:31:56
Mars Chocolate Bar 1.8Oz,$2.29,In Stock,/collections/all/products/mars-chocolate-bar-1-8oz,2025-11-28 16:31:56
Morinaga Hi-Chew Blue Raspberry 1.76Oz,$2.29,In Stock,/collections/all/products/morinaga-hi-chew-blue-raspberry-1-76oz,2025-11-28 16:31:56
Kit kat Duos Mocha Chocolate 1.5Oz,$2.29,In Stock,/collections/all/products/kit-kat-duos-mocha-chocolate-1-5oz,2025-11-28 16:31:56
Lt Fits Grape Mix Chewing Gum 24G,$4.29,In Stock,/collections/all/products/lt-fits-grape-mix-chewing-gum-24g,2025-11-28 16:31:56
Ritter Strawberry Yogurt 3.5Oz,$6.29,In Stock,/collections/all/products/ritter-strawberry-yogurt-3-5oz,2025-11-28 16:31:56
Lt Xylitol Alpha Gum Fresh 86G,$7.79,In Stock,/collections/all/products/lt-xylitol-alpha-gum-fresh-86g,2025-11-28 16:31:56
Mentos Pure Fresh Mint 80Pc,$8.99,In Stock,/collections/all/products/mentos-pure-fresh-mint-80pc,2025-11-28 16:31:56
Y.C Xylitol Candy (Grape Flavor) 30G,$3.29,In Stock,/collections/all/products/y-c-xylitol-candy-grape-flavor-30g,2025-11-28 16:31:56
Y.C Xylitol Candy (Yogurt Flavor) 30G,$3.29,In Stock,/collections/all/products/y-c-xylitol-candy-yogurt-flavor-30g,2025-11-28 16:31:56
Uha Puchao Strawberry Candy 50G,$2.29,In Stock,/collections/all/products/uha-puchao-strawberry-candy-50g,2025-11-28 16:31:56
Uha Puchao Melon Candy 50G,$2.29,In Stock,/collections/all/products/uha-puchao-melon-candy-50g,2025-11-28 16:31:56
Uha Puchao Mango Candy 50G,$2.29,In Stock,/collections/all/products/uha-puchao-mango-candy-50g,2025-11-28 16:31:56
Candy Break Peach Sour Belts 8Oz,$5.49,In Stock,/collections/all/products/candy-break-peach-sour-belts-8oz,2025-11-28 16:31:56
Candy Break Red White&Blue  8Oz,$5.49,In Stock,/collections/all/products/candy-break-red-white-blue-8oz,2025-11-28 16:31:56
Candy Break Rainbow Sour Belts  8Oz,$5.49,In Stock,/collections/all/products/candy-break-rainbow-sour-belts-8oz,2025-11-28 16:31:56
Candy Break  Apple Sour Belts 8Oz,$5.49,In Stock,/collections/all/products/candy-break-apple-sour-belts-8oz,2025-11-28 16:31:56
Candy Break Pineapple Sour Belts 8Oz,$5.49,In Stock,/collections/all/products/candy-break-pineapple-sour-belts-8oz,2025-11-28 16:31:56
Candy Break Strawberry 8Oz,$5.49,In Stock,/collections/all/products/candy-break-strawberry-8oz,2025-11-28 16:31:56
Akai Bohshi Kukkia Green Tea 3.38Oz,$10.49,In Stock,/collections/all/products/akai-bohshi-kukkia-green-tea-3-38oz,2025-11-28 16:31:56
Disney Mickey Hamazaki Mango  105G,$3.29,In Stock,/collections/all/products/disney-mickey-hamazaki-mango-105g,2025-11-28 16:31:56
Disney Mickey Hamazaki Strawberry  105G,$3.29,In Stock,/collections/all/products/disney-mickey-hamazaki-strawberry-105g,2025-11-28 16:31:56
Wrigleys Rpm Mint 15Sticks,$3.29,In Stock,/collections/all/products/wrigleys-rpm-mint-15sticks,2025-11-28 16:31:56
Wrigleys 5 Watermelon Flood 15Sticks,$3.29,In Stock,/collections/all/products/wrigleys-5-watermelon-flood-15sticks,2025-11-28 16:31:56
Wrigleys 5 Wintermint 15Sticks,$3.29,In Stock,/collections/all/products/wrigleys-5-wintermint-15sticks,2025-11-28 16:31:56
Trident Island Berry Lime 14Pc,$2.29,In Stock,/collections/all/products/trident-island-berry-lime-14pc,2025-11-28 16:31:56
Wrigleys Orbit Sweet Mint Gum 14Pcs,$2.29,In Stock,/collections/all/products/wrigleys-orbit-sweet-mint-gum-14pcs,2025-11-28 16:31:56
Orbit Spearmint Gum 14Ct,$2.29,In Stock,/collections/all/products/orbit-spearmint-gum-14ct,2025-11-28 16:31:56
Trident Wintergreen 14Ct,$2.29,In Stock,/collections/all/products/trident-wintergreen-14ct,2025-11-28 16:31:56
Milka Happy Cows Chocolate 100G,$3.29,In Stock,/collections/all/products/milka-happy-cows-chocolate-100g,2025-11-28 16:31:56
Morinaga Dars Kiwi fruit Chocolate 1.6Oz,$4.49,In Stock,/collections/all/products/morinaga-dars-kiwi-fruit-chocolate-1-6oz,2025-11-28 16:31:56
Feritio Dubai Chocolate W/Pistachio 7Oz,$18.99,In Stock,/collections/all/products/feritio-dubai-chocolate-w-pistachio-7oz,2025-11-28 16:31:56
Dentyne With Neutra Fresh Pure Mint 9Pc,$2.29,In Stock,/collections/all/products/dentyne-with-neutra-fresh-pure-mint-9pc,2025-11-28 16:31:56
Wrigleys 5 Strawberry Flood 15Sticks,$3.29,In Stock,/collections/all/products/wrigleys-5-strawberry-flood-15sticks,2025-11-28 16:31:56
Wrigleys Spearmint Rain 15Sticks,$3.29,In Stock,/collections/all/products/wrigleys-spearmint-rain-15sticks,2025-11-28 16:31:56
Wrigleys Peppermint Cobalt 15Sticks,$3.29,In Stock,/collections/all/products/wrigleys-peppermint-cobalt-15sticks,2025-11-28 16:31:56
Wrigleys Orbit Strawberry Remix 14Ct,$2.29,In Stock,/collections/all/products/wrigleys-orbit-strawberry-remix-14ct,2025-11-28 16:31:56
Wrigleys Orbit Wintermint Gum 14Pc,$2.29,In Stock,/collections/all/products/wrigleys-orbit-wintermint-gum-14pc,2025-11-28 16:31:56
Trident Cinnamon 14Pc,$2.29,In Stock,/collections/all/products/trident-cinnamon-14pc,2025-11-28 16:31:56
Wrigleys Eclipse Peppermint 18Pcs,$2.29,In Stock,/collections/all/products/wrigleys-eclipse-peppermint-18pcs,2025-11-28 16:31:56
Trident Mint Bliss 14Pc,$2.29,In Stock,/collections/all/products/trident-mint-bliss-14pc,2025-11-28 16:31:56
Trident Spearmint  14Ct,$2.29,In Stock,/collections/all/products/trident-spearmint-14ct,2025-11-28 16:31:56
Trident  White Peppermint 16Pc,$2.29,In Stock,/collections/all/products/trident-white-peppermint-16pc,2025-11-28 16:31:56
Trident original Flavor 14Pc,$2.29,In Stock,/collections/all/products/trident-original-flavor-14pc,2025-11-28 16:31:56
Trident Tropical Twist  14Pc,$2.29,In Stock,/collections/all/products/trident-tropical-twist-14pc,2025-11-28 16:31:56
Milk Chocolate W/ Pistacho Dubai 7.05Oz,$16.99,In Stock,/collections/all/products/milk-chocolate-w-pistacho-dubai-7-05oz,2025-11-28 16:31:56
Gomtang,$10.99,In Stock,/collections/all/products/gomtang,2025-11-28 16:31:56
Kimchi Stew,$10.99,In Stock,/collections/all/products/kimchi-stew,2025-11-28 16:31:56
Cut Napa Cabbage (Kimchi),$2.00,In Stock,/collections/all/products/cut-napa-cabbage-kimchi,2025-11-28 16:31:56
Cut Radish,$2.00,In Stock,/collections/all/products/cut-radish,2025-11-28 16:31:56
Seafood Seaweed Soup,$10.99,In Stock,/collections/all/products/seafood-seaweed-soup,2025-11-28 16:31:56
Dogani Tang,$14.99,In Stock,/collections/all/products/dogani-tang,2025-11-28 16:31:56
Pulmuone Spicy Ssamjang Tube 12.7Oz,$8.29,In Stock,/collections/all/products/pulmuone-spicy-ssamjang-tube-12-7oz,2025-11-28 16:31:56
Pulmuone Mild Ssamjang 12.7Oz,$9.49,In Stock,/collections/all/products/pulmuone-mild-ssamjang-12-7oz,2025-11-28 16:31:56
Sajo Sweet Sour Pickled Radish 350G,$4.49,In Stock,/collections/all/products/sajo-sweet-sour-pickled-radish-350g,2025-11-28 16:31:56
Sk Pickled Scallion Rankkyo 9Oz,$14.29,In Stock,/collections/all/products/sk-pickled-scallion-rankkyo-9oz,2025-11-28 16:31:56
Marukome Miso Soup Mushroom 3/1.25Oz,$6.19,In Stock,/collections/all/products/marukome-miso-soup-mushroom-3-1-25oz,2025-11-28 16:31:56
Mishima Hot&Sour Soup 3/0.95Oz,$5.49,In Stock,/collections/all/products/mishima-hot-sour-soup-3-0-95oz,2025-11-28 16:31:56
Mutual Red Yuzu Seasoning 2.82Oz,$7.79,In Stock,/collections/all/products/mutual-red-yuzu-seasoning-2-82oz,2025-11-28 16:31:56
Mutual Blue Yuzu Seasoning 2.82Oz,$7.79,In Stock,/collections/all/products/mutual-blue-yuzu-seasoning-2-82oz,2025-11-28 16:31:56
Sk Salted Plum Shiso Umeboshi 8Oz,$7.29,In Stock,/collections/all/products/sk-salted-plum-shiso-umeboshi-8oz,2025-11-28 16:31:56
Prime Cook Stainless Whisk,$3.99,In Stock,/collections/all/products/prime-cook-stainless-whisk,2025-11-28 16:31:56
Sanrio Paper Plates 50 Character  5Pc,$3.29,In Stock,/collections/all/products/sanrio-paper-plates-50-character-5pc,2025-11-28 16:31:56
Sanrio My Melody&Kuromi Wet Wipes 80P,$3.99,In Stock,/collections/all/products/sanrio-my-melody-kuromi-wet-wipes-80p,2025-11-28 16:31:56
Goodco Flexible Straws 40Ct,$2.29,In Stock,/collections/all/products/goodco-flexible-straws-40ct,2025-11-28 16:31:56
Goodco Heavy Duty Forks 24Pc,$2.29,In Stock,/collections/all/products/goodco-heavy-duty-forks-24pc,2025-11-28 16:31:56
Goodco Heavy Duty Spoon 24Pc,$2.29,In Stock,/collections/all/products/goodco-heavy-duty-spoon-24pc,2025-11-28 16:31:56
Goodco Heavy Duty Cutlery 48Pck,$3.99,In Stock,/collections/all/products/goodco-heavy-duty-cutlery-48pck,2025-11-28 16:31:56
Glad Small Trash 4Gal 30Bags,$6.79,In Stock,/collections/all/products/glad-small-trash-4gal-30bags,2025-11-28 16:31:56
Gs Tall Kitchen Bags W/Flap Ties 12Pck,$2.99,In Stock,/collections/all/products/gs-tall-kitchen-bags-w-flap-ties-12pck,2025-11-28 16:31:56
Tide To Go Wipes Stain Remover 10P,$8.29,In Stock,/collections/all/products/tide-to-go-wipes-stain-remover-10p,2025-11-28 16:31:56
Mr Clean Magic Eraser Original 2Pads,$3.99,In Stock,/collections/all/products/mr-clean-magic-eraser-original-2pads,2025-11-28 16:31:56
Swiffer Dry Sweeping Cloths 16Ct,$8.79,In Stock,/collections/all/products/swiffer-dry-sweeping-cloths-16ct,2025-11-28 16:31:56
St Premium Aroma Initial Bloom 400Ml,$8.29,In Stock,/collections/all/products/st-premium-aroma-initial-bloom-400ml,2025-11-28 16:31:56
St Premium Aroma Moonlight Savon 400M,$8.29,In Stock,/collections/all/products/st-premium-aroma-moonlight-savon-400m,2025-11-28 16:31:56
Glass Oil Bottle Oil&Vinegar 2Pset 250Ml,$15.49,In Stock,/collections/all/products/glass-oil-bottle-oil-vinegar-2pset-250ml,2025-11-28 16:31:56
Fabuloso Multi-Purpose Lavender 33.8Oz,$7.79,In Stock,/collections/all/products/fabuloso-multi-purpose-lavender-33-8oz,2025-11-28 16:31:56
Fabuloso 2X Multi Purpose Cleaner 33.8Oz,$7.79,In Stock,/collections/all/products/fabuloso-2x-multi-purpose-cleaner-33-8oz,2025-11-28 16:31:56
Fabuloso Multi-Purpose Lemon 33.8Oz,$6.29,In Stock,/collections/all/products/fabuloso-multi-purpose-lemon-33-8oz,2025-11-28 16:31:56
Downy Comfy Cozy+Rain 13Oz,$15.99,In Stock,/collections/all/products/downy-comfy-cozy-rain-13oz,2025-11-28 16:31:56
Downy Unstopables Booster Fresh 9.1Oz,$12.29,In Stock,/collections/all/products/downy-unstopables-booster-fresh-9-1oz,2025-11-28 16:31:56
Downy In-Wash Scent Booster Calm 9.1Oz,$12.29,In Stock,/collections/all/products/downy-in-wash-scent-booster-calm-9-1oz,2025-11-28 16:31:56
Downy  Rinse & Refresh 25.5Oz,$13.29,In Stock,/collections/all/products/downy-rinse-refresh-25-5oz,2025-11-28 16:31:56
Clorox Disinfecting Bleach 24Oz,$5.49,In Stock,/collections/all/products/clorox-disinfecting-bleach-24oz,2025-11-28 16:31:56
Clorox Bleach 11Oz,$2.29,In Stock,/collections/all/products/clorox-bleach-11oz,2025-11-28 16:31:56
Febreze Fabric Extra Strength 438Ml,$6.29,In Stock,/collections/all/products/febreze-fabric-extra-strength-438ml-1,2025-11-28 16:31:56
Tide Pods Ultra Oxi 12/12Oz,$10.99,In Stock,/collections/all/products/tide-pods-ultra-oxi-12-12oz,2025-11-28 16:31:56
Herbal Injeolmi (S),$4.49,In Stock,/collections/all/products/herbal-injeolmi-s,2025-11-28 16:31:56
Black Rice Cake W/ Nuts (S),$4.99,In Stock,/collections/all/products/black-rice-cake-w-nuts-s,2025-11-28 16:31:56
Tri Color Rice Cake (S),$4.49,In Stock,/collections/all/products/tri-color-rice-cake-s,2025-11-28 16:31:56
Ottogi Frying Mix 17.63Oz,$4.99,In Stock,/collections/all/products/ottogi-frying-mix-17-63oz,2025-11-28 16:31:56
Alessi Avocado Toast Seasoning 1.83Oz,$4.49,In Stock,/collections/all/products/alessi-avocado-toast-seasoning-1-83oz,2025-11-28 16:31:56
Alessi White Peppercorns 1.51Oz,$4.49,In Stock,/collections/all/products/alessi-white-peppercorns-1-51oz,2025-11-28 16:31:56
Alessi Whole Mixed Peppercorns 1.12Oz,$4.49,In Stock,/collections/all/products/alessi-whole-mixed-peppercorns-1-12oz,2025-11-28 16:31:56
Alessi Black Peppercorns 1.34Oz,$4.49,In Stock,/collections/all/products/alessi-black-peppercorns-1-34oz,2025-11-28 16:31:56
La Flor Comino Seed 2Oz,$3.99,In Stock,/collections/all/products/la-flor-comino-seed-2oz,2025-11-28 16:31:56
La Flor Minced Onion 1.5Oz,$3.99,In Stock,/collections/all/products/la-flor-minced-onion-1-5oz,2025-11-28 16:31:56
La Flor Rosemary Leaves 1Oz,$3.99,In Stock,/collections/all/products/la-flor-rosemary-leaves-1oz,2025-11-28 16:31:56
La Flor Cinnamon Sugar 4Oz,$4.49,In Stock,/collections/all/products/la-flor-cinnamon-sugar-4oz,2025-11-28 16:31:56
La Flor Turmeric 2.25Oz,$4.99,In Stock,/collections/all/products/la-flor-turmeric-2-25oz,2025-11-28 16:31:56
La Flor Steak Seasoning 5.5Oz,$5.49,In Stock,/collections/all/products/la-flor-steak-seasoning-5-5oz,2025-11-28 16:31:56
La Flor Chicken Seasoning 5.5Oz,$5.49,In Stock,/collections/all/products/la-flor-chicken-seasoning-5-5oz,2025-11-28 16:31:56
Mishima Katsuo Mirin Furikake 1.5Oz,$8.79,In Stock,/collections/all/products/mishima-katsuo-mirin-furikake-1-5oz,2025-11-28 16:31:56
La Flor Bay Leaves 0.25Oz,$4.49,In Stock,/collections/all/products/la-flor-bay-leaves-0-25oz,2025-11-28 16:31:56
Alderfer Cage Free Jumbo Brown 12 Eggs,$7.99,In Stock,/collections/all/products/alderfer-cage-free-jumbo-brown-12-eggs,2025-11-28 16:31:56
S.Shine Cage Free Org Jumbo Brown 6Eggs,$7.99,In Stock,/collections/all/products/s-shine-cage-free-org-jumbo-brown-6eggs,2025-11-28 16:31:56
S.Shine Cage Free Org Lg Brown 6Eggs,$6.99,In Stock,/collections/all/products/s-shine-cage-free-org-lg-brown-6eggs,2025-11-28 16:31:56
Puffs Plus Lotion 124 2Ply Facial Tissue,$4.49,In Stock,/collections/all/products/puffs-plus-lotion-124-2ply-facial-tissue,2025-11-28 16:31:56
Puffs Ultra Soft 124 2Ply Facial Tissue,$4.49,In Stock,/collections/all/products/puffs-ultra-soft-124-2ply-facial-tissue,2025-11-28 16:31:56
Hello Kitty 70 Wipes,$5.49,In Stock,/collections/all/products/hello-kitty-70-wipes,2025-11-28 16:31:56
Puffs Ultra Soft Cube Box 56Ct,$2.79,In Stock,/collections/all/products/puffs-ultra-soft-cube-box-56ct,2025-11-28 16:31:56
Puffs Plus Cube Lotion 56Ct,$2.79,In Stock,/collections/all/products/puffs-plus-cube-lotion-56ct,2025-11-28 16:31:56
Puffs Plus Lotion Vicks 48Ct,$2.79,In Stock,/collections/all/products/puffs-plus-lotion-vicks-48ct,2025-11-28 16:31:56
Gf Unscented Sanitary Pad Original 14Pcs,$7.79,In Stock,/collections/all/products/gf-unscented-sanitary-pad-original-14pcs,2025-11-28 16:31:56
White Super Absorbent Ultra Wing 18Pc,$8.79,In Stock,/collections/all/products/white-super-absorbent-ultra-wing-18pc,2025-11-28 16:31:56
Hello Kitty White Facial Tissue 1Ea,$5.49,In Stock,/collections/all/products/hello-kitty-white-facial-tissue-1ea,2025-11-28 16:31:56
Hello Kitty Mini Wipes 10Ct,$1.79,In Stock,/collections/all/products/hello-kitty-mini-wipes-10ct,2025-11-28 16:31:56
I=Sure Granola Fullmix Sweet Potato 40G,$3.29,In Stock,/collections/all/products/i-sure-granola-fullmix-sweet-potato-40g,2025-11-28 16:31:56
I=Sure Granola Fullmix Shake Banana 40G,$3.29,In Stock,/collections/all/products/i-sure-granola-fullmix-shake-banana-40g,2025-11-28 16:31:56
Granola Fullmix Strwberry Shake 40G,$3.29,In Stock,/collections/all/products/granola-fullmix-strwberry-shake-40g,2025-11-28 16:31:56
Granola Fullmix Shake Matcha  1.41Oz,$3.29,In Stock,/collections/all/products/granola-fullmix-shake-matcha-1-41oz,2025-11-28 16:31:56
Dial Fresh Pear Hand Soap 7.5Oz,$6.79,In Stock,/collections/all/products/dial-fresh-pear-hand-soap-7-5oz,2025-11-28 16:31:56
Dial Antibacterial Coconu Water  7.5Oz,$6.79,In Stock,/collections/all/products/dial-antibacterial-coconu-water-7-5oz,2025-11-28 16:31:56
Ajax Ultra Vinegar+Lime Dish Soap 366Ml,$2.79,In Stock,/collections/all/products/ajax-ultra-vinegar-lime-dish-soap-366ml,2025-11-28 16:31:56
Ajax Ultra Fabuloso Lavander  12.4Oz,$2.79,In Stock,/collections/all/products/ajax-ultra-fabuloso-lavander-12-4oz,2025-11-28 16:31:56
Ajax Ultra Orange Dish Liquid 12.4Oz,$2.79,In Stock,/collections/all/products/ajax-ultra-orange-dish-liquid-12-4oz,2025-11-28 16:31:56
Soonsaem Detergent Baking Soda 500Ml,$7.79,In Stock,/collections/all/products/soonsaem-detergent-baking-soda-500ml,2025-11-28 16:31:56
Mv Foaming Hand Soap Candy Cane 8.8Oz,$10.49,In Stock,/collections/all/products/mv-foaming-hand-soap-candy-cane-8-8oz,2025-11-28 16:31:56
Mv Hand Soap Siberian Fir 8.8Oz,$10.49,In Stock,/collections/all/products/mv-hand-soap-siberian-fir-8-8oz,2025-11-28 16:31:56
Mv Hand Soap By The Fire 8.8Oz,$10.49,In Stock,/collections/all/products/mv-hand-soap-by-the-fire-8-8oz,2025-11-28 16:31:56
Dawn Ultra Apple Hand Soap 7.5Oz,$2.79,In Stock,/collections/all/products/dawn-ultra-apple-hand-soap-7-5oz,2025-11-28 16:31:56
Dawn Ultra Lemon 7.5Oz,$2.79,In Stock,/collections/all/products/dawn-ultra-lemon-7-5oz,2025-11-28 16:31:56
Method Foamsoap Sweet Water 10Fl Oz,$6.79,In Stock,/collections/all/products/method-foamsoap-sweet-water-10fl-oz,2025-11-28 16:31:56
Method Pink Grape Fruit Hand Wash 10Oz,$6.79,In Stock,/collections/all/products/method-pink-grape-fruit-hand-wash-10oz,2025-11-28 16:31:56
Method Hand Wash Sea Minerals 10Oz,$6.79,In Stock,/collections/all/products/method-hand-wash-sea-minerals-10oz,2025-11-28 16:31:56
Orion Strawberry Song Elg 7.61Oz,$9.49,In Stock,/collections/all/products/orion-strawberry-song-elg-7-61oz,2025-11-28 16:31:56
North Sea Fish Nack Bbq 2Oz,$3.99,In Stock,/collections/all/products/north-sea-fish-nack-bbq-2oz,2025-11-28 16:31:56
North Sea Fish Nack Original Wide 2Oz,$3.99,In Stock,/collections/all/products/north-sea-fish-nack-original-wide-2oz,2025-11-28 16:31:56
North Sea Fish Snack Original Thin 2Oz,$3.99,In Stock,/collections/all/products/north-sea-fish-snack-original-thin-2oz,2025-11-28 16:31:56
Glico Caplico Wafer Cone 2.91Oz,$8.79,In Stock,/collections/all/products/glico-caplico-wafer-cone-2-91oz,2025-11-28 16:31:56
Caplicostrawberry&Shortcake3.14Oz,$8.29,In Stock,/collections/all/products/caplicostrawberry-shortcake3-14oz,2025-11-28 16:31:56
Glico Calpico No Atama Strawberry 1.06Oz,$3.29,In Stock,/collections/all/products/glico-calpico-no-atama-strawberry-1-06oz,2025-11-28 16:31:56
Glico Calpico No Atama Milk 1.06Oz,$3.29,In Stock,/collections/all/products/glico-calpico-no-atama-milk-1-06oz,2025-11-28 16:31:56
Meiji Yan Yan Strawberry creme 2Oz,$2.99,In Stock,/collections/all/products/meiji-yan-yan-strawberry-creme-2oz,2025-11-28 16:31:56
Meiji Yan Yan Chocolate Creme 2Oz,$2.99,In Stock,/collections/all/products/meiji-yan-yan-chocolate-creme-2oz,2025-11-28 16:31:56
Nabisco Ritz Cracker Onion 2.57Oz,$4.99,In Stock,/collections/all/products/nabisco-ritz-cracker-onion-2-57oz,2025-11-28 16:31:56
Nabisco Ritz Crackers 3.47Oz,$4.99,In Stock,/collections/all/products/nabisco-ritz-crackers-3-47oz,2025-11-28 16:31:56
Mccabe Sesame Seeds Organic Hulless 8Oz,$10.99,In Stock,/collections/all/products/mccabe-sesame-seeds-organic-hulless8oz,2025-11-28 16:31:56
Wang Roasted Sesame Seed 8Oz,$8.79,In Stock,/collections/all/products/wang-roasted-sesame-seed-8oz,2025-11-28 16:31:56
Mccabe Organic Roasted Sesame Seed 8Oz,$10.49,In Stock,/collections/all/products/mccabe-organic-roasted-sesame-seed-8oz,2025-11-28 16:31:56
Orion Turtle Chips Caramel Popcorn5.64Oz,$6.79,In Stock,/collections/all/products/orion-turtle-chips-caramel-popcorn5-64oz,2025-11-28 16:31:56
Genertal Mills Reeses Puffs Treats 6.8Oz,$7.79,In Stock,/collections/all/products/genertal-mills-reeses-puffs-treats-6-8oz,2025-11-28 16:31:56
Cinnamon Toast Crunch Oat Bar 163G,$7.79,In Stock,/collections/all/products/cinnamon-toast-crunch-oat-bar-163g,2025-11-28 16:31:56
Alessi Coarse Sea Salt 2.83Oz,$4.49,In Stock,/collections/all/products/alessi-coarse-sea-salt-2-83oz,2025-11-28 16:31:56
Cj Bs White Sugar 2.2Lb,$8.79,In Stock,/collections/all/products/cj-bs-white-sugar-2-2lb,2025-11-28 16:31:56
Tomato Pure Brown Sugar 200G,$3.99,In Stock,/collections/all/products/tomato-pure-brown-sugar-200g,2025-11-28 16:31:56
Pearlace Sugar Johakuto 1Kg,$9.49,In Stock,/collections/all/products/pearlace-sugar-johakuto-1kg,2025-11-28 16:31:56
Bs Brown Sugar 2.2Lb,$11.79,In Stock,/collections/all/products/bs-brown-sugar-2-2lb,2025-11-28 16:31:56
Chicken Katsu Sandwich,$5.99,In Stock,/collections/all/products/chicken-katsu-sandwich,2025-11-28 16:31:56
Buldak Spicy Chicken Katsu Sandwich,$6.99,In Stock,/collections/all/products/buldak-spicy-chicken-katsu-sandwich,2025-11-28 16:31:56
Yakitori Chicken Ground Skewer With Sauce,$7.99,In Stock,/collections/all/products/yakitori-chicken-ground-skewer-with-sauce,2025-11-28 16:31:56
Yakitori Chicken Thigh Skewer With Sauce,$7.99,In Stock,/collections/all/products/yakitori-chicken-thigh-skewer-with-sauce,2025-11-28 16:31:56
Wang Bamboo Chopsticks 100Pairs,$6.79,In Stock,/collections/all/products/wang-bamboo-chopsticks-100pairs,2025-11-28 16:31:56
Raw Nature Cooked White Rice 7.4Oz,$2.99,In Stock,/collections/all/products/raw-nature-cooked-white-rice-7-4oz,2025-11-28 16:31:56
Kadoya Sesame Oil 56Oz,$32.99,In Stock,/collections/all/products/kadoya-sesame-oil-56oz,2025-11-28 16:31:56
Honey Rice Cake (S) 4oz,$3.99,In Stock,/collections/all/products/honey-rice-cake-s-4oz,2025-11-28 16:31:56
TAKAOKAYA Yakinori (Roasted Seaweed) Tokusen - 50 sheets,$17.99,In Stock,/collections/all/products/takaokaya-yakinori-roasted-seaweed-tokusen-50-sheets,2025-11-28 16:31:56
H MART Manhattan New York Tote Bag,$9.99,In Stock,/collections/all/products/h-mart-manhattan-new-york-tote-bag,2025-11-28 16:31:56
Dongwon Roasted Laver 8P 1.54Oz,$4.49,In Stock,/collections/all/products/dw-roasted-laver-8p-1-54oz,2025-11-28 16:31:56
Sea Seaweed Snacks W/Green Tea 10G,$2.79,In Stock,/collections/all/products/sea-seaweed-snacks-w-green-tea-10g,2025-11-28 16:31:56
Sea Crunchy Premium Roasted Seaweed With Olive Oil 1oz,$3.29,In Stock,/collections/all/products/sea-c-prem-rstd-seaweed-w-olive-oil-1oz,2025-11-28 16:31:56
Cjo Perilla Oil Traditional Laver 12/4G,$8.79,In Stock,/collections/all/products/cjo-perilla-oil-traditional-laver-12-4g,2025-11-28 16:31:56
Seacrunchy Seaweed S. Hot Chicken 0.35Oz,$2.79,In Stock,/collections/all/products/seacrunchy-seaweed-s-hot-chicken-0-35oz,2025-11-28 16:31:56
Sea Seaweed Snacks W/Wasabi Flv 10G,$2.79,In Stock,/collections/all/products/sea-seaweed-snacks-w-wasabi-flv-10g,2025-11-28 16:31:56
Sea Seaweed Sea Salt & Sesame Oil 10G,$2.79,In Stock,/collections/all/products/sea-seaweed-sea-salt-sesame-oil-10g,2025-11-28 16:31:56
C&D Natural Seaweed Snack Wasabi 32G,$2.49,In Stock,/collections/all/products/c-d-natural-seaweed-snack-wasabi-32g,2025-11-28 16:31:56
Hiyoshi Yuzu Dorayaki 10.58Oz,$7.79,In Stock,/collections/all/products/hiyoshi-yuzu-dorayaki-10-58oz,2025-11-28 16:31:56
Matcha Dorayaki 5P 10.5Oz,$8.79,In Stock,/collections/all/products/matcha-dorayaki-5p-10-5oz,2025-11-28 16:31:56
Hiyoshi Dorayaki Maroon 10.58Oz,$7.19,In Stock,/collections/all/products/hiyoshi-dorayaki-maroon-10-58oz,2025-11-28 16:31:56
Cjo Perilla Oil Traditional Laver 16/4G,$10.49,In Stock,/collections/all/products/cjo-perilla-oil-traditional-laver-16-4g,2025-11-28 16:31:56
Hamaotome Bimikensyoku Aji Nory 22G,$7.79,In Stock,/collections/all/products/hamaotome-bimikensyoku-aji-nory-22g,2025-11-28 16:31:56
Cj Roasted Seaweed Flkes With Butter&Soy Sauce,$7.19,In Stock,/collections/all/products/cj-rstd-seaweed-flkes-w-butter-soy-sauce,2025-11-28 16:31:56
Nico Nori Seasoned Seaweed 80/0.76Oz,$7.29,In Stock,/collections/all/products/nico-nori-seasoned-seaweed-80-0-76oz,2025-11-28 16:31:56
Hs Roasted Laver 12/0.17Oz,$9.49,In Stock,/collections/all/products/hs-roasted-laver-12-0-17oz,2025-11-28 16:31:56
Kwang Koran Low Sodium Seaweed 3/5G,$3.29,In Stock,/collections/all/products/kwang-koran-low-sodium-seaweed-3-5g,2025-11-28 16:31:56
Takaokaya Kizami Nori 1Oz,$8.79,In Stock,/collections/all/products/takaokaya-kizami-nori-1oz,2025-11-28 16:31:56
Takaokaya Teriyaki Nori 0.8Oz,$7.79,In Stock,/collections/all/products/takaokaya-teriyaki-nori-0-8oz,2025-11-28 16:31:56
Sk Seasoned Roasted Seaweed 0.8Oz,$8.29,In Stock,/collections/all/products/sk-seasoned-roasted-seaweed-0-8oz,2025-11-28 16:31:56
Crd Rstd Seaweed Olive Oil 10/5G,$7.29,In Stock,/collections/all/products/crd-rstd-seaweed-olive-oil-10-5g,2025-11-28 16:31:56
Kubota Kuhaku Daifuku 7.4Oz,$6.19,In Stock,/collections/all/products/kubota-kuhaku-daifuku-7-4oz,2025-11-28 16:31:56
Kubota Chestnut Rice Cake 7.4Oz,$7.79,In Stock,/collections/all/products/kubota-chestnut-rice-cake-7-4oz,2025-11-28 16:31:56
Kubota Mango Rice Cake 7.4Oz,$7.19,In Stock,/collections/all/products/kubota-mango-rice-cake-7-4oz,2025-11-28 16:31:56
Kubota Sesame Rice Cake 7.05Oz,$6.79,In Stock,/collections/all/products/kubota-sesame-rice-cake-7-05oz,2025-11-28 16:31:56
Sweets Aji No Meisaku Bean Cake 8.81Oz,$8.29,In Stock,/collections/all/products/sweets-aji-no-meisaku-bean-cake-8-81oz,2025-11-28 16:31:56
Royal Family Red Bean Mochi 7.4Oz,$4.49,In Stock,/collections/all/products/royal-family-red-bean-mochi-7-4oz,2025-11-28 16:31:56
Royal Family Sesame Mochi 7.4Oz,$4.49,In Stock,/collections/all/products/royal-family-sesame-mochi-7-4oz,2025-11-28 16:31:56
Royal Family Taro Mochi 7.4Oz,$4.49,In Stock,/collections/all/products/royal-family-taro-mochi-7-4oz,2025-11-28 16:31:56
Royal Family Green Tea Mochi 7.4Oz,$4.49,In Stock,/collections/all/products/royal-family-green-tea-mochi-7-4oz,2025-11-28 16:31:56
Daifuku Sesame Mochi 210G,$4.49,In Stock,/collections/all/products/daifuku-sesame-mochi-210g,2025-11-28 16:31:56
Daifuku Brown Sugar Boba Mochi 180G,$4.49,In Stock,/collections/all/products/daifuku-brown-sugar-boba-mochi-180g,2025-11-28 16:31:56
Cantabile  Blueberry  Ade 7.7Oz,$2.19,In Stock,/collections/all/products/cantabile-blueberry-ade-7-7oz,2025-11-28 16:31:56
Pmo Mozzarella Cheese Topokki 14.1Oz,$11.79,In Stock,/collections/all/products/pmo-mozzarella-cheese-topokki-14-1oz,2025-11-28 16:31:56
Bgr Summer Crush Coffee 700Ml,$8.79,In Stock,/collections/all/products/bgr-summer-crush-coffee-700ml,2025-11-28 16:31:56
Cjo Spicy Ssamjang 450G,$9.99,In Stock,/collections/all/products/cjo-spicy-ssamjang-450g,2025-11-28 16:31:56
J&J Fish Ball With Roe 8Oz,$5.49,In Stock,/collections/all/products/j-j-fish-ball-with-roe-8oz,2025-11-28 16:31:56
Osaki Kani Stick 500G,$12.79,In Stock,/collections/all/products/osaki-kani-stick-500g,2025-11-28 16:31:56
Dongsuh Enertive Soft Drink  5.07Oz,$1.79,In Stock,/collections/all/products/dongsuh-enertive-soft-drink-5-07oz,2025-11-28 16:31:56
TQ Ice Cream Mango Propitious 9.13Oz,$15.29,In Stock,/collections/all/products/hong-ice-cream-mango-propitious-9-13oz-1,2025-11-28 16:31:56
TQ Ice Cream Mango Propitious 2.6Oz,$6.79,In Stock,/collections/all/products/hong-ice-cream-mango-propitious-9-13oz,2025-11-28 16:31:56
TQ Ice Cream Sweet Peach Flavor 7.94Oz,$15.29,In Stock,/collections/all/products/hong-ice-cream-sweet-peach-flavor-7-94oz-1,2025-11-28 16:31:56
TQ Ice Cream Sweet Peach Flavor 3.5Oz,$6.29,In Stock,/collections/all/products/hong-ice-cream-sweet-peach-flavor-7-94oz,2025-11-28 16:31:56
Cj Bibigo Tteokbokki W/ Spicy Sauce 575G,$10.99,In Stock,/collections/all/products/cj-bibigo-tteokbokki-w-spicy-sauce-575g,2025-11-28 16:31:56
Maeil Picnic White Grape Juice 6/200Ml,$5.49,In Stock,/collections/all/products/maeil-picnic-white-grape-juice-6-200ml,2025-11-28 16:31:56
Maeil Picnic Apple Fruit Juice 6/200Ml,$5.49,In Stock,/collections/all/products/maeil-picnic-apple-fruit-juice-6-200ml,2025-11-28 16:31:56
Cantabile Sweet Americano Pouch 190Ml,$2.29,In Stock,/collections/all/products/cantabile-sweet-americano-pouch-190ml,2025-11-28 16:31:56
Ice Cafe Americano Black 190Ml,$1.79,In Stock,/collections/all/products/ice-cafe-americano-black-190ml,2025-11-28 16:31:56
Ice Cafe Blueberry Ade 190Ml,$2.29,In Stock,/collections/all/products/ice-cafe-blueberry-ade-190ml,2025-11-28 16:31:56
Cantabile Vanilla Flv Americano 230Ml,$2.29,In Stock,/collections/all/products/cantabile-vanilla-flv-americano-230ml,2025-11-28 16:31:56
Cantabile Orange Ade 230Ml,$2.19,In Stock,/collections/all/products/cantabile-orange-ade-230ml,2025-11-28 16:31:56
Shanghai Shrimp Spring Rolls 9.7Oz,$6.19,In Stock,/collections/all/products/shanghai-shrimp-spring-rolls-9-7oz,2025-11-28 16:31:56
H Mart Frozen Durian 1 LB,$19.79,In Stock,/collections/all/products/h-mart-frozen-durian-1-lb,2025-11-28 16:31:56
K Town Dukboki Spicy Jjajang 1.32Lb,$9.49,In Stock,/collections/all/products/k-town-dukboki-spicy-jjajang-1-32lb,2025-11-28 16:31:56
K Town Dukboki Mad Spicy 1.32Lb,$9.49,In Stock,/collections/all/products/k-town-dukboki-mad-spicy-1-32lb,2025-11-28 16:31:56
Pmo Spicy Topokki 16.9Oz,$9.99,In Stock,/collections/all/products/pmo-spicy-topokki-16-9oz,2025-11-28 16:31:56
Hmart Seedless Frozen Jackfruit 1Lb,$8.79,In Stock,/collections/all/products/hmart-seedless-frozen-jackfruit-1lb,2025-11-28 16:31:56
Shanghai Vegetable Spring Rolls 9.7Oz,$5.49,In Stock,/collections/all/products/shanghai-vegetable-spring-rolls-9-7oz,2025-11-28 16:31:56
Bibigo  Spring Rolls Vegetable 9.8Oz,$6.79,In Stock,/collections/all/products/bibigo-spring-rolls-vegetable-9-8oz,2025-11-28 16:31:56
Pmo Rose Topokki 14.8Oz,$10.49,In Stock,/collections/all/products/pmo-rose-topokki-14-8oz,2025-11-28 16:31:56
S.Home Roti Paratha Onion 11.02Oz,$3.29,In Stock,/collections/all/products/s-home-roti-paratha-onion-11-02oz,2025-11-28 16:31:56
S.Home Roti Paratha Whole Wheat 11.2Oz,$3.29,In Stock,/collections/all/products/s-home-roti-paratha-whole-wheat-11-2oz,2025-11-28 16:31:56
S.Home Roti Paratha Plain 11.2Oz,$3.29,In Stock,/collections/all/products/s-home-roti-paratha-plain-11-2oz,2025-11-28 16:31:56
Goodness Gardens Org Rosemary 0.75Oz,$3.99,In Stock,/collections/all/products/goodness-gardens-org-rosemary-0-75oz,2025-11-28 16:31:56
Goodness Garen Org Mint 0.75Oz,$3.99,In Stock,/collections/all/products/goodness-garen-org-mint-0-75oz,2025-11-28 16:31:56
Organic Oregano,$3.99,In Stock,/collections/all/products/organic-oregano,2025-11-28 16:31:56
Amphora Org Soft Dried Dates 6Oz,$7.19,In Stock,/collections/all/products/amphora-org-soft-dried-dates-6oz,2025-11-28 16:31:56
Amphora Org Sft Drd White Mulberries 4Oz,$7.19,In Stock,/collections/all/products/amphora-org-sft-drd-white-mulberries-4oz,2025-11-28 16:31:56
Fresh Ginko Nuts 3.5Oz,$2.19,In Stock,/collections/all/products/fresh-ginko-nuts-3-5oz,2025-11-28 16:31:56
Cindys.K Real Bleu Cheese Dressing 11Oz,$10.49,In Stock,/collections/all/products/cindys-k-real-bleu-cheese-dressing-11oz,2025-11-28 16:31:56
Cindys Kitchen Creamy Italian,$10.49,In Stock,/collections/all/products/cindys-kitchen-creamy-italian,2025-11-28 16:31:56
C.Kitchen Dressin Buttermilk Ranch  11Oz,$10.49,In Stock,/collections/all/products/c-kitchen-dressin-buttermilk-ranch-11oz,2025-11-28 16:31:56
C.Kitchen Meyer Lemon Vinaigrette 11Oz,$10.49,In Stock,/collections/all/products/c-kitchen-meyer-lemon-vinaigrette-11oz,2025-11-28 16:31:56
C.Kitchen Dressing Balsamic  11Oz,$10.49,In Stock,/collections/all/products/c-kitchen-dressing-balsamic-11oz,2025-11-28 16:31:56
Organic Mini King Oyster Mushroom 300G,$7.79,In Stock,/collections/all/products/organic-mini-king-oyster-mushroom-300g,2025-11-28 16:31:56
Auerpak Organic Garlic 8Oz,$6.79,In Stock,/collections/all/products/auerpak-organic-garlic-8oz,2025-11-28 16:31:56
Cal-Organic Red Leaf Lettuce 1 Bunch,$4.29,In Stock,/collections/all/products/cal-organic-red-leaf-lettuce-1-bunch,2025-11-28 16:31:56
Cal-Organic Green Leaf Lettuce 1 Bunch,$4.49,In Stock,/collections/all/products/cal-organic-green-leaf-lettuce,2025-11-28 16:31:56
Old Peking Cake With Radish Silk 460G,$7.79,In Stock,/collections/all/products/old-peking-cake-with-radish-silk-460g,2025-11-28 16:31:56
Old Peking Leek Cake 460G,$7.79,In Stock,/collections/all/products/old-peking-leek-cake-460g,2025-11-28 16:31:56
Cj Square Fish Cake 19.4Oz,$8.79,In Stock,/collections/all/products/cj-square-fish-cake-19-4oz,2025-11-28 16:31:56
Osaki Imitation Crab Stick 4.58Oz,$5.49,In Stock,/collections/all/products/osaki-imitation-crab-stick-4-58oz,2025-11-28 16:31:56
Polarbird Seasoned Pollock Roe 6Oz,$12.79,In Stock,/collections/all/products/polarbird-seasoned-pollock-roe-6oz,2025-11-28 16:31:56
Sk Fish Cake Chikuwa 3.52Oz,$2.79,In Stock,/collections/all/products/sk-fish-cake-chikuwa-3-52oz,2025-11-28 16:31:56
Sk Kani Kamaboko Gold 17.6Oz,$6.99,In Stock,/collections/all/products/sk-kani-kamaboko-gold-17-6oz,2025-11-28 16:31:56
Sk Cooked Sticky Rice 12Pk,$35.19,In Stock,/collections/all/products/sk-cooked-sticky-rice-12pk,2025-11-28 16:31:56
Sekka  Cooked White Rice Gold 2.52Kg,$31.49,In Stock,/collections/all/products/sekka-cooked-white-rice-gold-2-52kg,2025-11-28 16:31:56
Nh Cooked White Rice 12/210G,$36.29,In Stock,/collections/all/products/nh-cooked-white-rice-12-210g,2025-11-28 16:31:56
Cjo Cooked Sticky White Rice 12/210G,$24.99,In Stock,/collections/all/products/cjo-cooked-sticky-white-rice-12-210g,2025-11-28 16:31:56
Smoked Half Duck Sliced Bn 1.31lb,$39.29,In Stock,/collections/all/products/smoked-half-duck-sliced-bn-1-40lb,2025-11-28 16:31:56
Gmi Korean Recipe Beef Short Rib 1lb,$21.99,In Stock,/collections/all/products/gmi-korean-recipe-beef-short-rib-1lb,2025-11-28 16:31:56
Parks Meats Pm Korean Recipe Wagyu Beef 1lb,$18.79,In Stock,/collections/all/products/parks-meats-pm-korean-recipe-wagyu-beef-1lb,2025-11-28 16:31:56
Grass Fed Ground Beef 1lb,$11.99,In Stock,/collections/all/products/grass-fed-ground-beef-1lb,2025-11-28 16:31:56
Angus Beef Back Rib 1.90lb,$19.99,In Stock,/collections/all/products/angus-beef-back-rib-1-90lb,2025-11-28 16:31:56
Wagyu Top Blade Sliced 0.33lb,$11.04,In Stock,/collections/all/products/wagyu-top-blade-sliced-0-33lb,2025-11-28 16:31:56
Natural B.B.Q Pork Belly 0.65lb,$9.09,In Stock,/collections/all/products/natural-b-b-q-pork-belly-0-65lb,2025-11-28 16:31:56
Organic Ground Pork 1lb,$8.99,In Stock,/collections/all/products/organic-ground-pork-1lb,2025-11-28 16:31:56
Sekka  Rice Cooked White Gold 7.4Oz,$2.79,In Stock,/collections/all/products/sekka-rice-cooked-white-gold-7-4oz,2025-11-28 16:31:56
Cjo Cooked Sticky White Rice 210G,$2.79,In Stock,/collections/all/products/cjo-cooked-sticky-white-rice-210g,2025-11-28 16:31:56
Wagyu Beef Ground 80% lean  0.61lb,$5.49,In Stock,/collections/all/products/wagyu-beef-ground-80-lean-0-61lb,2025-11-28 16:31:56
Prime Bnls Short Rib Stew 0.48lb,$15.99,In Stock,/collections/all/products/prime-bnls-short-rib-stew-0-48lb,2025-11-28 16:31:56
Wagyu Chuck Flat Tail 0.26lb,$13.00,In Stock,/collections/all/products/wagyu-chuck-flat-tail-0-26lb,2025-11-28 16:31:56
Wagyu Striploin NY Steak 0.33lb,$14.19,In Stock,/collections/all/products/wagyu-striploin-ny-steak-0-33lb,2025-11-28 16:31:56
Wagyu Flat Iron Sukiyaki 0.24lb,$12.00,In Stock,/collections/all/products/wagyu-flat-iron-sukiyaki-0-24lb,2025-11-28 16:31:56
Lamb Rack (Rib Chop) 0.66lb,$15.89,In Stock,/collections/all/products/lamb-rack-rib-chop-0-66lb,2025-11-28 16:31:56
Natural Pork CT Butt Slice Frozen 0.77lb,$11.69,In Stock,/collections/all/products/natural-pork-ct-butt-slice-frozen-0-78lb,2025-11-28 16:31:56
Natural Ground Chicken 1lb,$6.99,In Stock,/collections/all/products/natural-ground-chicken-1lb,2025-11-28 16:31:56
Pork Belly Stew 0.84lb,$6.79,In Stock,/collections/all/products/pork-belly-stew-0-84lb,2025-11-28 16:31:56
Natural Pork Belly Tenderized 0.51lb,$9.19,In Stock,/collections/all/products/natural-pork-belly-tenderized-0-51lb,2025-11-28 16:31:56
Pork Boneless Pinic 1.17lb,$7.09,In Stock,/collections/all/products/pork-boneless-pinic-1-17lb,2025-11-28 16:31:56
Natural Porkloin( BoneI In) 1.23lb,$7.37,In Stock,/collections/all/products/natural-porkloin-bonei-in-1-23lb,2025-11-28 16:31:56
Berkshire Baby Rib 0.84lb,$12.59,In Stock,/collections/all/products/berkshire-baby-rib-0-84lb,2025-11-28 16:31:56
Natural Pork Belly Thin Sliced 0.84lb,$16.99,In Stock,/collections/all/products/natural-pork-belly-thin-sliced-0-84lb,2025-11-28 16:31:56
Ichimasa Red Fish Cake Narutomaki 4.76Oz,$5.49,In Stock,/collections/all/products/ichimasa-red-fish-cake-narutomaki-4-76oz,2025-11-28 16:31:56
Kibun Kamaboko Aka 5.29Oz,$7.19,In Stock,/collections/all/products/kibun-kamaboko-aka-5-29oz,2025-11-28 16:31:56
W.Chuan Spring Roll Shells 7.4Oz,$2.79,In Stock,/collections/all/products/w-chuan-spring-roll-shells-7-4oz,2025-11-28 16:31:56
Pmo Potato Mozzarella Corn Dogs 12.7Oz,$12.99,In Stock,/collections/all/products/pmo-potato-mozzarella-corn-dogs-12-7oz,2025-11-28 16:31:56
Crd Kimchi Dumpling 2.87Lb,$10.99,In Stock,/collections/all/products/crd-kimchi-dumpling-2-87lb,2025-11-28 16:31:56
Lt K Chefood Seafood Stick 510G,$8.29,In Stock,/collections/all/products/lt-k-chefood-seafood-stick-510g,2025-11-28 16:31:56
Crd Spicy Vegetable Potstickers 800G,$7.79,In Stock,/collections/all/products/crd-spicy-vegetable-potstickers-800g,2025-11-28 16:31:56
Lt K Chefood Spicy Squid Stick 510G,$8.29,In Stock,/collections/all/products/lt-k-chefood-spicy-squid-stick-510g,2025-11-28 16:31:56
Crd Vegetable Potstickers 800G,$7.79,In Stock,/collections/all/products/crd-vegetable-potstickers-800g,2025-11-28 16:31:56
Choripdong Vermicelli Dumpling 1.76Lb,$8.79,In Stock,/collections/all/products/choripdong-vermicelli-dumpling-1-76lb,2025-11-28 16:31:56
The House Kimchi Pork Vege Dumpling 24Oz,$13.19,In Stock,/collections/all/products/the-house-kimchi-pork-vege-dumpling-24oz,2025-11-28 16:31:56
Bibigo Beef Steamed Soup Dumpling 24Oz,$16.49,In Stock,/collections/all/products/bibigo-beef-steamed-soup-dumpling-24oz,2025-11-28 16:31:56
Dl-Prde Sriracha Chicken Gyoza 21Oz,$10.49,In Stock,/collections/all/products/dl-prde-sriracha-chicken-gyoza-21oz,2025-11-28 16:31:56
The House Pork & Shrimp Dumpling 20Oz,$13.19,In Stock,/collections/all/products/the-house-pork-shrimp-dumpling-20oz,2025-11-28 16:31:56
Day Lee Pride Chicken Gyoza 21Oz,$12.09,In Stock,/collections/all/products/day-lee-pride-chicken-gyoza-21oz,2025-11-28 16:31:56
Cj Bibigo Vegetable Dumpling Kimchi Flv,$15.99,In Stock,/collections/all/products/cj-bibigo-vegetable-dumpling-kimchi-flv,2025-11-28 16:31:56
Cj Bibigo Chicken Dumpling 24Oz,$16.49,In Stock,/collections/all/products/cj-bibigo-chicken-dumpling-24oz,2025-11-28 16:31:56
Cj Mandu Veggie Dumplings Japchae 770G,$15.99,In Stock,/collections/all/products/cj-mandu-veggie-dumplings-japchae-770g,2025-11-28 16:31:56
Pmo Thinwrap Kimchi Dumpling 21.2Oz,$12.99,In Stock,/collections/all/products/pmo-thinwrap-kimchi-dumpling-21-2oz,2025-11-28 16:31:56
Pmo Thinwrap Vege Pork Dumpling 19.8Oz,$17.79,In Stock,/collections/all/products/pmo-thinwrap-vege-pork-dumpling-19-8oz-1,2025-11-28 16:31:56
Pmo Thinwrap Kimchi Pork Dumpling 19.8Oz,$16.99,In Stock,/collections/all/products/pmo-thinwrap-vege-pork-dumpling-19-8oz,2025-11-28 16:31:56
Pmo Garlic Chive S.Potato Noodle 720G,$13.99,In Stock,/collections/all/products/pmo-garlic-chive-s-potato-noodle-720g,2025-11-28 16:31:56
Pmo Szechuan Style Flat Dumplings 700G,$13.99,In Stock,/collections/all/products/pmo-szechuan-style-flat-dumplings-700g,2025-11-28 16:31:56
Day Lee Pride Vegetable Gyoza 21Oz,$12.19,In Stock,/collections/all/products/day-lee-pride-vegetable-gyoza-21oz,2025-11-28 16:31:56
Surasang Korean Kimchi Mandu 22.22Oz,$13.29,In Stock,/collections/all/products/surasang-korean-kimchi-mandu-22-22oz,2025-11-28 16:31:56
Sk Vegetarian Meat Gyoza 600G,$13.19,In Stock,/collections/all/products/sk-vegetarian-meat-gyoza-600g,2025-11-28 16:31:56
Way Fong Chicken & Shrimp Dumpling 24Oz,$10.49,In Stock,/collections/all/products/way-fong-chicken-shrimp-dumpling-24oz,2025-11-28 16:31:56
Sura Leek Dumpling 35.2Oz,$12.19,In Stock,/collections/all/products/sura-leek-dumpling-35-2oz,2025-11-28 16:31:56
Sura Vegetable Dumpling 2.2Lb,$12.19,In Stock,/collections/all/products/sura-vegetable-dumpling-2-2lb,2025-11-28 16:31:56
Aji Shrimp Shumai 17.46Oz,$15.99,In Stock,/collections/all/products/aji-shrimp-shumai-17-46oz,2025-11-28 16:31:56
Ajinomoto Crab Shumai Dumplings 7.93Oz,$8.29,In Stock,/collections/all/products/ajinomoto-crab-shumai-dumplings-7-93oz,2025-11-28 16:31:56
Aji Seafood Gyoza 8.46Oz,$7.19,In Stock,/collections/all/products/aji-seafood-gyoza-8-46oz,2025-11-28 16:31:56
Aji Pork Shumai 17.46Oz,$15.99,In Stock,/collections/all/products/aji-pork-shumai-17-46oz,2025-11-28 16:31:56
W.Chuan Pork & Leaf Mustard 21Oz,$9.49,In Stock,/collections/all/products/w-chuan-pork-leaf-mustard-21oz,2025-11-28 16:31:56
W.Chuan Sd Pork Vege Seafood 21Oz,$9.49,In Stock,/collections/all/products/w-chuan-sd-pork-vege-seafood-21oz,2025-11-28 16:31:56
W.Chuan Sd Chicken Veg B.Mushroom 21Oz,$9.49,In Stock,/collections/all/products/w-chuan-sd-chicken-veg-b-mushroom-21oz,2025-11-28 16:31:56
W.Chuan Bamboo Shoot&Pork Dumpling 21Oz,$9.49,In Stock,/collections/all/products/w-chuan-bamboo-shoot-pork-dumpling-21oz,2025-11-28 16:31:56
W.Chuan Oyster Mushroom Chicken 21Oz,$9.49,In Stock,/collections/all/products/w-chuan-oyster-mushroom-chicken-21oz,2025-11-28 16:31:56
Synear Pork Sweet Corn Dumpling 16Oz,$7.49,In Stock,/collections/all/products/synear-pork-sweet-corn-dumpling-16oz,2025-11-28 16:31:56
Synear Red Bean Rice Ball 16Oz,$6.79,In Stock,/collections/all/products/synear-red-bean-rice-ball-16oz,2025-11-28 16:31:56
Synear Pork Shrimp Scallop 360G,$12.19,In Stock,/collections/all/products/synear-pork-shrimp-scallop-360g,2025-11-28 16:31:56
W. Chuan Pork & Chinese Spinach 21 Oz,$9.49,In Stock,/collections/all/products/w-chuan-pork-chinese-spinach-21-oz,2025-11-28 16:31:56
W.Chuan Pork & Green Onion 21Oz,$9.49,In Stock,/collections/all/products/w-chuan-pork-green-onion-21oz,2025-11-28 16:31:56
W.Chuan Szechwan Style Spicy Pork 21Oz,$9.49,In Stock,/collections/all/products/w-chuan-szechwan-style-spicy-pork-21oz,2025-11-28 16:31:56
W.Chuan Sd Pork & Pickled Napa 21Oz,$9.49,In Stock,/collections/all/products/w-chuan-sd-pork-pickled-napa-21oz,2025-11-28 16:31:56
Twin Mrq Jiaozi Dumpling W/Pork & Shrimp,$8.99,In Stock,/collections/all/products/twin-mrq-jiaozi-dumpling-w-pork-shrimp,2025-11-28 16:31:56
S.Home Glutinous Rice Ball Red Bean 200G,$3.29,In Stock,/collections/all/products/s-home-glutinous-rice-ball-red-bean-200g,2025-11-28 16:31:56
S.Home Glutinous Rice Ball Peanut 200G,$3.29,In Stock,/collections/all/products/s-home-glutinous-rice-ball-peanut-200g,2025-11-28 16:31:56
Sura Sweet Red Bean Bun 9oz,$5.49,In Stock,/collections/all/products/sura-sweet-red-bean-bun-9oz,2025-11-28 16:31:56
Daedoo real chestnut bread 16.9oz,$15.49,In Stock,/collections/all/products/daedoo-real-chestnut-bread-16-9oz,2025-11-28 16:31:56
W.Chuan Pork Mini Bun 20oz,$9.99,In Stock,/collections/all/products/w-chuan-pork-mini-bun-20oz,2025-11-28 16:31:56
Myriad Pork Vegetable Buns 28oz,$13.79,In Stock,/collections/all/products/myriad-pork-vegetable-buns-28oz,2025-11-28 16:31:56
Myriad Vegetable Pork Buns 28oz,$15.99,In Stock,/collections/all/products/myriad-vegetable-pork-buns-28oz,2025-11-28 16:31:56
Spring grilled sweet potato bread 1.19lb,$14.99,In Stock,/collections/all/products/spring-grilled-sweet-potato-bread-1-19lb,2025-11-28 16:31:56
Daedoo real sweet potato bread 80g,$15.99,In Stock,/collections/all/products/daedoo-real-sweet-potato-bread-80g,2025-11-28 16:31:56
Sk seafood pancake 10.58oz,$7.19,In Stock,/collections/all/products/sk-seafood-pancake-10-58oz,2025-11-28 16:31:56
Sk kimchi pancake 10.58oz,$7.29,In Stock,/collections/all/products/sk-kimchi-pancake-10-58oz,2025-11-28 16:31:56
Sk Vegetable Pancake 10.58oz,$7.19,In Stock,/collections/all/products/sk-vegetable-pancake-10-58oz,2025-11-28 16:31:56
Cj bibigo fish shaped waffle corn 300g,$8.79,In Stock,/collections/all/products/cj-bibigo-fish-shaped-waffle-corn-300g,2025-11-28 16:31:56
Kc ganko oyaji frozen udon 5/260g,$8.79,In Stock,/collections/all/products/kc-ganko-oyaji-frozen-udon-5-260g,2025-11-28 16:31:56
Pmo red bean & cream cheese balls 12.7oz,$13.19,In Stock,/collections/all/products/pmo-red-bean-cream-cheese-balls-12-7oz,2025-11-28 16:31:56
Sk okonomi yaki 8.1oz,$6.79,In Stock,/collections/all/products/sk-okonomi-yaki-8-1oz,2025-11-28 16:31:56
Pulmuone red bean bungeo ppang 12.7oz,$12.99,In Stock,/collections/all/products/pmo-red-bean-bungeo-ppang-12-7oz,2025-11-28 16:31:56
Pmo sweet potato bungeo ppang 12.7oz,$13.19,In Stock,/collections/all/products/pmo-sweet-potato-bungeo-ppang-12-7oz,2025-11-28 16:31:56
Daifuku sanuki udon 44.05oz,$8.79,In Stock,/collections/all/products/daifuku-sanuki-udon-44-05oz,2025-11-28 16:31:56
Sk korean japchae spicy cheese 7.4oz,$7.19,In Stock,/collections/all/products/sk-korean-japchae-spicy-cheese-7-4oz,2025-11-28 16:31:56
Cs noodle w/ spicy black bean 10.05oz,$7.19,In Stock,/collections/all/products/cs-noodle-w-spicy-black-bean-10-05oz,2025-11-28 16:31:56
Endico Frozen Green Peas & Carrots 2.5lb,$6.29,In Stock,/collections/all/products/endico-frozen-green-peas-carrots-2-5lb,2025-11-28 16:31:56
Endico Frozen Cut Corn 2.5lb,$6.29,In Stock,/collections/all/products/endico-frozen-cut-corn-2-5lb,2025-11-28 16:31:56
Wang Frozen Peeled Chestnut 10oz,$10.99,In Stock,/collections/all/products/wang-frozen-peeled-chestnut-10oz,2025-11-28 16:31:56
W.Chuan Frozen Broad Beans 1lb,$4.49,In Stock,/collections/all/products/w-chuan-frozen-broad-beans-1lb,2025-11-28 16:31:56
Sun noodle mazemen original 13.2oz,$9.99,In Stock,/collections/all/products/sun-noodle-mazemen-original-13-2oz,2025-11-28 16:31:56
Sun noodle yakisoba garlic pepper 14.3oz,$8.29,In Stock,/collections/all/products/sun-noodle-yakisoba-garlic-pepper-14-3oz,2025-11-28 16:31:56
Nissui Salted Edamame 400g,$4.99,In Stock,/collections/all/products/nissui-salted-edamame-400g,2025-11-28 16:31:56
Azuma gokusyoichiban natto 4.76oz,$4.99,In Stock,/collections/all/products/azuma-gokusyoichiban-natto-4-76oz,2025-11-28 16:31:56
Okame Maroyaka Umami Natto Takano 5.46oz,$4.49,In Stock,/collections/all/products/okame-maroyaka-umami-natto-takano-5-46oz,2025-11-28 16:31:56
Okame Kazoku No Tei Ban 7.11oz,$6.79,In Stock,/collections/all/products/okame-kazoku-no-tei-ban-7-11oz,2025-11-28 16:31:56
Sugoi Natto S-903 Takano 3pc 4.8oz,$4.49,In Stock,/collections/all/products/sugoi-natto-s-903-takano-3pc-4-8oz,2025-11-28 16:31:56
Snapdragon Mushroom Pho 2.1oz,$5.49,In Stock,/collections/all/products/snapdragon-mushroom-pho-2-1oz,2025-11-28 16:31:56
Snapdragon Vegetable Pho 2.1oz,$5.49,In Stock,/collections/all/products/snapdragon-vegetable-pho-2-1oz,2025-11-28 16:31:56
Snapdragon Laksa Curry 2.1 oz,$5.49,In Stock,/collections/all/products/snapdragon-laksa-curry-2-1-oz,2025-11-28 16:31:56
Snapdragon Chicken Pho 2.1oz,$5.49,In Stock,/collections/all/products/snapdragon-chicken-pho-2-1oz,2025-11-28 16:31:56
Snapdragon Beef Pho 2.1oz,$5.49,In Stock,/collections/all/products/snapdragon-beef-pho-2-1oz,2025-11-28 16:31:56
Bibigo Tteokbokki Hot & Spicy 4.40oz,$4.99,In Stock,/collections/all/products/bibigo-tteokbokki-hot-spicy-4-40oz,2025-11-28 16:31:56
Bibigo Tteokbokki Cheese 12.69oz,$8.29,In Stock,/collections/all/products/bibigo-tteokbokki-cheese-12-69oz,2025-11-28 16:31:56
Bibigo Tteokbokki Hot&Spicy 12.69oz,$8.29,In Stock,/collections/all/products/bibigo-tteokbokki-hot-spicy-12-69oz,2025-11-28 16:31:56
Dw Rapokki Rice Cake & Ramen 11.53oz,$7.29,In Stock,/collections/all/products/dw-rapokki-rice-cake-ramen-11-53oz,2025-11-28 16:31:56
Jjajang Rapokki Rice Cake & Ramen 327g,$7.19,In Stock,/collections/all/products/jjajang-rapokki-rice-cake-ramen-327g,2025-11-28 16:31:56
Shizuren Clam Vermicelli 5.11oz,$4.49,In Stock,/collections/all/products/shizuren-clam-vermicelli-5-11oz,2025-11-28 16:31:56
Paldo Volcano Chicken Noodle 3.70oz,$3.99,In Stock,/collections/all/products/paldo-volcano-chicken-noodle-3-70oz,2025-11-28 16:31:56
Ns Bowl Noodle Soup Beef 3.03oz,$4.49,In Stock,/collections/all/products/ns-bowl-noodle-soup-beef-3-03oz,2025-11-28 16:31:56
Ns Shin Noodle Soup Vegan 75g,$2.79,In Stock,/collections/all/products/ns-shin-noodle-soup-vegan-75g,2025-11-28 16:31:56
Bulramen Stir-Fried Ramen Hot 3.88oz,$3.29,In Stock,/collections/all/products/bulramen-stir-fried-ramen-hot-3-88oz,2025-11-28 16:31:56
Ns Shin Gold W/ Chicken Broth Cup 3.56oz,$4.99,In Stock,/collections/all/products/ns-shin-gold-w-chicken-broth-cup-3-56oz,2025-11-28 16:31:56
Key Coffee Tetra Prisma Bito 33.81oz,$7.79,In Stock,/collections/all/products/key-coffee-tetra-prisma-bito-33-81oz,2025-11-28 16:31:56
Jongga Fermented Vegan Kimchi 10.6oz,$9.99,In Stock,/collections/all/products/jongga-fermented-vegan-kimchi-10-6oz,2025-11-28 16:31:56
Goshen Kimchi Scallion 14OZ,$15.49,In Stock,/collections/all/products/goshen-kimchi-scallion-14oz,2025-11-28 16:31:56
Goshen Kimchi Cucumber 12oz,$15.49,In Stock,/collections/all/products/goshen-kimchi-cucumber-12oz,2025-11-28 16:31:56
Goshen Vegan Kimchi Mustard Leaf 14oz,$14.49,In Stock,/collections/all/products/goshen-vegan-kimchi-mustard-leaf-14oz,2025-11-28 16:31:56
Hs Seasoned Squid W/ Herring Roe 190g,$9.99,In Stock,/collections/all/products/hs-seasoned-squid-w-herring-roe-190g,2025-11-28 16:31:56
Food Jangter Cubed Radish Kimchi 4.2oz,$5.49,In Stock,/collections/all/products/food-jangter-cubed-radish-kimchi-4-2oz,2025-11-28 16:31:56
Food Jangter White Kimchi 4.2oz,$5.49,In Stock,/collections/all/products/food-jangter-white-kimchi-4-2oz,2025-11-28 16:31:56
Food Jangter Mak Kimchi 4.2oz,$5.49,In Stock,/collections/all/products/food-jangter-mak-kimchi-4-2oz,2025-11-28 16:31:56
Jinga Whole Cabbage Kimchi 17.6oz,$10.99,In Stock,/collections/all/products/jinga-whole-cabbage-kimchi-17-6oz,2025-11-28 16:31:56
Jongga Kimchi Mild Vegan 2.8oz,$2.29,In Stock,/collections/all/products/jongga-kimchi-mild-vegan-2-8oz,2025-11-28 16:31:56
Jongga Kimchi Mild Classic 2.8oz,$2.29,In Stock,/collections/all/products/jongga-kimchi-mild-classic-2-8oz,2025-11-28 16:31:56
Cj Bibigo Sliced Radish Kimchi 500g,$9.99,In Stock,/collections/all/products/cj-bibigo-sliced-radish-kimchi-500g,2025-11-28 16:31:56
Ns Neoguri Spicy Seafood Flv 4.83oz,$3.99,In Stock,/collections/all/products/ns-neoguri-spicy-seafood-flv-4-83oz,2025-11-28 16:31:56
Bgr Melona Choco Dipped Strawberry 8/76ml,$8.79,In Stock,/collections/all/products/bgr-melona-choco-dipped-strawberry-8-76ml,2025-11-28 16:31:56
Gugen Tofu Tiramisu Matcha 6.35oz,$11.49,In Stock,/collections/all/products/gugen-tofu-tiramisu-matcha-6-35oz,2025-11-28 16:31:56
Imuraya Frozen Wafer Sadwich 10.14oz,$9.99,In Stock,/collections/all/products/imuraya-frozen-wafer-sadwich-10-14oz,2025-11-28 16:31:56
Imuraya Ice Monaka Matcha An 10.14oz,$9.49,In Stock,/collections/all/products/imuraya-ice-monaka-matcha-an-10-14oz,2025-11-28 16:31:56
Maeil Biofeel Probiotic Lower Sugar 11oz,$2.19,In Stock,/collections/all/products/maeil-biofeel-probiotic-lower-sugar-11oz,2025-11-28 16:31:56
Imuraya Milkbars W/ Azuki Filling 6/60ml,$9.49,In Stock,/collections/all/products/imuraya-milkbars-w-azuki-filling-6-60ml,2025-11-28 16:31:56
Lt Papico Chocolate Ice Tube 130ML/6pk,$7.99,In Stock,/collections/all/products/lt-papico-chocolate-ice-tube-130ml-6pk,2025-11-28 16:31:56
Lotte Papico Milky Yogurt Ice Tube 4.4oz,$7.99,In Stock,/collections/all/products/lotte-papico-milky-yogurt-ice-tube-4-4oz,2025-11-28 16:31:56
Lt Screw Pouch Apple Strawberry 5/160ml,$13.99,In Stock,/collections/all/products/lt-screw-pouch-apple-strawberry-5-160ml,2025-11-28 16:31:56
Yasso Grk Ygrt Creamy Mango 14oz,$10.99,In Stock,/collections/all/products/yasso-grk-ygrt-creamy-mango-14oz,2025-11-28 16:31:56
Sk Mochi Ice Cream Mango 8.4oz,$8.99,In Stock,/collections/all/products/sk-mochi-ice-cream-mango-8-4oz,2025-11-28 16:31:56
Bgr Melona Coconut Mochi 9.1oz,$8.99,In Stock,/collections/all/products/bgr-melona-coconut-mochi-9-1oz,2025-11-28 16:31:56
Bgr Melona Mochi Yuzu 9.1oz,$8.79,In Stock,/collections/all/products/bgr-melona-mochi-yuzu-9-1oz,2025-11-28 16:31:56
Lt Watermelon Bar 6/75ml,$9.49,In Stock,/collections/all/products/lt-watermelon-bar-6-75ml,2025-11-28 16:31:56
Lt World Cone Vanilla 5/160ml,$13.19,In Stock,/collections/all/products/lt-world-cone-vanilla-5-160ml,2025-11-28 16:31:56
Gugen Big Yogurt Apple Mango 23.66oz,$4.99,In Stock,/collections/all/products/gugen-big-yogurt-apple-mango-23-66oz,2025-11-28 16:31:56
Magnolia avocado Ice Cream  1.42l,$15.49,In Stock,/collections/all/products/magnolia-avocado-ice-cream-1-42l,2025-11-28 16:31:56
Mg Ice Cream Ube Cookies& Cream 48oz,$17.79,In Stock,/collections/all/products/mg-ice-cream-ube-cookies-cream-48oz,2025-11-28 16:31:56
Maeda Black Sesame Ice Cream 1pt,$8.29,In Stock,/collections/all/products/maeda-black-sesame-ice-cream-1pt,2025-11-28 16:31:56
Mint Chip,$13.19,In Stock,/collections/all/products/mint-chip,2025-11-28 16:31:56
Sangaria Royal Milk Coffee 265ml,$3.29,In Stock,/collections/all/products/sangaria-royal-milk-coffee-265ml,2025-11-28 16:31:56
Itoen Barley Tea Mugicha 16.9oz,$3.29,In Stock,/collections/all/products/itoen-barley-tea-mugicha-16-9oz,2025-11-28 16:31:56
Calpico Melon 16.9oz,$4.49,In Stock,/collections/all/products/calpico-melon-16-9oz,2025-11-28 16:31:56
Wang Aloe Drink 500ml,$3.29,In Stock,/collections/all/products/wang-aloe-drink-500ml,2025-11-28 16:31:56
Calpis Calpico Strawberry 500ml,$4.49,In Stock,/collections/all/products/calpis-calpico-strawberry-500ml,2025-11-28 16:31:56
Pokka Black Coffee No Sugar 8.1oz,$2.79,In Stock,/collections/all/products/pokka-black-coffee-no-sugar-8-1oz,2025-11-28 16:31:56
Poland Spring Lime Sparkling Water 1l,$2.79,In Stock,/collections/all/products/poland-spring-lime-sparkling-water-1l,2025-11-28 16:31:56
Kukuru Yogurt Drink Peach 280ml,$2.19,In Stock,/collections/all/products/kukuru-yogurt-drink-peach-280ml,2025-11-28 16:31:56
Tomomasu Suika Soda 10.14oz,$4.49,In Stock,/collections/all/products/tomomasu-suika-soda-10-14oz,2025-11-28 16:31:56
Lkk Choy Sun Oyster Flv Sauce 20.5oz,$5.49,In Stock,/collections/all/products/lkk-choy-sun-oyster-flv-sauce-20-5oz,2025-11-28 16:31:56
Lkk Less Sodium Oyster Sauce 17.5oz,$6.29,In Stock,/collections/all/products/lkk-less-sodium-oyster-sauce-17-5oz,2025-11-28 16:31:56
Lkk Fine Chili Sauce 16oz,$7.79,In Stock,/collections/all/products/lkk-fine-chili-sauce-16oz,2025-11-28 16:31:56
Lkk Sweet Soy Sauce 14oz,$7.29,In Stock,/collections/all/products/lkk-sweet-soy-sauce-14oz,2025-11-28 16:31:56
Lkk Sriracha Chili Sauce 18oz,$7.19,In Stock,/collections/all/products/lkk-sriracha-chili-sauce-18oz,2025-11-28 16:31:56
Lgm Fried Chili In Oil 25.75oz,$12.19,In Stock,/collections/all/products/lgm-fried-chili-in-oil-25-75oz,2025-11-28 16:31:56
Lkk Guizhou Black Bean Chili Sauce 12oz,$7.79,In Stock,/collections/all/products/lkk-guizhou-black-bean-chili-sauce-12oz,2025-11-28 16:31:56
Lkk Chili Black Bean Sauce 8.1oz,$7.79,In Stock,/collections/all/products/lkk-chili-black-bean-sauce-8-1oz,2025-11-28 16:31:56
Spicy King Pexian Bean Sauce 8oz,$3.99,In Stock,/collections/all/products/spicy-king-pexian-bean-sauce-8oz,2025-11-28 16:31:56
LKK Minced Ginger 11.5oz,$7.79,In Stock,/collections/all/products/lkk-minced-ginger-11-5oz,2025-11-28 16:31:56
Lkk Minced Garlic 11.5oz,$9.99,In Stock,/collections/all/products/lkk-minced-garlic-11-5oz,2025-11-28 16:31:56
Lkk Concentrated Chicken Bouillon 9.6oz,$6.19,In Stock,/collections/all/products/lkk-concentrated-chicken-bouillon-9-6oz,2025-11-28 16:31:56
Kkm Soy Sauce 5oz,$3.99,In Stock,/collections/all/products/kkm-soy-sauce-5oz,2025-11-28 16:31:56
Shibanuma Shiho No Shizuku Sho 10.1oz,$11.79,In Stock,/collections/all/products/shibanuma-shiho-no-shizuku-sho-10-1oz,2025-11-28 16:31:56
Yms Shinmi Soy Sauce 1l,$8.79,In Stock,/collections/all/products/yms-shinmi-soy-sauce-1l,2025-11-28 16:31:56
Yamasa Shoyu Soy Sauce Less Salt 10oz,$8.79,In Stock,/collections/all/products/yamasa-shoyu-soy-sauce-less-salt-10oz,2025-11-28 16:31:56
Kkm Manjo Aji Mirin 17oz,$7.19,In Stock,/collections/all/products/kkm-manjo-aji-mirin-17oz,2025-11-28 16:31:56
Sk Sweet Chili Sauce 18oz,$7.79,In Stock,/collections/all/products/sk-sweet-chili-sauce-18oz,2025-11-28 16:31:56
CJ Tuna Fish Sauce Mild 500g,$10.99,In Stock,/collections/all/products/cj-tuna-fish-sauce-mild-500g,2025-11-28 16:31:56
Kkm Hon Tsuyu Soup Base Koidashi 17oz,$10.49,In Stock,/collections/all/products/kkm-hon-tsuyu-soup-base-koidashi-17oz,2025-11-28 16:31:56
Morita Tsuyo Katsuo Seasoning 500ml,$5.49,In Stock,/collections/all/products/morita-tsuyo-katsuo-seasoning-500ml,2025-11-28 16:31:56
San-j Organic Tamari Gluten Free 10oz,$10.99,In Stock,/collections/all/products/san-j-organic-tamari-gluten-free-10oz-1,2025-11-28 16:31:56
Marukan Yuzu Ponzu Prem Soy Drss 120z,$8.79,In Stock,/collections/all/products/marukan-yuzu-ponzu-prem-soy-drss-120z,2025-11-28 16:31:56
Marukan Ponzu Prem Soy Dressing 12oz,$8.79,In Stock,/collections/all/products/marukan-ponzu-soy-dressing-12oz,2025-11-28 16:31:56
Sp Soy Sauce Rich & Delicate 29.8oz,$7.19,In Stock,/collections/all/products/sp-soy-sauce-rich-delicate-29-8oz,2025-11-28 16:31:56
CJO L.Sodium Sea Tangle Soy Sauce 840ml,$9.99,In Stock,/collections/all/products/cjo-l-sodium-sea-tangle-soy-sauce-840ml,2025-11-28 16:31:56
Beksul Tuna Fish Sauce Rich 14.2oz,$10.99,In Stock,/collections/all/products/beksul-tuna-fish-sauce-rich-14-2oz,2025-11-28 16:31:56
Otafuku Sushi Sauce 15oz,$8.79,In Stock,/collections/all/products/otafuku-sushi-sauce-15oz,2025-11-28 16:31:56
Yamaki Kappo Shirodashi 16.7oz,$7.19,In Stock,/collections/all/products/yamaki-kappo-shirodashi-16-7oz,2025-11-28 16:31:56
Daisho Seasoning Sauce For Sukiyak 1.3lb,$11.19,In Stock,/collections/all/products/daisho-seasoning-sauce-for-sukiyak-1-3lb,2025-11-28 16:31:56
Ebara Tare Yakiniku Shoyu 600g,$15.49,In Stock,/collections/all/products/ebara-tare-yakiniku-shoyu-600g,2025-11-28 16:31:56
Ebara Tare Yakiniku Hot Sauce 600g,$15.49,In Stock,/collections/all/products/ebara-tare-yakiniku-hot-sauce-600g,2025-11-28 16:31:56
Kimbo Dumpling Sauce Garlic 6.42oz,$3.99,In Stock,/collections/all/products/kimbo-dumpling-sauce-garlic-6-42oz,2025-11-28 16:31:56
Marukan Rice Vinegar Lite 24oz,$8.79,In Stock,/collections/all/products/marukan-rice-vinegar-lite-24oz,2025-11-28 16:31:56
Marukan Rice Vinegar Genuine Brewed 24oz,$8.79,In Stock,/collections/all/products/marukan-rice-vinegar-genuine-brewed-24oz,2025-11-28 16:31:56
Otg Korean Rice Syrup 700g,$10.99,In Stock,/collections/all/products/otg-korean-rice-syrup-700g,2025-11-28 16:31:56
Bragg Liquid Aminos 16oz,$9.49,In Stock,/collections/all/products/bragg-liquid-aminos-16oz-2,2025-11-28 16:31:56
Heinz Apple Cider Vinegar 16oz,$3.99,In Stock,/collections/all/products/heinz-apple-cider-vinegar-16oz,2025-11-28 16:31:56
Cjo Fresh Corn Oil 500ml,$7.19,In Stock,/collections/all/products/cjo-fresh-corn-oil-500ml,2025-11-28 16:31:56
Berio Olive Oil 16.9oz,$16.49,In Stock,/collections/all/products/berio-olive-oil-16-9oz,2025-11-28 16:31:56
Hellmanns Light Mayonnaise 11.5oz,$9.49,In Stock,/collections/all/products/hellmanns-light-mayonnaise-11-5oz,2025-11-28 16:31:56
Morita Yuki Ryori Shu 16.6oz,$10.49,In Stock,/collections/all/products/morita-yuki-ryori-shu-16-6oz,2025-11-28 16:31:56
Cj Oligosaccharide 700g,$7.79,In Stock,/collections/all/products/cj-oligosaccharide-700g,2025-11-28 16:31:56
Mzk Cooking Rice Wine 13.53oz,$8.29,In Stock,/collections/all/products/mzk-cooking-rice-wine-13-53oz,2025-11-28 16:31:56
Morita Cooking Rice Wine 500ml,$5.49,In Stock,/collections/all/products/morita-cooking-rice-wine-500ml,2025-11-28 16:31:56
Mizkan Rice Vinegar Natural 12oz,$6.19,In Stock,/collections/all/products/mizkan-rice-vinegar-natural-12oz,2025-11-28 16:31:56
Cjo Apple Vinegar 500ml,$5.29,In Stock,/collections/all/products/cjo-apple-vinegar-500ml,2025-11-28 16:31:56
Moon Lake Plum Wine With Plums 750ml,$10.99,In Stock,/collections/all/products/moon-lake-plum-wine-with-plums-750ml,2025-11-28 16:31:56
Ttl Cooking Spiritsmichiu 750ml,$9.99,In Stock,/collections/all/products/ttl-cooking-spiritsmichiu-750ml,2025-11-28 16:31:56
Morita Mirin Sweet Sake Seasoning 33.8oz,$9.99,In Stock,/collections/all/products/morita-mirin-sweet-sake-seasoning-33-8oz,2025-11-28 16:31:56
Sk Sesame Oil 22.12oz,$17.79,In Stock,/collections/all/products/sk-sesame-oil-22-12oz,2025-11-28 16:31:56
Heinz Distilled White Vinegar 16oz,$3.29,In Stock,/collections/all/products/heinz-distilled-white-vinegar-16oz,2025-11-28 16:31:56
Marutomo Soup Base Tsuyu Somen 12.17oz,$6.79,In Stock,/collections/all/products/marutomo-soup-base-tsuyu-somen-12-17oz,2025-11-28 16:31:56
Dy Premium Oyster Sauce 9oz,$6.79,In Stock,/collections/all/products/dy-premium-oyster-sauce-9oz,2025-11-28 16:31:56
Sk Pure Sesame Oil 6.25oz,$6.19,In Stock,/collections/all/products/sk-pure-sesame-oil-6-25oz,2025-11-28 16:31:56
Nisshin Mayo Dore Dressing 315g,$8.79,In Stock,/collections/all/products/nisshin-mayo-dore-dressing-315g,2025-11-28 16:31:56
Three Crabs Fish Sauce Small 10.14oz,$7.79,In Stock,/collections/all/products/three-crabs-fish-sauce-small-10-14oz,2025-11-28 16:31:56
Hansang Perilla Oil 5.41oz,$7.79,In Stock,/collections/all/products/hansang-perilla-oil-5-41oz,2025-11-28 16:31:56
Crd Roasted Black Bean Paste 1.1lb,$8.79,In Stock,/collections/all/products/crd-roasted-black-bean-paste-1-1lb,2025-11-28 16:31:56
Kenko Creamy Sesame Dressing 16.9oz,$9.99,In Stock,/collections/all/products/kenko-creamy-sesame-dressing-16-9oz,2025-11-28 16:31:56
Kame Hoisin Sauce 8oz,$6.79,In Stock,/collections/all/products/kame-hoisin-sauce-8oz,2025-11-28 16:31:56
Cholula Hot Sauce Original 5oz,$6.99,In Stock,/collections/all/products/cholula-hot-sauce-original-5oz,2025-11-28 16:31:56
ElYucateco Hot Sauce Chile Habanero 4oz,$3.99,In Stock,/collections/all/products/elyucateco-hot-sauce-chile-habanero-4oz-1,2025-11-28 16:31:56
Lion & Glove Pure Peanut Oil 900ml,$19.79,In Stock,/collections/all/products/lion-glove-pure-peanut-oil-900ml,2025-11-28 16:31:56
Lion&Globe Extra Virgin Peanut Oil 900g,$19.79,In Stock,/collections/all/products/lion-globe-extra-virgin-peanut-oil-900g,2025-11-28 16:31:56
Datu Puti Vinegar 33.81oz,$5.49,In Stock,/collections/all/products/datu-puti-vinegar-33-81oz,2025-11-28 16:31:56
Agri Yamazaki Onigiri Rice 2lb,$14.99,In Stock,/collections/all/products/agri-yamazaki-onigiri-rice-2lb,2025-11-28 16:31:56
Tomo Seasoned Bambooshoots 12.35oz,$3.99,In Stock,/collections/all/products/tomo-seasoned-bambooshoots-12-35oz,2025-11-28 16:31:56
Otafuku Tonkatsu Sauce 17.6oz,$7.79,In Stock,/collections/all/products/otafuku-tonkatsu-sauce-17-6oz,2025-11-28 16:31:56
He Cheng Pixian Broad Bean Paste 500g,$4.99,In Stock,/collections/all/products/he-cheng-pixian-broad-bean-paste-500g,2025-11-28 16:31:56
Hot Crispy Oil Extra Hot 6oz,$17.79,In Stock,/collections/all/products/hot-crispy-oil-extra-hot-6oz,2025-11-28 16:31:56
Jongga Vision Hot Pepper Paste 500g,$6.79,In Stock,/collections/all/products/jongga-vision-hot-pepper-paste-500g,2025-11-28 16:31:56
Wang Hot Pepper Paste 1.1lb,$7.79,In Stock,/collections/all/products/wang-hot-pepper-paste-1-1lb,2025-11-28 16:31:56
Yuzu It Yuzu Pepper Sauce 5oz,$11.79,In Stock,/collections/all/products/yuzu-it-yuzu-pepper-sauce-5oz,2025-11-28 16:31:56
Olivaroma Organic Olive Oil 750ml,$31.49,In Stock,/collections/all/products/olivaroma-organic-olive-oil-750ml,2025-11-28 16:31:56
W.Chuan F.Bean Curd Sesame Oil 13oz,$5.49,In Stock,/collections/all/products/w-chuan-f-bean-curd-sesame-oil-13oz,2025-11-28 16:31:56
W.Chuan White Fermented BeanCurd 13oz,$5.49,In Stock,/collections/all/products/w-chuan-white-fermented-beancurd-13oz,2025-11-28 16:31:56
Wang Korean BBQ Sauce Hot & Spicy 480g,$7.79,In Stock,/collections/all/products/wang-korean-bbq-sauce-hot-spicy-480g,2025-11-28 16:31:56
Wang Korean B.B.Q Sauce Bulgogi 480g,$6.09,In Stock,/collections/all/products/wang-korean-b-b-q-sauce-bulgogi-480g,2025-11-28 16:31:56
Wang Soy Bean Paste 500g,$6.09,In Stock,/collections/all/products/wang-soy-bean-paste-500g,2025-11-28 16:31:56
Mil Fermented Chile Sauce Garlic 9oz,$12.09,In Stock,/collections/all/products/mil-fermented-chile-sauce-garlic-9oz,2025-11-28 16:31:56
Mil Fermented Chile Paste Original 10oz,$14.29,In Stock,/collections/all/products/mil-fermented-chile-paste-original-10oz,2025-11-28 16:31:56
Youki Tenmenjan 4.59oz,$7.79,In Stock,/collections/all/products/youki-tenmenjan-4-59oz,2025-11-28 16:31:56
Ht Ace Cracker Basque Cheesecake 12.74oz,$8.79,In Stock,/collections/all/products/ht-ace-cracker-basque-cheesecake-12-74oz,2025-11-28 16:31:56
Crw Poteau Cheese Cracker 368g,$8.29,In Stock,/collections/all/products/crw-poteau-cheese-cracker-368g,2025-11-28 16:31:56
Sukina Mixed Grain 32oz,$7.79,In Stock,/collections/all/products/sukina-mixed-grain-32oz,2025-11-28 16:31:56
Hakubai Mochigome-Sweet Rice 2lb,$5.49,In Stock,/collections/all/products/hakubai-mochigome-sweet-rice,2025-11-28 16:31:56
Aguri Masakado Hikarimai Org Rice 2kg,$49.49,In Stock,/collections/all/products/aguri-masakado-hikarimai-org-rice-2kg-1,2025-11-28 16:31:56
Haru Haru Sushi Rice 4.4lb,$9.99,In Stock,/collections/all/products/haru-haru-sushi-rice-4-4lb,2025-11-28 16:31:56
Crd Black Beans 2lb,$9.99,In Stock,/collections/all/products/crd-black-rice-4lb-1,2025-11-28 16:31:56
Crd Black Rice 4lb,$19.79,In Stock,/collections/all/products/crd-brown-rice-4lb,2025-11-28 16:31:56
S.shine Moonlight Akitakomachi 4.4lb,$15.99,In Stock,/collections/all/products/s-shine-moonlight-akitakomachi-4-4lb,2025-11-28 16:31:56
8 Elephants Jasmine Brown Rice  2lb,$6.29,In Stock,/collections/all/products/crd-black-rice-4lb,2025-11-28 16:31:56
Koshihikari Premium Short Grain 4.4lb,$20.99,In Stock,/collections/all/products/koshihikari-premium-short-grain-4-4lb,2025-11-28 16:31:56
Nishiki Premium Haiga Rice 5lb,$14.99,In Stock,/collections/all/products/nishiki-premium-haiga-rice-5lb,2025-11-28 16:31:56
Agri Milky Queen Org Rice 2kg,$49.49,In Stock,/collections/all/products/agri-milky-queen-org-rice-2kg,2025-11-28 16:31:56
Kagayaki Rice 4.4lb,$15.99,In Stock,/collections/all/products/kagayaki-rice-4-4lb,2025-11-28 16:31:56
Japanese Premium Rice 11lb,$43.99,In Stock,/collections/all/products/japanese-premium-rice-11lb,2025-11-28 16:31:56
Matsuri Rice Koshihikari 4.4lb,$16.49,In Stock,/collections/all/products/matsuri-rice-koshihikari-4-4lb,2025-11-28 16:31:56
Sam Su Gab San Sweet Rice 4.4lb,$11.99,In Stock,/collections/all/products/sam-su-gab-san-sweet-rice-4-4lb,2025-11-28 16:31:56
Sukoyaka Genmai Brown Rice 4.4lb,$20.99,In Stock,/collections/all/products/sukoyaka-genmai-brown-rice-4-4lb,2025-11-28 16:31:56
Miyako Pearl Rice Medium Grain 4.4lb,$8.79,In Stock,/collections/all/products/miyako-pearl-rice-medium-grain-4-4lb,2025-11-28 16:31:56
Carolina Basmati Rice 32oz,$8.79,In Stock,/collections/all/products/carolina-basmati-rice-32oz,2025-11-28 16:31:56
Orion Choco Chip Mini 3.17Oz,$2.79,In Stock,/collections/all/products/orion-choco-chip-mini-3-17oz,2025-11-28 16:31:56
Glico Bite Matcha Chocolate 3.3Oz,$6.09,In Stock,/collections/all/products/glico-bite-matcha-chocolate-3-3oz,2025-11-28 16:31:56
Lotte Sand Pineapple 315G,$8.29,In Stock,/collections/all/products/lotte-sand-pineapple-315g,2025-11-28 16:31:56
Pocas Thai Tea Flv 16.5Oz,$4.39,In Stock,/collections/all/products/pocas-thai-tea-flv-16-5oz,2025-11-28 16:31:56
Pocas Taro Bubble Tea 16.5Oz,$4.39,In Stock,/collections/all/products/pocas-taro-bubble-tea-16-5oz,2025-11-28 16:31:56
Lotte Milkis Low Calorie Original 8.45Oz,$2.19,In Stock,/collections/all/products/lt-milkis-low-calorie-original-8-45oz,2025-11-28 16:31:56
Pocas Matcha Bubble Tea 16.5Oz,$4.39,In Stock,/collections/all/products/pocas-matcha-bubble-tea-16-5oz,2025-11-28 16:31:56
Paldo Rice Punch 50.72Oz,$8.29,In Stock,/collections/all/products/paldo-rice-punch-50-72oz,2025-11-28 16:31:56
Hawaiian Sun Strwbrry Guava Nectar 340Ml,$2.19,In Stock,/collections/all/products/hawaiian-sun-strwbrry-guava-nectar-340ml,2025-11-28 16:31:56
Harmless Harvest Coconut Water  10Oz,$7.69,In Stock,/collections/all/products/harmless-harvest-coconut-water-10oz,2025-11-28 16:31:56
Pocas Brown Sugar Bubble Tea 16.5Oz,$4.39,In Stock,/collections/all/products/pocas-brown-sugar-bubble-tea-16-5oz,2025-11-28 16:31:56
Health Ade Kombucha Passion Fruit 16Oz,$5.99,In Stock,/collections/all/products/health-ade-kombucha-passion-fruit-16oz,2025-11-28 16:31:56
Kameda Rice Cracker Soft Salad 4.9Oz,$7.19,In Stock,/collections/all/products/kameda-rice-cracker-soft-salad-4-9oz,2025-11-28 16:31:56
Glico Pretz Sweet Corn 1.09Oz,$2.79,In Stock,/collections/all/products/glico-pretz-sweet-corn-1-09oz,2025-11-28 16:31:56
Glico Pretz Pizza 1.09Oz,$2.79,In Stock,/collections/all/products/glico-pretz-pizza-1-09oz,2025-11-28 16:31:56
Orion O!Tube Tomato 4.06Oz,$6.09,In Stock,/collections/all/products/orion-o-tube-tomato-4-06oz,2025-11-28 16:31:56
Lotte Corn Snack Original 4.72Oz,$7.69,In Stock,/collections/all/products/lotte-corn-snack-original-4-72oz,2025-11-28 16:31:56
Wei Lih Gge Tempura 2.82Oz,$3.29,In Stock,/collections/all/products/wei-lih-gge-tempura-2-82oz,2025-11-28 16:31:56
Orion Turtle Chips Choco Churros 2.83Oz,$3.29,In Stock,/collections/all/products/oro-turtle-chips-choco-churros-2-83oz,2025-11-28 16:31:56
Lays Potato Chip Cucumber 70G,$3.29,In Stock,/collections/all/products/lays-potato-chip-cucumber-70g,2025-11-28 16:31:56
Harney&Sons English Breakfast 20/40G,$9.89,In Stock,/collections/all/products/harney-sons-english-breakfast-20-40g,2025-11-28 16:31:56
Harney&Sons Organic Ginger Lemon Tea 20/40G,$9.89,In Stock,/collections/all/products/harney-sons-ginger-w-lemon-tea-20-40g,2025-11-28 16:31:56
Harney&Sons  Earl Grey Supreme 20/40G,$9.89,In Stock,/collections/all/products/harney-sons-earl-grey-supreme-20-40g,2025-11-28 16:31:56
Harney & Sons New York Blend 20Ct,$10.99,In Stock,/collections/all/products/harney-sons-new-york-blend-20ct,2025-11-28 16:31:56
Nokchawon Bitter Melon 28G,$9.89,In Stock,/collections/all/products/nokchawon-bitter-melon-28g,2025-11-28 16:31:56
Cg Ten Roasted Grain Powder 2.2Lb,$8.79,In Stock,/collections/all/products/cg-ten-roasted-grain-powder-2-2lb,2025-11-28 16:31:56
Cg Ten Roasted Grain Powder Mix 2.2Lb,$11.79,In Stock,/collections/all/products/cg-ten-roasted-grain-powder-mix-2-2lb,2025-11-28 16:31:56
Sura Roasted Barley Tea 1Lb,$6.59,In Stock,/collections/all/products/sura-roasted-barley-tea-1lb,2025-11-28 16:31:56
Sura Roasted Corn Tea 16Oz,$4.99,In Stock,/collections/all/products/sura-roasted-corn-tea-16oz,2025-11-28 16:31:56
Ymy Organic Jasmine 1.2Oz,$9.89,In Stock,/collections/all/products/ymy-organic-jasmine-1-2oz,2025-11-28 16:31:56
Cjo Rice Noodle Seafood 3.2Oz,$3.99,In Stock,/collections/all/products/cjo-rice-noodle-seafood-3-2oz,2025-11-28 16:31:56
Cjo Rice Noodle Spicy 3.2Oz,$3.99,In Stock,/collections/all/products/cjo-rice-noodle-spicy-3-2oz,2025-11-28 16:31:56
Cjo Seafood Ramen Big Cup 3.7Oz,$3.79,In Stock,/collections/all/products/cjo-seafood-ramen-big-cup-3-7oz,2025-11-28 16:31:56
Ucc The Blend Taste No 117 3.1Oz,$15.39,In Stock,/collections/all/products/ucc-the-blend-taste-no-117-3-1oz,2025-11-28 16:31:56
Agf Cafe Latoty Milk Tea Latte 2.3Oz,$6.79,In Stock,/collections/all/products/agf-cafe-latoty-milk-tea-latte-2-3oz,2025-11-28 16:31:56
Agf Cafe Latory Creamy Cappuccino 2.3Oz,$8.79,In Stock,/collections/all/products/agf-cafe-latory-creamy-cappuccino-2-3oz,2025-11-28 16:31:56
Alderfer Organic Large Brown 6 Eggs,$5.99,In Stock,/collections/all/products/alderfer-organic-large-brown-6-eggs,2025-11-28 16:31:56
Alderfer Cage Free Large Eggs 18P,$9.99,In Stock,/collections/all/products/alderfer-cage-free-large-eggs-18p,2025-11-28 16:31:56
San Sui Soft Tofu 16Oz,$2.79,In Stock,/collections/all/products/san-sui-soft-tofu-16oz,2025-11-28 16:31:56
San Sui Silken Tofu 16Oz,$2.79,In Stock,/collections/all/products/san-sui-silken-tofu-16oz,2025-11-28 16:31:56
San Sui Firm Tofu 16Oz,$2.79,In Stock,/collections/all/products/san-sui-firm-tofu-16oz,2025-11-28 16:31:56
Otafuku Smoky Teriyaki Sauce 7.05Oz,$5.49,In Stock,/collections/all/products/otafuku-smoky-teriyaki-sauce-7-05oz,2025-11-28 16:31:56
Daifuku Jumbo Udon W/ Soup Base 3/207G,$5.49,In Stock,/collections/all/products/daifuku-jumbo-udon-w-soup-base-3-207g,2025-11-28 16:31:56
Myojo Authentic Jap Udon 21.8Oz,$7.69,In Stock,/collections/all/products/myojo-authentic-jap-udon-21-8oz,2025-11-28 16:31:56
Myojo Jumbo Udon Noodles Only 20.94Oz,$7.19,In Stock,/collections/all/products/myojo-jumbo-udon-noodles-only-20-94oz,2025-11-28 16:31:56
Wang Fresh Udon 630G,$8.29,In Stock,/collections/all/products/wang-fresh-udon-630g,2025-11-28 16:31:56
Choripdong Tempura Udon 1.45Lb,$5.49,In Stock,/collections/all/products/crd-tempura-udon-1-45lb,2025-11-28 16:31:56
Itsuki Yakisoba 17.99Oz,$7.19,In Stock,/collections/all/products/itsuki-yakisoba-17-99oz,2025-11-28 16:31:56
Asahi Mitsuya Peach Squash 500ml,$4.49,In Stock,/collections/all/products/asahi-mitsuya-peach-squash-500ml,2025-11-28 16:31:56
Foco Thai Tea Drink 11.8fl.oz,$2.79,In Stock,/collections/all/products/foco-thai-tea-drink-11-8fl-oz,2025-11-28 16:31:56
Coca-Cola Zero Sugar Can Soda 12fl.oz,$1.79,In Stock,/collections/all/products/coca-cola-zero-sugar-soda-12fl-oz,2025-11-28 16:31:56
Cocomix Organic Pure Coconut Water 1L,$6.79,In Stock,/collections/all/products/cocomix-organic-pure-coconut-water-1-5l,2025-11-28 16:31:56
Dongwon Sweet Rice and Pear Drink 1.5L,$5.49,In Stock,/collections/all/products/dongwon-sweet-rice-and-pear-drink-1-5l,2025-11-28 16:31:56
Woongjin 210 Days Mandarine Drink 1.5L,$5.49,In Stock,/collections/all/products/woongjin-210-days-mandarine-drink-1-5l,2025-11-28 16:31:56
Ito En Milk Tea Matcha (Green Tea + Milk) 11.8fl.oz,$3.29,In Stock,/collections/all/products/ito-en-milk-tea-matcha-green-tea-milk-11-8fl-oz,2025-11-28 16:31:56
Pokka Milk Coffee Gold 10fl.oz,$3.29,In Stock,/collections/all/products/pokka-milk-coffee-gold-10fl-oz,2025-11-28 16:31:56
The Mountain Valley Spring Water 33.8fl.oz,$4.99,In Stock,/collections/all/products/the-mountain-valley-spring-water-33-8fl-oz,2025-11-28 16:31:56
Essentia Water 20fl.oz,$2.79,In Stock,/collections/all/products/essentia-water-20oz,2025-11-28 16:31:56
Lotte 2% Refreshing Water Peach Flavor 1.5L,$8.29,In Stock,/collections/all/products/lotte-refreshing-water-2-peach-flavor-1-5l,2025-11-28 16:31:56
Dong-A Oran-C Low Calorie Orange Carbonated Soft Drink 250ml,$2.29,In Stock,/collections/all/products/dong-a-oran-c-low-calorie-orange-carbonated-soft-drink-250ml,2025-11-28 16:31:56
Dong-A Oran-C Low Calorie Orange Carbonated Soft Drink 6 Cans x 8.45fl.oz,$10.99,In Stock,/collections/all/products/dong-a-low-calorie-orange-carbonated-soft-drink-6-cans-x-8-45fl-oz,2025-11-28 16:31:56
Dong-A Oran-C Low Calorie Pineapple Carbonated Soft Drink 250ml,$2.29,In Stock,/collections/all/products/dong-a-low-calorie-pineapple-carbonated-soft-drink-250ml,2025-11-28 16:31:56
Dong-A Oran-C Low Calorie Pineapple Carbonated Soft Drink 6 Cans x 8.45fl.oz,$2.29,In Stock,/collections/all/products/dong-a-low-calorie-pineapple-carbonated-soft-drink-6-cans-x-8-45fl-oz,2025-11-28 16:31:56
Lotte Greek Yogurt Ice Bar Strawberry 6 Bars x 2.83fl.oz,$8.79,In Stock,/collections/all/products/lotte-greek-yogurt-ice-bar-strawberry-6-bars-x-2-83fl-oz,2025-11-28 16:31:56
Lotte Frozen Cider & Yogurt Flavored Ice Bar Family Pack 2.70fl.oz x 6 Bars,$8.79,In Stock,/collections/all/products/lotte-frozen-cider-yogurt-flavored-ice-bar-family-pack-2-70fl-oz-x-6-bars,2025-11-28 16:31:56
Surasang Seasoned Salted Pollack Roe (Tarako) 5oz,$17.99,In Stock,/collections/all/products/surasang-seasoned-salted-pollack-roe-tarako-5oz,2025-11-28 16:31:56
Lotte Milkis Carbonated Drink Strawberry 8.45fl.oz,$2.29,In Stock,/collections/all/products/milkis-carbonated-drink-strawberry-8-45fl-oz,2025-11-28 16:31:56
Oatly The Orginal Oat Milk Low Fat 64fl.oz,$8.29,In Stock,/collections/all/products/oatly-the-orginal-oat-milk-low-fat-64fl-oz,2025-11-28 16:31:56
Yogo Vera Non Carbonated Soft Drink with Natural Juice & Aloe Pulp Aloe Mango Flavor 500ml,$3.29,In Stock,/collections/all/products/yogo-vera-non-carbonated-soft-drink-with-natural-juice-aloe-pulp-aloe-mango-flavor-500ml,2025-11-28 16:31:56
La Fermiere Raspberry Blueberry Creamy Whole Milk Yogurt 5.6oz,$4.99,In Stock,/collections/all/products/la-fermiere-raspberry-blueberry-creamy-whole-milk-yogurt-5-6oz,2025-11-28 16:31:56
Nestle Kit Kat Rich Green Tea Mini Biscuit 4.3oz,$10.99,In Stock,/collections/all/products/nestle-kit-kat-rich-green-tea-mini-biscuit-4-3oz,2025-11-28 16:31:56
Country Archer Provisions Grass-Fed Beef Jerky Teriyaki 2.5oz,$9.99,In Stock,/collections/all/products/country-archer-provisions-grass-fed-beef-jerky-teriyaki-2-5oz,2025-11-28 16:31:56
Glico Pocky Mint Cream Covered Cocoa Biscuit Sticks 2.14oz,$3.99,In Stock,/collections/all/products/pocky-mint-cream-covered-cocoa-biscuit-sticks-2-14oz,2025-11-28 16:31:56
Orion Fresh Berry Peach Pie 11.85oz,$8.29,In Stock,/collections/all/products/orion-fresh-berry-peach-pie-11-85oz,2025-11-28 16:31:56
Orion Choco Pie with Banana Cream Filling 15.66oz,$9.49,In Stock,/collections/all/products/orion-choco-pie-with-banana-cream-filling-15-66oz,2025-11-28 16:31:56
CW Premium Dessert Cookies Donut Peach Tart 160g,$7.79,In Stock,/collections/all/products/cw-premium-dessert-cookies-donut-peach-tart-160g,2025-11-28 16:31:56
Orion Fresh Berry Pie 11.85oz,$8.79,In Stock,/collections/all/products/orion-fresh-berry-pie-11-85oz,2025-11-28 16:31:56
Suavitel Complete Fabric Conditioner Morning Sun 18 Sheets,$3.49,In Stock,/collections/all/products/suavitel-complete-fabric-conditioner-morning-sun-18-sheets,2025-11-28 16:31:56
Suavitel Complete Fabric Conditioner Field Flowers 36 Sheets,$3.99,In Stock,/collections/all/products/suavitel-complete-fabric-conditioner-field-flowers-36-sheets,2025-11-28 16:31:56
Kracie Ichikami Color Care Conditioner 16.2fl.oz,$14.99,In Stock,/collections/all/products/kracie-ichikami-color-care-conditioner-16-2fl-oz,2025-11-28 16:31:56
Kracie Ichikami Moisturizing Conditioner 16.2fl.oz,$14.99,In Stock,/collections/all/products/kracie-ichikami-moisturizing-conditioner-16-2fl-oz,2025-11-28 16:31:56
Kao Merit Rinse-Free Shampoo Pump 16.2fl.oz,$19.99,In Stock,/collections/all/products/kao-merit-rinse-free-shampoo-pump-16-2fl-oz,2025-11-28 16:31:56
Kao Merit The Shampoo 16.2fl.oz,$19.99,In Stock,/collections/all/products/kao-merit-the-shampoo-16-2fl-oz,2025-11-28 16:31:56
Angus Beef Finger Meat 0.5lb,$8.99,In Stock,/collections/all/products/angus-beef-finger-meat-0-42lb,2025-11-28 16:31:56
Jongga Sliced Napa Cabbage Kimchi 10.6oz,$7.79,In Stock,/collections/all/products/jongga-sliced-napa-cabbage-kimchi-10-6oz,2025-11-28 16:31:56
Surasang Sliced Kimchi 28.2oz,$10.99,In Stock,/collections/all/products/surasang-sliced-kimchi-28-2oz,2025-11-28 16:31:56
CJ Bibigo Vegan Kimchi Sliced Kimchi 17.63oz,$9.99,In Stock,/collections/all/products/cj-bibigo-vegan-kimchi-17-63oz,2025-11-28 16:31:56
Kibun Abura Age (Fried Beancurd) 3.17oz,$3.99,In Stock,/collections/all/products/kibun-abura-age-fried-beancurd-3-17oz,2025-11-28 16:31:56
Fleischmann's Active Dry Yeast Original 21g,$3.99,In Stock,/collections/all/products/fleischmanns-active-dry-yeast-original-21g,2025-11-28 16:31:56
Fleischmann's Rapid Rise Instant Yeast Fast-Acting 21g,$3.99,In Stock,/collections/all/products/fleischmanns-rapid-rise-instant-yeast-fast-acting-21g,2025-11-28 16:31:56
Erawan Brand Tapioca Starch 16oz,$2.79,In Stock,/collections/all/products/erawan-brand-tapioca-starch-16oz,2025-11-28 16:31:56
Gompyo Wheat Flour 5.5lb,$10.99,In Stock,/collections/all/products/gompyo-wheat-flour-5-5lb,2025-11-28 16:31:56
Jeonwon Perilla Powder 400g,$17.99,In Stock,/collections/all/products/jeonwon-perilla-powder-400g,2025-11-28 16:31:56
Jeonwon Glutinous Rice Flour 400g,$7.79,In Stock,/collections/all/products/jeonwon-glutinous-rice-flour-400g,2025-11-28 16:31:56
Ottogi Bread Crumbs 7.05oz,$4.99,In Stock,/collections/all/products/ottogi-bread-crumbs-7-05oz,2025-11-28 16:31:56
Erawan Brand Rice Flour 16oz,$2.79,In Stock,/collections/all/products/erawan-brand-rice-flour-16oz,2025-11-28 16:31:56
Jeonwon Acorn Jelly Salad Flour 400g,$17.79,In Stock,/collections/all/products/jeonwon-acorn-jelly-salad-flour-400g,2025-11-28 16:31:56
Beksul Wheat 100% Soft All-Purpose Flour 2.2lb,$7.29,In Stock,/collections/all/products/beksul-wheat-100-soft-all-purpose-flour-2-2lb,2025-11-28 16:31:56
Shirakiku Japanese Bread Crumbs Honey Panko 8oz,$4.99,In Stock,/collections/all/products/shirakiku-japanese-bread-crumbs-honey-panko-8oz,2025-11-28 16:31:56
Gompyo Frying Mix 2.2lb,$6.29,In Stock,/collections/all/products/gompyo-frying-mix-2-2lb,2025-11-28 16:31:56
Havista Corn Starch 8oz,$3.99,In Stock,/collections/all/products/havista-corn-starch-8oz,2025-11-28 16:31:56
Jeonwon Potato Starch Taste 400g,$9.49,In Stock,/collections/all/products/jeonwon-potato-starch-taste-400g,2025-11-28 16:31:56
Jeonwon Sweet Potato Starch Taste 400g,$9.99,In Stock,/collections/all/products/jeonwon-sweet-potato-starch-taste-400g,2025-11-28 16:31:56
Wang Korea Organic Roasted Chestnut 5.29oz,$7.29,In Stock,/collections/all/products/wang-korea-organic-roasted-chestnut-5-29oz,2025-11-28 16:31:56
"Nongshim Premium Shin Gold with Chicken Broth Ramen Multi 4.58oz x 4 Packs, 18.3oz",$15.49,In Stock,/collections/all/products/nongshim-premium-shin-gold-with-chicken-broth-ramen-multi-4-58oz-x-4-packs-18-3oz,2025-11-28 16:31:56
"Nongshim Premium Shin Green Mushroom and Fried Tofu Ramen Multi 4.4oz x 4 Packs, 17.6oz",$14.99,In Stock,/collections/all/products/nongshim-premium-shin-green-mushroom-and-fried-tofu-ramen-multi-4-4oz-x-4-packs-17-6oz,2025-11-28 16:31:56
Sempio Brown Rice Vinegar 500ml,$4.99,In Stock,/collections/all/products/sempio-brown-rice-vinegar-500ml,2025-11-28 16:31:56
Sempio Naturally Brewed Soy Sauce Less Salt 29fl.oz,$8.29,In Stock,/collections/all/products/sempio-naturally-brewed-soy-sauce-less-salt-29fl-oz,2025-11-28 16:31:56
Sempio Premium Naturally Brewed Soy Sauce Yuginong 29fl.oz,$16.49,In Stock,/collections/all/products/sempio-premium-naturally-brewed-soy-sauce-yuginong-29fl-oz,2025-11-28 16:31:56
"Sempio Naturally Brewed Soy Sauce for Soup, Chosun 31.44fl.oz",$8.29,In Stock,/collections/all/products/sempio-naturally-brewed-soy-sauce-for-soup-chosun-31-44fl-oz,2025-11-28 16:31:56
Nongshim Yookgaejang Sabalmyeon 3.03oz,$3.29,In Stock,/collections/all/products/nongshim-yookgaejang-sabalmyeon-3-03oz,2025-11-28 16:31:56
Kong Yen Black Vinegar 20.2fl.oz,$3.99,In Stock,/collections/all/products/kong-yen-black-vinegar-20-2fl-oz,2025-11-28 16:31:56
Sukina Tonkatsu Sauce (Pork Cutlet Sauce) 8.81oz,$8.79,In Stock,/collections/all/products/sukina-tonkatsu-sauce-pork-cutlet-sauce-8-81oz,2025-11-28 16:31:56
Sukina Gyoza Sauce 7.77fl.oz,$6.79,In Stock,/collections/all/products/sukina-gyoza-sauce-7-77fl-oz,2025-11-28 16:31:56
Sukina Gyoza Sauce Hot 7.77fl.oz,$7.79,In Stock,/collections/all/products/sukina-gyoza-sauce-hot-7-77fl-oz,2025-11-28 16:31:56
Lee Kum Kee Seasoning Soy Sauce 16.9fl.oz,$4.49,In Stock,/collections/all/products/lee-kum-kee-seasoning-soy-sauce-16-9fl-oz,2025-11-28 16:31:56
Lee Kum Kee Minced Ginger 7.5oz,$6.79,In Stock,/collections/all/products/lee-kum-kee-minced-ginger-7-5oz,2025-11-28 16:31:56
"Mochidoki Mochi Ice Cream Cake Batter 1.25oz x 6ea, 7.50oz",$10.49,In Stock,/collections/all/products/mochidoki-mochi-ice-cream-cake-batter-1-25oz-x-4ea-5-00oz,2025-11-28 16:31:56
"Mochidoki Mochi Ice Cream Strawberry 1.25oz x 4ea, 5.00oz",$10.49,In Stock,/collections/all/products/mochidoki-mochi-ice-cream-strawberry-1-25oz-x-4ea-5-00oz,2025-11-28 16:31:56
"Mochidoki Mochi Ice Cream Vanilla Chip 1.25oz x 6ea, 7.50oz",$10.49,In Stock,/collections/all/products/mochidoki-mochi-ice-cream-vanilla-chip-1-25oz-x-4ea-5-00oz,2025-11-28 16:31:56
"Mochidoki Frozen Mochi Dessert Passion Fruit 1.25oz x 4ea, 5.00oz",$10.49,In Stock,/collections/all/products/mochidoki-frozen-mochi-dessert-passion-fruit-1-25oz-x-4ea-5-00oz,2025-11-28 16:31:56
"Mochidoki Frozen Mochi Dessert Mango 1.25oz x 4ea, 5.00oz",$10.49,In Stock,/collections/all/products/mochidoki-frozen-mochi-dessert-mango-1-25oz-x-4ea-5-00oz,2025-11-28 16:31:56
Imuraya Japanese Frozen Dessert with Azuki Bean and Soft Mochi (Yawa Mochi Original) 4 Cups. 10.8fl.oz,$10.99,In Stock,/collections/all/products/imuraya-japanese-frozen-dessert-with-azuki-bean-and-soft-mochi-yawa-mochi-original-4-cups-10-8fl-oz,2025-11-28 16:31:56
Imuraya Japanese Frozen Dessert with Azuki Bean and Soft Mochi (Yawa Mochi Matcha) 4 Cups. 10.8fl.oz,$10.99,In Stock,/collections/all/products/imuraya-japanese-frozen-dessert-with-azuki-bean-and-soft-mochi-4-cups-10-8fl-oz,2025-11-28 16:31:56
Vegetable Dumpling,$5.99,In Stock,/collections/all/products/vegetable-dumpling,2025-11-28 16:31:56
Kimchi Pancake,$4.99,In Stock,/collections/all/products/kimchi-pancake,2025-11-28 16:31:56
Fried Shrimp Shumai,$5.99,In Stock,/collections/all/products/fried-shrimp-shumai,2025-11-28 16:31:56
Mozzarella Cheese Potato Hotdog,$5.99,In Stock,/collections/all/products/mozzarella-cheese-potato-hotdog,2025-11-28 16:31:56
Farmland Fresh Dairies 1% Lowfat Milk Half Gallon,$6.79,In Stock,/collections/all/products/farmland-fresh-dairies-1-lowfat-milk-half-gallon,2025-11-28 16:31:56
Farmland Fresh Dairies 1% Lowfat Milk One Quart,$3.29,In Stock,/collections/all/products/farmland-fresh-dairies-1-lowfat-milk-946ml,2025-11-28 16:31:56
Planet Oat Oatmilk Vanilla 52fl.oz,$6.79,In Stock,/collections/all/products/planet-oat-oatmilk-vanilla-52fl-oz,2025-11-28 16:31:56
Planet Oat Oatmilk Orginal 52fl.oz,$6.79,In Stock,/collections/all/products/planet-oat-oatmilk-orginal-52fl-oz,2025-11-28 16:31:56
Kimchi Dumpling,$5.99,In Stock,/collections/all/products/kimchi-dumpling,2025-11-28 16:31:56
Sweet Corn Nugget,$4.99,In Stock,/collections/all/products/sweet-corn-nugget,2025-11-28 16:31:56
Vegetable Gyoza Dumplings,$4.99,In Stock,/collections/all/products/vegetable-gyoza-dumplings,2025-11-28 16:31:56
Vegan Summer Roll,$7.49,In Stock,/collections/all/products/vegan-summer-roll,2025-11-28 16:31:56
Spicy Shrimp Salad,$5.99,In Stock,/collections/all/products/spicy-shrimp-salad,2025-11-28 16:31:56
Rosette Cleansing Paste Hyogadei Cleanse 4.2oz,$9.49,In Stock,/collections/all/products/rosette-cleansing-paste-hyogadei-cleanse-4-2oz,2025-11-28 16:31:56
Rosette Cleansing Paste Ghassoul Bright  4.2oz,$9.49,In Stock,/collections/all/products/rosette-cleansing-paste-ghassoul-bright-4-2oz,2025-11-28 16:31:56
Rosette Cleansing Paste Red Wrinkle 4.2oz,$9.49,In Stock,/collections/all/products/rosette-cleansing-paste-red-wrinkle-4-2oz,2025-11-28 16:31:56
Tokyo Bread Hokkaido Cream Pan 2.47oz,$3.99,In Stock,/collections/all/products/tokyo-bread-hokkaido-cream-pan-2-47oz,2025-11-28 16:31:56
Orion Turtle Chips Truffle 5.65oz,$7.29,In Stock,/collections/all/products/orion-turtle-chips-truffle-5-65oz,2025-11-28 16:31:56
Weilong Delicious Konjac Shuang Szechwan Taste 360g,$8.49,In Stock,/collections/all/products/weilong-delicious-konjac-shuang-szechwan-taste-360g,2025-11-28 16:31:56
Mother in Law's Kimchi House Napa Cabbage 16fl.oz,$14.49,In Stock,/collections/all/products/mother-in-laws-kimchi-house-napa-cabbage-16fl-oz,2025-11-28 16:31:56
Seoul Kimchi 100% Natural Fermented Sliced Napa Cabbage 14oz,$12.99,In Stock,/collections/all/products/seoul-kimchi-100-natural-fermented-sliced-napa-cabbage-14oz,2025-11-28 16:31:56
Gonshen Kimchi Vegan White Napa 14oz,$15.49,In Stock,/collections/all/products/gonshen-kimchi-vegan-white-napa-14oz,2025-11-28 16:31:56
Gonshen Kimchi Sliced Napa 14oz,$13.99,In Stock,/collections/all/products/gonshen-kimchi-sliced-napa-14oz,2025-11-28 16:31:56
Shirakiku Fermented Soybean Hikiwari Natto 6.03oz,$4.99,In Stock,/collections/all/products/shirakiku-fermented-soybean-hikiwari-natto-6-03oz,2025-11-28 16:31:56
"Shirakiku Fermented Soybean with Seasoning Sauce ""Goku Kotsubu Mini 3"" 6.0oz",$4.49,In Stock,/collections/all/products/shirakiku-fermented-soybean-with-seasoning-sauce-goku-kotsubu-mini-3-6-0oz,2025-11-28 16:31:56
Tony's Chocolonely Tiny Assorted Chocolate Flavors 4.44oz,$10.99,In Stock,/collections/all/products/tonys-chocolonely-tiny-assorted-chocolate-flavors-4-44oz,2025-11-28 16:31:56
Tony's Chocolonely Tiny Milk Chocolate Caramel Sea Salt 4.44oz,$11.79,In Stock,/collections/all/products/tonys-chocolonely-tiny-milk-chocolate-caramel-sea-salt-4-44oz,2025-11-28 16:31:56
Orion O'Jelly Real Gummy Candy Grape Flavor 2.36oz,$2.29,In Stock,/collections/all/products/orion-ojelly-gummy-candy-grape-flavor-2-36oz,2025-11-28 16:31:56
Orion O'Jelly Real Gummy Candy Plum Flavor 2.36oz,$2.29,In Stock,/collections/all/products/orion-ojelly-gummy-candy-plum-flavor-2-36oz,2025-11-28 16:31:56
Little Sheep Hotpot Soup Base Mala Spicy 7.05oz,$7.29,In Stock,/collections/all/products/little-sheep-hotpot-soup-base-mala-spicy-7-05oz,2025-11-28 16:31:56
Nestle Smarties Milk Chocolate 38g,$2.29,In Stock,/collections/all/products/nestle-smarties-milk-chocolate-38g,2025-11-28 16:31:56
Kracie Popin' Cookin' Tanoshii Cakes 0.9oz,$5.49,In Stock,/collections/all/products/kracie-popin-cookin-tanoshii-cakes-0-9oz,2025-11-28 16:31:56
Kracie Popin' Cookin' Tanoshii Donuts 1.4oz,$5.49,In Stock,/collections/all/products/kracie-popin-cookin-tanoshii-donuts-1-4oz,2025-11-28 16:31:56
Kracie Popin' Cookin' Tanoshii Bento 1oz,$5.49,In Stock,/collections/all/products/kracie-popin-cookin-tanoshii-bento-1oz,2025-11-28 16:31:56
Ritter Sport Milk Chocolate with Whole Hazelnuts 3.5oz,$6.29,In Stock,/collections/all/products/ritter-sport-milk-chocolate-with-whole-hazelnuts-3-5oz,2025-11-28 16:31:56
Ritter Sport Alpine Milk Chocolate 3.5oz,$4.99,In Stock,/collections/all/products/ritter-sport-alpine-milk-chocolate-3-5oz,2025-11-28 16:31:56
Ritter Sport Milk Chocolate with Butter Biscuit & Cocoa Creme 3.5oz,$6.29,In Stock,/collections/all/products/ritter-sport-milk-chocolate-with-butter-biscuit-cocoa-creme-3-5oz,2025-11-28 16:31:56
Lindt Excellence a Touch of Sea Salt Dark Chocolate 3.5oz,$6.29,In Stock,/collections/all/products/lindt-excellence-a-touch-of-sea-salt-dark-chocolate-3-5oz,2025-11-28 16:31:56
Lindt Excellence Intense Orange Natural Flavor 3.5oz,$6.29,In Stock,/collections/all/products/lindt-excellence-intense-orange-natural-flavor-3-5oz,2025-11-28 16:31:56
Lindt Excellence Caramel with a Touch of Sea Salt 3.5oz,$6.49,In Stock,/collections/all/products/lindt-excellence-caramel-with-touch-of-sea-salt-3-5oz,2025-11-28 16:31:56
Lindt Excellence 90% Cocoa Dark Chocolate 3.5oz,$6.29,In Stock,/collections/all/products/lindt-excellence-90-cocoa-dark-chocolate-3-5oz,2025-11-28 16:31:56
"Harney & Sons Organic Black Tea 20 Tea Bags, 1.26oz",$6.79,In Stock,/collections/all/products/harney-sons-organic-black-tea-20-tea-bags-1-26oz,2025-11-28 16:31:56
"Twinings of London Pure Black Tea English Breakfast 20 Tea Bags, 1.41oz",$6.79,In Stock,/collections/all/products/twinings-of-london-pure-black-tea-english-breakfast-20-tea-bags-1-41oz,2025-11-28 16:31:56
Gourmet Taste Shaoxing Cooking Wine 25.3fl.oz,$6.79,In Stock,/collections/all/products/gourmet-taste-shaoxing-cooking-wine-25-3fl-oz,2025-11-28 16:31:56
Nestle Kit Kat Mini Milk Tea 2.9oz,$8.99,In Stock,/collections/all/products/nestle-kit-kat-mini-milk-tea-4-0oz,2025-11-28 16:31:56
Nestle Kit Kat Mini Chocolate Orange 2.8oz,$7.99,In Stock,/collections/all/products/nestle-kit-kat-mini-orange-3-27oz,2025-11-28 16:31:56
Ferrero Rocher Fine Hazelnut Chocolates 5.3oz,$11.79,In Stock,/collections/all/products/ferrero-rocher-fine-hazelnut-chocolates-5-3oz,2025-11-28 16:31:56
Kettle & Fire Organic Low Sodium Beef Broth 32oz,$7.79,In Stock,/collections/all/products/kettle-fire-organic-low-sodium-beef-broth-32oz,2025-11-28 16:31:56
Kettle & Fire Organic Classic Chicken Bone Broth 16.9oz,$10.99,In Stock,/collections/all/products/kettle-fire-organic-classic-chicken-bone-broth-16-9oz,2025-11-28 16:31:56
Kettle & Fire Low Sodium Savory Vegetable Broth 32oz,$7.79,In Stock,/collections/all/products/kettle-fire-low-sodium-vegetable-broth-32oz,2025-11-28 16:31:56
Kettle & Fire Organic Low Sodium Chicken Broth 32oz,$7.79,In Stock,/collections/all/products/kettle-fire-organic-low-sodium-chicken-broth-32oz,2025-11-28 16:31:56
Kikkoman Sushi & Sashimi Soy Sauce 10fl.oz,$7.29,In Stock,/collections/all/products/kikkoman-sushi-sashimi-soy-sauce-10fl-oz,2025-11-28 16:31:56
Ottogi Perilla Oil 160ml,$15.49,In Stock,/collections/all/products/ottogi-perilla-oil-160ml,2025-11-28 16:31:56
Ottogi 100% Pure Sesame Oil 5.4fl.oz,$10.99,In Stock,/collections/all/products/ottogi-100-pure-sesame-oil-5-4fl-oz,2025-11-28 16:31:56
Wang Korea 100% Sesame Oil 6.25fl.oz,$7.29,In Stock,/collections/all/products/wang-korea-100-sesame-oil-6-25fl-oz,2025-11-28 16:31:56
Wang Korea Hot Sesame Oil 6.25fl.oz,$7.29,In Stock,/collections/all/products/wang-korea-hot-sesame-oil-6-25fl-oz,2025-11-28 16:31:56
Beksul Abalone Oyster Sauce 350g,$10.99,In Stock,/collections/all/products/beksul-abalone-oyster-sauce-350g,2025-11-28 16:31:56
Kame Fish Sauce 7fl.oz,$6.79,In Stock,/collections/all/products/kame-fish-sauce-7fl-oz,2025-11-28 16:31:56
Kame Duck Sauce 8.5oz,$6.79,In Stock,/collections/all/products/kame-duck-sauce-8-5oz,2025-11-28 16:31:56
Roland Oyster Sauce 7.03fl.oz,$5.49,In Stock,/collections/all/products/roland-oyster-sauce-7-03fl-oz,2025-11-28 16:31:56
Kame Oyster Sauce 7.1fl.oz,$6.79,In Stock,/collections/all/products/kame-oyster-sauce-7-1fl-oz,2025-11-28 16:31:56
Twin Marquis Hong Kong Style Pan Frying Noodle 16oz,$6.79,In Stock,/collections/all/products/twin-marquis-hong-kong-style-pan-frying-noodle-16oz,2025-11-28 16:31:56
Twin Marquis Japanese Style Yakisoba Noodle 16oz,$5.49,In Stock,/collections/all/products/twin-marquis-japanese-style-yakisoba-noodle-16oz,2025-11-28 16:31:56
"Binggrae Melona Purple Yam(Ube) Flavor 8 Bars, 19fl.oz",$8.79,In Stock,/collections/all/products/binggrae-melona-purple-yamube-flavor-8-bars-19fl-oz,2025-11-28 16:31:56
Assorted Kimbap,$15.99,In Stock,/collections/all/products/assorted-kimbap,2025-11-28 16:31:56
Twin Marquis Jiaozi Dumpling with Pork & Chinese Chive 16oz,$8.29,In Stock,/collections/all/products/twin-marquis-jiaozi-dumpling-with-pork-chinese-chive-16oz,2025-11-28 16:31:56
Twin Marquis Jiaozi Dumpling with Pork & Mushroom 16oz,$8.29,In Stock,/collections/all/products/twin-marquis-jiaozi-dumpling-with-pork-mushroom-16oz,2025-11-28 16:31:56
Wei-Chuan Lotus Leaf Bun 23oz,$8.79,In Stock,/collections/all/products/wei-chuan-lotus-leaf-bun-23oz,2025-11-28 16:31:56
Ajinomoto Chicken Gyoza Dumplings Family Pack 24.7oz,$15.99,In Stock,/collections/all/products/ajinomoto-chicken-gyoza-dumplings-family-pack-24-7oz,2025-11-28 16:31:56
Ajinomoto Vegetable Gyoza Dumplings Family Pack 24.7oz,$15.99,In Stock,/collections/all/products/ajinomoto-vegetable-gyoza-dumplings-family-pack-24-7oz,2025-11-28 16:31:56
EZN Odorless Hair Color Cream No. 5 Dark Chestnut,$8.99,In Stock,/collections/all/products/ezn-odorless-hair-color-cream-no-5-dark-chestnut,2025-11-28 16:31:56
EZN Odorless Hair Color Cream No. 7 Natural Black Brown,$8.99,In Stock,/collections/all/products/ezn-odorless-hair-color-cream-no-7-natural-black-brown,2025-11-28 16:31:56
Por Kwan Shrimp Paste with Bean Oil 7oz,$7.79,In Stock,/collections/all/products/por-kwan-shrimp-paste-with-bean-oil-7oz,2025-11-28 16:31:56
"Maxim White Gold Coffee Mix 100 Sticks, 41.27oz",$30.79,In Stock,/collections/all/products/maxim-white-gold-coffee-mix-100-sticks-41-27oz,2025-11-28 16:31:56
Maxim Supreme Gold Coffee Mix 9.52oz,$9.99,In Stock,/collections/all/products/maxim-supreme-gold-coffee-mix-9-52oz,2025-11-28 16:31:56
"Nescafe Taster's Choice Hazelnut Instant Coffee 16 Packets, 1.69oz",$6.79,In Stock,/collections/all/products/nescafe-tasters-choice-hazelnut-instant-coffee-16-packets-1-69oz,2025-11-28 16:31:56
"Nescafe Taster's Choice House Blend Instant Coffee 18 Packets, 1.9oz",$7.79,In Stock,/collections/all/products/nescafe-tasters-choice-house-blend-instant-coffee-18-packets-1-9oz,2025-11-28 16:31:56
"Nescafe Taster's Choice Decaf House Blend Instant Coffee 16 Packets, 1.69oz",$7.29,In Stock,/collections/all/products/nescafe-tasters-choice-decaf-house-blend-instant-coffee-16-packets-1-69oz,2025-11-28 16:31:56
Chung Jung One Extra Virgin Olive Oil 500ml,$15.99,In Stock,/collections/all/products/chung-jung-one-extra-virgin-olive-oil-500ml,2025-11-28 16:31:56
Chung Jung One Premium Canola Oil 500ml,$9.49,In Stock,/collections/all/products/chung-jung-one-premium-canola-oil-500ml,2025-11-28 16:31:56
Chung Jung One Premium Grapeseed Oil 500ml,$15.49,In Stock,/collections/all/products/chung-jung-one-premium-grapeseed-oil-500ml,2025-11-28 16:31:56
Yamajirushi Yuzu Juice Gluten Free 5fl.oz,$10.99,In Stock,/collections/all/products/yamajirushi-yuzu-juice-gluten-free-5fl-oz,2025-11-28 16:31:56
Kitagawa Yuzu Juice 5fl.oz,$19.79,In Stock,/collections/all/products/kitagawa-yuzu-juice-5oz,2025-11-28 16:31:56
Sukina Teriyaki Sauce 9.52oz,$7.29,In Stock,/collections/all/products/sukina-teriyaki-sauce-9-52oz,2025-11-28 16:31:56
Sweetened Condensed Filled Milk 14oz,$5.29,In Stock,/collections/all/products/flying-horse-sweetened-condensed-filled-milk-14oz,2025-11-28 16:31:56
Nissui Mackerel in Oil 6.52oz,$4.49,In Stock,/collections/all/products/nissui-mackerel-in-oil-6-52oz,2025-11-28 16:31:56
Pearl River Bridge Fried Dace with Salted Black Beans 6.5oz,$4.99,In Stock,/collections/all/products/pearl-river-bridge-fried-dace-with-salted-black-beans-6-5oz,2025-11-28 16:31:56
Pearl River Bridge Fried Dace 6.5oz,$4.99,In Stock,/collections/all/products/pearl-river-bridge-fried-dace-6-5oz,2025-11-28 16:31:56
Twin Marquis Thick Wonton Noodle 12oz,$6.79,In Stock,/collections/all/products/twin-marquis-thick-wonton-noodle-12oz,2025-11-28 16:31:56
Joy & Bonjuk Premium Tuna & Vegetable Juk 300g,$9.49,In Stock,/collections/all/products/joy-bonjuk-premium-tuna-vegetable-juk-300g,2025-11-28 16:31:56
Joy & Bonjuk Premium Sweet Red Bean Juk 300g,$9.49,In Stock,/collections/all/products/joy-bonjuk-premium-sweet-red-bean-juk-300g,2025-11-28 16:31:56
Yi-Feng Sliced Noodles 21oz,$8.29,In Stock,/collections/all/products/yi-feng-sliced-noodles-21oz,2025-11-28 16:31:56
Lee Kum Kee Mushroom Bouillon Powder 7.1oz,$7.29,In Stock,/collections/all/products/lee-kum-kee-mushroom-bouillon-powder-7-1oz,2025-11-28 16:31:56
Lee Kum Kee Premium Bouillon Powdered Flavored with Chicken 8oz,$7.29,In Stock,/collections/all/products/lee-kum-kee-premium-bouillon-powdered-flavored-with-chicken-8oz,2025-11-28 16:31:56
Guan Miao Ramen Noodles 26oz,$7.29,In Stock,/collections/all/products/guan-miao-ramen-noodles-26oz,2025-11-28 16:31:56
Ajinomoto Umami Seasoning Monosodium Glutamate 16oz,$6.29,In Stock,/collections/all/products/ajinomoto-umami-seasoning-monosodium-glutamate-16oz,2025-11-28 16:31:56
Hata Soda White Peach Flavor 500g,$3.99,In Stock,/collections/all/products/hata-soda-white-peach-flavor-500g,2025-11-28 16:31:56
Hawaiian Sun Passion Orange 11.5fl.oz,$2.29,In Stock,/collections/all/products/hawaiian-sun-passion-orange-11-5fl-oz,2025-11-28 16:31:56
Hawaiian Sun Lilikoi Lychee 11.5fl.oz,$2.29,In Stock,/collections/all/products/hawaiian-lilikoi-lychee-11-5fl-oz,2025-11-28 16:31:56
Hawaiian Sun Lilikoi Passion 11.5fl.oz,$2.29,In Stock,/collections/all/products/hawaiian-lilikoi-passion-passion-fruit-juice-drink-from-concentrate11-5fl-oz,2025-11-28 16:31:56
Hawaiian Sun Green Tea Lychee with Ginseng and Natural Lychee Flavor 11.5fl.oz,$2.29,In Stock,/collections/all/products/hawaiian-sun-green-tea-lychee-with-ginseng-and-natural-lychee-flavor-11-5fl-oz,2025-11-28 16:31:56
Ottogi Snack Ramen 3.8oz,$2.79,In Stock,/collections/all/products/ottogi-snack-ramen-3-8oz,2025-11-28 16:31:56
Nongshim Kimchi Flavor Noodle Soup 4.2oz,$2.79,In Stock,/collections/all/products/nongshim-kimchi-flavor-noodle-soup-4-2oz,2025-11-28 16:31:56
Nongshim Ansung Noodle Soup Beef & Fermented Bean Flavors 4.40oz,$2.79,In Stock,/collections/all/products/nongshim-ansung-noodle-soup-beef-fermented-bean-flavors-4-40oz,2025-11-28 16:31:56
Mama Oriental Style Instant Noodles Green Curry Flavor 3.17oz,$1.29,In Stock,/collections/all/products/mama-oriental-style-instant-noodles-green-curry-flavor-3-17oz,2025-11-28 16:31:56
Mama Oriental Style Instant Noodles Shrimp Creamy Tom Yum Flavor 3.17oz,$1.29,In Stock,/collections/all/products/mama-oriental-style-instant-noodles-shrimp-creamy-tom-yum-flavor-3-17oz,2025-11-28 16:31:56
Paldo Gomtang Korean Beef Flavored Noodle Soup 3.60oz,$2.79,In Stock,/collections/all/products/paldo-gomtang-korean-beef-flavored-noodle-soup-3-60oz,2025-11-28 16:31:56
Paldo Namja Ramen Instant Noodle with Soup Base 4.06oz,$2.79,In Stock,/collections/all/products/paldo-namja-ramen-instant-noodle-with-soup-base-4-06oz,2025-11-28 16:31:56
Paldo Omori Kimchi Stew Ramyun 5.64oz,$3.29,In Stock,/collections/all/products/paldo-omori-kimchi-stew-ramyun-5-64oz,2025-11-28 16:31:56
Nissin Raoh Ramen Noodle Soup Artificial Tonkotsu Flavor 3.53oz,$6.29,In Stock,/collections/all/products/nissin-raoh-ramen-noodle-soup-artificial-tonkotsu-flavor-3-53oz,2025-11-28 16:31:56
Nissin Raoh Ramen Noodle Soup Soy Sauce Flavor 3.77oz,$6.29,In Stock,/collections/all/products/nissin-raoh-ramen-noodle-soup-soy-sauce-flavor-3-77oz,2025-11-28 16:31:56
"Tokyo Noodle Mini Instant Noodle Chicken Flavor 4 Packs, 4.23oz",$4.49,In Stock,/collections/all/products/tokyo-noodle-ramen-4-23oz,2025-11-28 16:31:56
Paldo Premium Gomtang Noodle 4.41oz,$3.29,In Stock,/collections/all/products/premium-gomtang-noodle,2025-11-28 16:31:56
Paldo Instant Noodle with Seafood Soup 120g,$2.79,In Stock,/collections/all/products/pd-seafood-noodle-soup-1pk-4-23oz,2025-11-28 16:31:56
Paldo Rabokki Noodle Stir Fried Noodle with Korean Hot & Spicy Soup Base 5.11oz,$3.29,In Stock,/collections/all/products/pd-rabokki-noodle-5-11oz,2025-11-28 16:31:56
Paldo Jjajangmen Instant Noodles with Black Bean Sauce 7.16oz,$3.99,In Stock,/collections/all/products/pd-jja-jangmen-1pk-7-16oz,2025-11-28 16:31:56
Paldo Hwa Ramyun Hot & Spicy 4.23oz,$2.29,In Stock,/collections/all/products/pd-hwa-ramyun-120g,2025-11-28 16:31:56
Paldo Bul Jjamppong Instant Noodles with Flamed Spicy Seafood Soup 4.90oz,$3.29,In Stock,/collections/all/products/pd-bul-jjamppong-139g,2025-11-28 16:31:56
Ottogi Sesame Flavor Ramen 4.05oz,$3.99,In Stock,/collections/all/products/otg-sesame-ramyun-115g,2025-11-28 16:31:56
Ottogi Kimchi Ramen 120g,$3.29,In Stock,/collections/all/products/otg-kimchi-ramen-120g,2025-11-28 16:31:56
Ottogi Beijing Jjajang Ramen Stir Fried Black Bean Flavor 4.76oz,$3.29,In Stock,/collections/all/products/otg-jja-jang-noodle-1pk-4-76oz,2025-11-28 16:31:56
Ottogi Jin Jjamppong Spicy Seafood Noodle 4.58oz,$3.29,In Stock,/collections/all/products/otg-jin-jjamppong-130g,2025-11-28 16:31:56
Ottogi Beijing Jjambong Ramen Spicy Seafood Stew Flavor 4.23oz,$4.29,In Stock,/collections/all/products/otg-hot-noodle-jjam-ppong-1pk-4-23oz,2025-11-28 16:31:56
Nongshim Naengmyeon Sweet & Spicy Gochujang Sauce 5.6oz,$4.49,In Stock,/collections/all/products/ns-naengmyeon-sweet-spicy-gochujang,2025-11-28 16:31:56
"Wei Lih Instant Noodles with Shrimp Flavour 5 Packs x 85g, 425g",$7.79,In Stock,/collections/all/products/wei-lih-shrimp-noodle-5-425g,2025-11-28 16:31:56
"Shirakiku Goku-Uma Ramen Noodles Soy Sauce Flavor 5 Packs, 455g",$8.79,In Stock,/collections/all/products/sk-goku-uma-soy-sauce-5-16-04oz,2025-11-28 16:31:56
Pasco Shikishima Choujuku Shokupan 6 Slices 374g,$9.99,In Stock,/collections/all/products/pasco-choujuku-shokupan-6pc-375g,2025-11-28 16:31:56
Pasco Shikishima Choujuku Shokupan 4 Slices 374g,$9.99,In Stock,/collections/all/products/pasco-choujuku-shokupan-4pc-375g,2025-11-28 16:31:56
Lotte Margaret Cookie 6.20oz,$7.79,In Stock,/collections/all/products/lotte-korean-cracker-6-20oz,2025-11-28 16:31:56
"Jardin Fruit Orange Flavored Black Tea 8 Bags x 0.67oz, 6.7oz",$12.79,In Stock,/collections/all/products/jd-fruit-orange-flv-black-tea-10-0-67oz,2025-11-28 16:31:56
"Wei Lih Instant Noodles with Spicy Beef Flavour 5 x 85g, 425g",$7.79,In Stock,/collections/all/products/wei-lih-noodle-spicy-beef-5-85g,2025-11-28 16:31:56
"Wei Lih Instant Noodles with Onion Flavour 5 x 85g, 425g",$7.79,In Stock,/collections/all/products/wei-lih-noodle-onion-5-85g,2025-11-28 16:31:56
Haidilao Beef Tallow Hot Pot Soup Base 7.8oz,$7.29,In Stock,/collections/all/products/haidilao-spicy-sauce-for-stir-fry-spicy-flavor-7-8oz,2025-11-28 16:31:56
Jinmailang Instant Noodle Artificial Hot & Sour Pork Bone Flavor 5 packs x 141g,$7.29,In Stock,/collections/all/products/jml-hot-sour-pork-bone-big-soup-5-158g,2025-11-28 16:31:56
Jinmailang Instant Noodle Artificial Japanese Style Pork Bone Flavor 5 packs x 124g,$7.29,In Stock,/collections/all/products/jml-big-soup-pork-bone-flavor-5-138g,2025-11-28 16:31:56
Haio Passion Fruit & Yuja Tea with Honey 2.2lb,$11.79,In Stock,/collections/all/products/haio-passion-fruit-yuja-tea-w-honey,2025-11-28 16:31:56
Haio Ginger & Yuja Tea with Honey 2.2lb,$11.79,In Stock,/collections/all/products/haio-ginger-yuja-tea-w-honey-2-2lb,2025-11-28 16:31:56
Bacchama Yam Cake (Itokon) 7oz,$2.79,In Stock,/collections/all/products/kcc-yam-noodle-7oz,2025-11-28 16:31:56
Lee Kum Kee Vegetarian Hoisin Sauce 20oz,$6.29,In Stock,/collections/all/products/lkk-vegetarian-hoisin-sauce-20oz,2025-11-28 16:31:56
Lee Kum Kee Supreme Soy Sauce 16.9fl.oz,$5.49,In Stock,/collections/all/products/lkk-supreme-soy-sauce-16-9oz,2025-11-28 16:31:56
Lee Kum Kee Soup Base for Tom Yum Hot Pot 7oz,$6.19,In Stock,/collections/all/products/lkk-soup-base-for-tom-yum-hot-pot-7oz,2025-11-28 16:31:56
Lee Kum Kee Soup Base for Satay Hot Pot 7oz,$5.49,In Stock,/collections/all/products/lkk-soup-base-satay-hot-pot-7oz,2025-11-28 16:31:56
Lee Kum Kee Selected Five Spices Marinade 14fl.oz,$5.49,In Stock,/collections/all/products/lkk-selected-five-spices-marinade-14oz,2025-11-28 16:31:56
Lee Kum Kee Premium Seasoning Soy Sauce 16.9fl.oz,$6.79,In Stock,/collections/all/products/lkk-prem-seasoning-soy-sauce-16-9oz,2025-11-28 16:31:56
Lee Kum Kee Panda Oyster Flavored Sauce 9oz,$4.99,In Stock,/collections/all/products/lkk-panda-oyster-sauce-9oz,2025-11-28 16:31:56
Lee Kum Kee Minced Garlic 7.5oz,$6.29,In Stock,/collections/all/products/lkk-minced-garlic-7-5oz,2025-11-28 16:31:56
Lee Kum Kee Garlic Hoisin Sauce 20.8oz,$7.29,In Stock,/collections/all/products/lkk-garlic-hoisin-sauce-590g,2025-11-28 16:31:56
Lee Kum Kee Curry Sauce 8.3oz,$6.29,In Stock,/collections/all/products/lkk-curry-sauce-8-3oz,2025-11-28 16:31:56
Lee Kum Kee Brown Cooking Soy Sauce 16.9fl.oz,$4.49,In Stock,/collections/all/products/lkk-brown-cooking-soy-sauce-16-9oz,2025-11-28 16:31:56
Lee Kum Kee Brown Braising Sauce 14fl.oz,$4.99,In Stock,/collections/all/products/lkk-brown-braising-sauce-14oz,2025-11-28 16:31:56
Nestle Kit Kat Otona No Amasa Strawberry 4.7oz,$10.99,In Stock,/collections/all/products/nestle-kitkat-mini-strawberry-4-7oz,2025-11-28 16:31:56
Blue Bottle Bold Whole Bean Coffee 12oz,$26.49,In Stock,/collections/all/products/blue-bottle-bold-coffee-12oz,2025-11-28 16:31:56
Blue Bottle Balanced Whole Bean Coffee 12oz,$26.49,In Stock,/collections/all/products/blue-bottle-balanced-coffee-12oz,2025-11-28 16:31:56
Fresh Beef Oxtail,$33.00,In Stock,/collections/all/products/h-mart-fresh-beef-oxtail,2025-11-28 16:31:56
CJ Bibigo Steamed Soup Dumplings 1.5lb,$15.99,In Stock,/collections/all/products/cj-bibigo-steamed-soup-dumplings-1-5lb,2025-11-28 16:31:56
Frozen Beef Tendon,$8.99,In Stock,/collections/all/products/hmart-beef-tendon-frozen,2025-11-28 16:31:56
Beef Sliced Omasum,$12.99,In Stock,/collections/all/products/h-mart-beef-sliced-omasum,2025-11-28 16:31:56
Prime Beef Eyeround Shabu Shabu 0.75lb,$14.99,In Stock,/collections/all/products/h-mart-beef-frz-eyeround-shabu-shabu,2025-11-28 16:31:56
Sweet Mini Pepper,$3.49,In Stock,/collections/all/products/sweet-mini-pepper,2025-11-28 16:31:56
Shiitake Mushrooms,$7.99,In Stock,/collections/all/products/shiitake-mushrooms,2025-11-28 16:31:56
Koppert Cress Sakura Cress,$4.49,In Stock,/collections/all/products/sakura-cress,2025-11-28 16:31:56
Organic Shiitake Mushroom,$7.49,In Stock,/collections/all/products/organic-shiitake-mushroom,2025-11-28 16:31:56
Organic King Oyster Mushroom 300g,$6.79,In Stock,/collections/all/products/organic-king-oyster-mushroom-300g,2025-11-28 16:31:56
Organic Enoki Mushrooms 3.5oz,$7.49,In Stock,/collections/all/products/organic-enoki-mushrooms-3-5oz,2025-11-28 16:31:56
Korea White Shimeji Mushroom 150g,$3.49,In Stock,/collections/all/products/korea-white-shimeji-mushroom-150g,2025-11-28 16:31:56
Korea Brown Shimeji Mushroom 150g,$3.49,In Stock,/collections/all/products/korea-brown-shimeji-mushroom-150g,2025-11-28 16:31:56
Koppert Cress Daikon Cress,$4.49,In Stock,/collections/all/products/koppert-cress-daikon-cress,2025-11-28 16:31:56
Crimini Mushroom,$4.49,In Stock,/collections/all/products/crimini-mushroom,2025-11-28 16:31:56
Chinese Shiitake Mushrooms,$9.27,In Stock,/collections/all/products/chinese-shiitake-mushrooms,2025-11-28 16:31:56
Burdock Weed Gobo,$8.07,In Stock,/collections/all/products/burook-weed,2025-11-28 16:31:56
Red D' Anjou Pears,$5.29,In Stock,/collections/all/products/red-d-anjou-pears,2025-11-28 16:31:56
Organic Red Seedless Grapes,$5.99,In Stock,/collections/all/products/organic-red-seedless,2025-11-28 16:31:56
Organic Green Seedless Grapes,$8.00,In Stock,/collections/all/products/organic-green-seedless-grapes,2025-11-28 16:31:56
Cotton Candy Green Seedless Table Grapes 1lb,$10.49,In Stock,/collections/all/products/moyca-cotton-candy-grape-1lb,2025-11-28 16:31:56
Forelle Pears 1 Each,$2.49,In Stock,/collections/all/products/h-mart-forelle-pears,2025-11-28 16:31:56
Fuyu Persimmons 1lb,$3.99,In Stock,/collections/all/products/fuyu-persimmons,2025-11-28 16:31:56
Berry Lover Mix Salad,$4.76,In Stock,/collections/all/products/berry-lover-mix-salad,2025-11-28 16:31:56
Cantaloupe Salad,$3.65,In Stock,/collections/all/products/h-mart-cantaloup-cut-salad,2025-11-28 16:31:56
Jinga Seasoned Garlic Stem (S) 4oz,$4.99,In Stock,/collections/all/products/jinga-seasoned-garlic-stem-s-4oz,2025-11-28 16:31:56
Jinga Seasoned Perilla Leaves (S) 4oz,$5.49,In Stock,/collections/all/products/jinga-seasoned-sesame-leaves-s-4oz,2025-11-28 16:31:56
Jinga Stir-Fried Spicy Anchovies (S) 2oz,$7.99,In Stock,/collections/all/products/jinga-stir-fried-spicy-anchovy-s-2oz,2025-11-28 16:31:56
Jinga Seasoned Dried File Fish (S) 2oz,$7.99,In Stock,/collections/all/products/jinga-seasoned-file-fishs-2oz,2025-11-28 16:31:56
Heng Shun Zhenjiang Vinegar 550ml,$4.49,In Stock,/collections/all/products/heng-shun-zhenjiang-vinegar-18-6oz,2025-11-28 16:31:56
Gold-Plum Chinkiang Vinegar 550ml,$6.79,In Stock,/collections/all/products/gold-plum-chinkiang-vinegar-18-6oz,2025-11-28 16:31:56
Asian Taste Yellow Rock Sugar 16oz,$3.29,In Stock,/collections/all/products/a-taste-yellow-rock-sugar-16oz,2025-11-28 16:31:56
Asian Taste Shao Sing Rice Cooking Wine 750ml,$5.49,In Stock,/collections/all/products/a-taste-shao-sing-cooking-wine-25-3oz,2025-11-28 16:31:56
Lotte Pepero Snowy Almond 32g,$2.29,In Stock,/collections/all/products/lt-pepero-snowy-almond-39g,2025-11-28 16:31:56
Berkshire Tenderloin Stirfry 0.56lb,$9.51,In Stock,/collections/all/products/berkshire-tenderloin-stirfry-0-54lb,2025-11-28 16:31:56
Lee Kum Kee Sesame Oil Blended with Soybean Oil 7fl.oz,$7.79,In Stock,/collections/all/products/lkk-sesame-oil-7oz,2025-11-28 16:31:56
Lee Kum Kee Pure Black Sesame Oil 7fl.oz,$7.79,In Stock,/collections/all/products/lkk-pure-black-sesame-oil-7oz,2025-11-28 16:31:56
Greenmax Black Sesame Cereal 14.8oz,$9.99,In Stock,/collections/all/products/greenmax-black-sesame-cereal-14-30g,2025-11-28 16:31:56
Greenmax Purple Yam & Black Soybean Powder 12.7oz,$9.49,In Stock,/collections/all/products/greenmax-purple-yam-black-soybean-12-30g,2025-11-28 16:31:56
Greenmax Purple Rice & Black Sesame Cereal 14.8oz,$9.49,In Stock,/collections/all/products/gm-prple-rice-blck-sesame-cereal-420g,2025-11-28 16:31:56
Tokyo Bread Sio Butter Pan 70g,$3.99,In Stock,/collections/all/products/tokyo-bread-salt-butter-bread-70g,2025-11-28 16:31:56
Tokyo Bread Chocolate Pan 70g,$3.99,In Stock,/collections/all/products/tokyo-chocolate-bread-70g,2025-11-28 16:31:56
Lotte Sac Sac Orange 12 cans x 238ml,$23.99,In Stock,/collections/all/products/lt-sac-sac-orange-12-238ml,2025-11-28 16:31:56
House Foods Tofu Shirataki Macaroni 8oz,$3.99,In Stock,/collections/all/products/hse-tofu-shirataki-macaroni-8oz,2025-11-28 16:31:56
Glade Plugins Scented Oil Plus 1 Warmer (Refill Not Included),$9.99,In Stock,/collections/all/products/glade-plugin-plus-warmer,2025-11-28 16:31:56
Glade Energize 2in1 Vanilla Passion Fruit + Hawaiian Breeze Candle96g,$6.79,In Stock,/collections/all/products/glade-2in1-candle-vanilla-hawaiian-96g,2025-11-28 16:31:56
Glade Renewing Clean Linen Candle 96g,$6.79,In Stock,/collections/all/products/glade-2in1-candle-clean-linen-96g,2025-11-28 16:31:56
Glade Invigorating Aqua Waves Candle 96g,$6.79,In Stock,/collections/all/products/glade-2in1-candle-aqua-waves-96g,2025-11-28 16:31:56
Easy-Off Oven Cleaner Heavy Duty 14.5oz,$8.99,In Stock,/collections/all/products/easy-off-oven-cleaner-heavy-duty-14-5oz,2025-11-28 16:31:56
Easy-Off Oven Cleaner Fume Free Safe for Self-Cleaning Ovens 14.5oz,$8.99,In Stock,/collections/all/products/easy-off-oven-cleaner-fume-free-14-5oz,2025-11-28 16:31:56
"Yamamotoyama Gyokuro Premium Green Tea 10 Pyramid Tea Bags, 0.8oz",$15.99,In Stock,/collections/all/products/yamamotoyama-gyokuro-premium-green-tea-10-pyramid-tea-bags-0-8oz-23g,2025-11-28 16:31:56
Yamasa Kombu Tsuyu 16.9fl.oz,$12.29,In Stock,/collections/all/products/yamasa-kombu-tsuyu-16-9fl-oz-500ml,2025-11-28 16:31:56
Yoodong Canned Silkworm Pupa Spicy Flavor 9.87oz,$3.99,In Stock,/collections/all/products/yoodong-canned-silkworm-pupa-spicy-flavor-9-87oz-280g,2025-11-28 16:31:56
Wei Lih GGE Wheat Crackers Original Flavor 2.82oz,$3.29,In Stock,/collections/all/products/weilih-gge-wheat-crackers-original-flavor-2-82oz-80g,2025-11-28 16:31:56
Wei-Chuan Water Chestnuts Whole 8oz,$2.29,In Stock,/collections/all/products/weichuan-water-chestnuts-whole-8oz,2025-11-28 16:31:56
Wang Korea Mabo Tofu Sauce Mild Hot 4.58oz,$4.49,In Stock,/collections/all/products/wang-korea-mabo-tofu-sauce-mild-hot-4-58oz130g,2025-11-28 16:31:56
Wang Korea Mabo Tofu Sauce Mild 4.58oz,$4.49,In Stock,/collections/all/products/wang-korea-mabo-tofu-sauce-mild-4-58oz130g,2025-11-28 16:31:56
Wang Korea Mabo Tofu Sauce Extra Hot 4.58oz,$4.49,In Stock,/collections/all/products/wang-korea-mabo-tofu-sauce-extra-hot-4-58oz130g,2025-11-28 16:31:56
Wang Korea Cold Buck Wheat Noodles with Chilled Broth 22oz,$7.29,In Stock,/collections/all/products/wang-korea-cold-buck-wheat-noodles-with-chilled-broth-22oz624g,2025-11-28 16:31:56
Wang Korea Cold Buck Wheat Noodle with Chilled Broth 22oz,$7.29,In Stock,/collections/all/products/wang-korea-cold-buck-wheat-noodle-with-chilled-broth-22oz-624g,2025-11-28 16:31:56
Wei-Chuan Organic Chinese Lomein 1lb,$4.49,In Stock,/collections/all/products/wei-chuan-organic-chinese-lomein-1lb-16oz,2025-11-28 16:31:56
Vilac Yogurt Flavored Jelly Peach 1.76oz,$2.99,In Stock,/collections/all/products/vilac-yogurt-flavored-jelly-peach-1-76oz-50g,2025-11-28 16:31:56
Vilac Yogurt Flavored Jelly Original 1.76oz,$3.99,In Stock,/collections/all/products/vilac-yogurt-flavored-jelly-original-1-76oz-50g,2025-11-28 16:31:56
Vekoo Stainless Square Chopsticks Set (5 Pairs),$8.49,In Stock,/collections/all/products/vekoo-stainless-square-chopsticks-set-5-pairs,2025-11-28 16:31:56
Vekoo Bamboo Chopsticks (Blue/Green) 5Pairs,$5.99,In Stock,/collections/all/products/vekoo-chopsticks-blue-green-5pairs,2025-11-28 16:31:56
Giant One Way Potato Peeler,$3.29,In Stock,/collections/all/products/giant-one-way-potato-peeler,2025-11-28 16:31:56
Star Susemi Sponge Scrubber (Large),$2.49,In Stock,/collections/all/products/star-susemi-sponge-scrubber-large,2025-11-28 16:31:56
Star Susemi Trista Sponge Scrubber,$2.99,In Stock,/collections/all/products/star-susemi-trista-sponge-scrubber,2025-11-28 16:31:56
Tarami Kudamonoyasan White Peach Jelly 5.6oz,$2.09,In Stock,/collections/all/products/tarami-peach-jelly-5-6oz-160g,2025-11-28 16:31:56
Tarami Kudamonoyasan Mango with White Peach Jelly 5.6oz,$2.09,In Stock,/collections/all/products/tarami-mango-jelly-5-6oz-160g,2025-11-28 16:31:56
Shoda Seasoned Soy Sauce (Tosa Shoyu) 16.91fl.oz,$17.79,In Stock,/collections/all/products/shoda-seasoned-soy-sauce-tosa-shoyu-16-91fl-oz-500ml,2025-11-28 16:31:56
Thai Kitchen Sweet Red Chili 6.57fl.oz,$9.99,In Stock,/collections/all/products/thai-kitchen-sweet-red-chili-6-57fl-oz-194ml,2025-11-28 16:31:56
Tarami Kudamonoyasan Mandarin Orange Jelly 5.6oz,$2.79,In Stock,/collections/all/products/tarami-orange-jelly-5-6oz-160g,2025-11-28 16:31:56
Tarami Kudamonoyasan Fruit Mixed Jelly 5.6oz,$2.09,In Stock,/collections/all/products/tarami-fruit-mixed-jelly-5-6oz-160g,2025-11-28 16:31:56
Tarami Kudamonoyasan Melon Jelly 5.6oz,$2.09,In Stock,/collections/all/products/tarami-melon-jelly-5-6oz-160g,2025-11-28 16:31:56
Tampax Regular 10 Tampons,$5.49,In Stock,/collections/all/products/copy-of-tampax-regular-10-tampons,2025-11-28 16:31:56
Tamanoi Powdered Sushi Flavoring 2.64oz,$4.49,In Stock,/collections/all/products/tamanoi-powdered-sushi-flavoring-2-64oz-75g,2025-11-28 16:31:56
Colgate Extra Clean Full Head Soft Toothbrush,$2.49,In Stock,/collections/all/products/copy-of-colgate-extra-clean-full-head-medium-toothbrush,2025-11-28 16:31:56
"Samyang Cheese Buldak Hot Chicken Flavor Ramen Family Pack, 140g x 5Pks, 700g",$12.29,In Stock,/collections/all/products/samyang-cheese-buldak-hot-chicken-flavor-ramen-140g-5packs,2025-11-28 16:31:56
Samyang 2X Spicy Hot Chicken Flavor Ramen Cup (Small Cup) 2.46oz,$2.79,In Stock,/collections/all/products/samyang-2x-spicy-hot-chicken-flavor-ramen-cup-small-cup-2-46oz-70g,2025-11-28 16:31:56
"Samyang 2X Spicy Buldak Hot Chicken Flavored Ramen (Small Cup) 70g x 6 Cups, 420g",$15.49,In Stock,/collections/all/products/samyang-2x-spicy-buldak-hot-chicken-flavored-ramen-small-cup-2-47oz-70g-x-6-cups-420g,2025-11-28 16:31:56
Sunaroma Lavender Calming Body Bar 8oz,$7.49,In Stock,/collections/all/products/sunaroma-lavender-calming-body-bar-8oz-226g,2025-11-28 16:31:56
Sunaroma Goat's Milk Nourishing Body Bar 8oz,$7.49,In Stock,/collections/all/products/sunaroma-goats-milk-nourishing-body-bar-8oz-226g,2025-11-28 16:31:56
Sunaroma Coconut Moisturizing Body Bar 8oz,$7.49,In Stock,/collections/all/products/sunaroma-coconut-moisturizing-body-bar-8oz-226g,2025-11-28 16:31:56
Tagami Toothpicks Size M 5Pck,$3.99,In Stock,/collections/all/products/tagami-toothpicks-size-m-5pck,2025-11-28 16:31:56
Sempio Mackerel Pike Boiled (Pacific Saury) 14.11oz,$7.79,In Stock,/collections/all/products/sempio-mackerel-pike-boiled-pacific-saury-14-11oz-400g,2025-11-28 16:31:56
Songwha Lemon Ginger Hard Candies 3.5oz,$3.99,In Stock,/collections/all/products/songwha-lemon-ginger-hard-candies-3-5oz-100g,2025-11-28 16:31:56
Songwha Pure Ginger Syrup 12fl.oz,$8.79,In Stock,/collections/all/products/songwha-pure-ginger-syrup-12floz-355ml,2025-11-28 16:31:56
Pearl Soba Tray (Square),$6.99,In Stock,/collections/all/products/pearl-soba-tray-square,2025-11-28 16:31:56
Kokubo Plastic Rice Ball Mold,$3.99,In Stock,/collections/all/products/kukubo-plastic-rice-ball-mold,2025-11-28 16:31:56
Shirakiku Japanese Style Noodles Shirasagi No Ito Somen 25.39oz,$9.99,In Stock,/collections/all/products/shirakiku-japanese-style-noodles-somen-25-39oz-720g,2025-11-28 16:31:56
Shirakiku Dried Shaved Skipjack Tuna 2.82oz,$12.29,In Stock,/collections/all/products/shirakiku-dried-shaved-skipjack-tuna-2-82oz-80g,2025-11-28 16:31:56
Shirakiku Cut Wakame Dried Seaweed 2oz,$3.99,In Stock,/collections/all/products/shirakiku-cut-wakame-dried-seaweed-2oz-70-8g,2025-11-28 16:31:56
Sinbo Canton Noodles Oriental Style (Thin) 13.2oz,$2.79,In Stock,/collections/all/products/sinbo-canton-noodles-oriental-style-thin-13-2oz-375g,2025-11-28 16:31:56
Shirasaginohana Cha Soba 14.1oz,$10.99,In Stock,/collections/all/products/shirasaginohana-cha-soba-14-1oz-400g,2025-11-28 16:31:56
"Shimaya Japanese Kombu Dashi Powder 8g x 7 packs, 56g",$4.99,In Stock,/collections/all/products/shimaya-japanese-kombu-dashi-powder-8g-x-7packs-56g,2025-11-28 16:31:56
SFC Bio Sparkling Mango 11.83fl.oz,$1.79,In Stock,/collections/all/products/sfcbio-sparkling-mango-11-83floz-350ml,2025-11-28 16:31:56
SFC Bio Sparkling Calamansi 11.83fl.oz,$1.79,In Stock,/collections/all/products/sfcbio-sparkling-calamansi-11-83floz-350ml,2025-11-28 16:31:56
Sapporo Ichiban Shio Ramen 102g,$2.29,In Stock,/collections/all/products/sapporo-ichiban-shio-ramen-102g,2025-11-28 16:31:56
Sapporo Ichiban Chow Mein with Dried Seaweed Laver 3.6oz,$2.29,In Stock,/collections/all/products/sapporo-ichiban-chow-mein-with-dried-seaweed-laver-102g,2025-11-28 16:31:56
S&B Spaghetti Sauce Spicy Cod Roe 52.4g,$6.79,In Stock,/collections/all/products/s-b-spaghetti-sauce-spicy-cod-roe-1-85oz52-4g,2025-11-28 16:31:56
"S&B Spaghetti Sauce Garlic, Olive Oil & Chili Pepper 44.6g",$6.79,In Stock,/collections/all/products/s-b-spaghetti-sauce-garlic-olive-oil-chili-pepper-1-57oz44-6g,2025-11-28 16:31:56
S&B Spaghetti Sauce Cod Roe 46.4g,$6.79,In Stock,/collections/all/products/s-b-spaghetti-sauce-spicy-cod-roe-1-64oz-46-4g,2025-11-28 16:31:56
S&B Shio Arabiki Ground Pepper 3.1oz,$6.79,In Stock,/collections/all/products/s-b-shio-arabiki-ground-pepper-3-1oz-90g,2025-11-28 16:31:56
S&B Ichimi Togarashi Chili Pepper 0.52oz,$4.49,In Stock,/collections/all/products/s-b-ichimi-togarashi-chili-pepper-0-52oz-15g,2025-11-28 16:31:56
Prime Cook Spatula,$4.49,In Stock,/collections/all/products/prime-cook-spatula,2025-11-28 16:31:56
Por Kwan Crab Paste with Bean Oil 7oz,$7.79,In Stock,/collections/all/products/por-kwan-crab-paste-with-bean-oil-7oz-200g,2025-11-28 16:31:56
Pokkin Fruit Kaju 20% 20.3fl.oz,$3.99,In Stock,/collections/all/products/pokkin-fruit-kaju-20-20-3floz-600ml,2025-11-28 16:31:56
Pokkin Fruit Milk 20.3fl.oz,$3.29,In Stock,/collections/all/products/pokkin-fruit-milk-20-3floz-600ml,2025-11-28 16:31:56
Pocas Honey Ginger Tea Turmeric Flavor 20 Sachets 12.7oz,$7.79,In Stock,/collections/all/products/pocas-honey-ginger-tea-turmeric-flavor-20tbags-12-7oz-18g,2025-11-28 16:31:56
Pokkin Fruit Apple Juice & Milk 20.3fl.oz,$4.99,In Stock,/collections/all/products/pokkin-fruit-apple-juice-milk-20-3floz-600ml,2025-11-28 16:31:56
Pocas Honey Ginger Tea Lemon Flavor 20Sachets 12.7oz,$6.29,In Stock,/collections/all/products/pocas-honey-ginger-tea-lemon-flavor-20tbags-12-7oz-18g,2025-11-28 16:31:56
"Pulmuone Katsuo Soba Ramen Family Pack 116g x 4Pks, 464g",$9.99,In Stock,/collections/all/products/pulmuone-katsuo-soba-ramen-family-pack-116g-x-4pks-464g,2025-11-28 16:31:56
Hansung Scallion Slicer,$3.49,In Stock,/collections/all/products/hansung-scallion-slicer,2025-11-28 16:31:56
Nutty Peanut Roasted Salt 9oz,$3.59,In Stock,/collections/all/products/nutty-peanut-roasted-salt-9oz-255-15g,2025-11-28 16:31:56
Nutty Peanut Raw 9oz,$2.79,In Stock,/collections/all/products/nutty-peanut-raw-9oz-255-1g,2025-11-28 16:31:56
"Paldo Volcano Chicken Noodles 140g x 4Pks, 560g",$12.29,In Stock,/collections/all/products/paldo-volcano-chicken-noodles-4-93oz-140g-x-4pks-560g,2025-11-28 16:31:56
Paldo Volcano Chicken Noodle Spicy (Cup) 2.47oz,$3.29,In Stock,/collections/all/products/paldo-volcano-chicken-noodle-spicy-cup-2-47oz-70g,2025-11-28 16:31:56
"Paldo Jang Ramyun 120g x 5Pks, 600g",$10.99,In Stock,/collections/all/products/paldo-jang-ramyun-4-23oz-120g-x-5pks-600g,2025-11-28 16:31:56
Paldo Seafood Flavor King Noodle 3.88oz,$4.49,In Stock,/collections/all/products/paldo-seafood-flavor-king-noodle-3-88oz-110g,2025-11-28 16:31:56
"Paldo Instant Noodles with Seafood Soup 120g x 5Pks, 600g",$12.29,In Stock,/collections/all/products/paldo-instant-noodles-with-seafood-soup-4-23oz-120g-x5pks-600g,2025-11-28 16:31:56
"Paldo Premium Gomtang Family Pack, 125g x 4Packs, 500g",$12.29,In Stock,/collections/all/products/paldo-premium-gomtang-family-pack-4-41oz-125g-x-4packs-500g,2025-11-28 16:31:56
"You Us Omori Kimchi Stew Ramyun 160g x 4, 640g",$10.99,In Stock,/collections/all/products/you-us-omori-kimchi-stew-ramyun-5-64oz-160g-x-4-22-56oz-640g,2025-11-28 16:31:56
"Paldo Namja Ramen 115g x 5pks, 575g",$12.29,In Stock,/collections/all/products/paldo-namja-ramen-4-06oz-115g-x-5pks-575g,2025-11-28 16:31:56
Paldo Lime Lobster Flavor King Noodle 3.88oz,$4.49,In Stock,/collections/all/products/paldo-lime-lobster-flavor-king-noodle-3-88oz-110g,2025-11-28 16:31:56
Paldo Lobster Flavor King Noodle 3.88oz,$4.49,In Stock,/collections/all/products/paldo-lobster-flavor-king-noodle-3-88oz-110g,2025-11-28 16:31:56
"Paldo Jjajangmen Noodles with Black Bean Sauce 203g x 4Pks, 812g",$13.29,In Stock,/collections/all/products/paldo-jjajangmen-noodles-with-black-bean-sauce-7-16oz-203g-x-4pks-812g,2025-11-28 16:31:56
Paldo Bibim Jang Sauce 12.80oz,$12.29,In Stock,/collections/all/products/paldo-bibim-jang-sauce-12-80oz-380g,2025-11-28 16:31:56
Ottogi Wasabi Powder 10.58oz,$12.49,In Stock,/collections/all/products/ottogi-wasabi-powder-10-58oz-300g,2025-11-28 16:31:56
Ottogi Sweet Red-Bean Porridge 10.05oz,$6.29,In Stock,/collections/all/products/ottogi-sweet-red-bean-porridge-10-05oz-285g,2025-11-28 16:31:56
Ottogi Soup Tteok-Bokki/ Spicy Rice Cake Soup 15.02oz,$9.99,In Stock,/collections/all/products/ottogi-soup-tteok-bokki-spicy-rice-cake-soup-426g-15-02oz,2025-11-28 16:31:56
"Ottogi Snack Ramen Bundle 62g x 6 Cups, 372g",$16.49,In Stock,/collections/all/products/ottogi-snack-ramen-bundle-2-19oz-62g-x-6-cups-372g,2025-11-28 16:31:56
"Ottogi Snack Ramen Family Pack, 108g x 5 Pks, 540g",$12.29,In Stock,/collections/all/products/ottogi-snack-ramen-108g-5packs,2025-11-28 16:31:56
"Ottogi Kimchi Ramen Family Pack, 120g x 5Pks, 600g",$12.29,In Stock,/collections/all/products/ottogi-kimchi-ramen-family-pack-120g-x-5pks-600g,2025-11-28 16:31:56
"Ottogi Beijing Jjajang Ramen Stir Fried Black Bean Flavor 135g x 5Pks, 675g",$11.99,In Stock,/collections/all/products/ottogi-beijing-jjajang-ramen-stir-fried-black-bean-flavor-4-76oz-135g-x-5pks-675g,2025-11-28 16:31:56
"Ottogi Jin Ramen Mild Bundle 65g x 6 Cups, 390g",$15.99,In Stock,/collections/all/products/ottogi-jin-ramen-mild-bundle-2-29oz65g-x6cups-390g,2025-11-28 16:31:56
Ottogi Korean Style Instant Noodle Jin Ramen Spicy (Small Cup) 2.29oz,$2.79,In Stock,/collections/all/products/ottogi-korean-style-instant-noodle-jin-ramen-spicy-small-cup,2025-11-28 16:31:56
"Ottogi Jin Ramen Spicy Bundle 65g x 6 Cups, 390g",$15.99,In Stock,/collections/all/products/ottogi-jin-ramen-spicy-bundle-2-29oz65g-x-6-cups-390g,2025-11-28 16:31:56
Ottogi Yuk-Gae-Jang Ramen 2.18oz,$3.29,In Stock,/collections/all/products/ottogi-asian-style-instant-noodle-hot-spicy-ramen-small-cup,2025-11-28 16:31:56
"Ottogi Yuk-Gae-Jang Ramen Bundle 62g x 6 Cups, 372g",$17.29,In Stock,/collections/all/products/ottogi-yuk-gae-jang-ramen-bundle-2-18oz-62g-x-6-cups-372g,2025-11-28 16:31:56
"Ottogi Beijing Jjambbong Ramen Family Pack 120g x 5Pks, 600g",$11.99,In Stock,/collections/all/products/ottogi-spice-seafood-noodle-120g-5packs,2025-11-28 16:31:56
Ottogi Cooking Plum Extract Syrup 660g,$17.79,In Stock,/collections/all/products/ottogi-cooking-plum-extract-syrup-21-16oz-660g,2025-11-28 16:31:56
Ottogi Black Bean Sauce Mix 3.52oz,$6.79,In Stock,/collections/all/products/ottogi-balck-bean-sauce-mix-3-52oz100g,2025-11-28 16:31:56
O! Tea Omija Sangria Tea 14.1oz,$11.79,In Stock,/collections/all/products/o-tea-omija-sangria-tea-14-1oz-400g,2025-11-28 16:31:56
O! Tea Mango Passion Fruit Tea 14.1oz,$11.79,In Stock,/collections/all/products/o-tea-mango-passion-fruit-tea-14-1oz-400g,2025-11-28 16:31:56
"Ottogi Jin Ramen Veggie 110g x 4Pks, 400g",$12.29,In Stock,/collections/all/products/ottogi-jin-ramen-veggie-110g-x-4pks-400g,2025-11-28 16:31:56
Ohsung Yes! Chips! Deep Fried Shrimp Chips 3.7oz,$4.99,In Stock,/collections/all/products/yes-chips-deep-fried-shrimp-chips-3-7oz-105g,2025-11-28 16:31:56
Orion Turtle Chips Choco Churros Flavor 5.65oz,$7.29,In Stock,/collections/all/products/orion-turtle-chips-choco-churros-flavor-5-65oz-160g-a,2025-11-28 16:31:56
Orion Peanut Ball 7.13oz,$6.79,In Stock,/collections/all/products/orion-peanut-ball-7-12oz-202g,2025-11-28 16:31:56
Orion Chambungeobbang Korean Soft Cake 8 Packs 232g,$11.79,In Stock,/collections/all/products/orion-moist-chewy-chambungeobbang-korean-soft-cake-8packs-8-12oz-232g,2025-11-28 16:31:56
Orion Cosomi Sweet & Salty Cracker 12 Packs 216g,$8.29,In Stock,/collections/all/products/orion-cosomi-sweet-slaty-cracker-12packs-7-62oz216g,2025-11-28 16:31:56
Orion Turtle Chips Seaweed Flavor 5.65oz,$7.29,In Stock,/collections/all/products/orion-turtle-chips-seaweed-flavor-5-65oz-160g,2025-11-28 16:31:56
Orion Turtle Chips Flamin' Lime Flavor 5.64oz,$7.29,In Stock,/collections/all/products/orion-turtle-chips-flamin-lime-flavor-5-64oz-160g,2025-11-28 16:31:56
Orion O!Tube Cheddar Cheese Flavor 4.06oz,$6.29,In Stock,/collections/all/products/orion-o-tube-cheddar-cheese-flavor-4-06oz-115g,2025-11-28 16:31:56
Orion Miz Black 2Pk 2.96oz,$4.49,In Stock,/collections/all/products/orion-mizz-black-2pk-2-96oz-84g,2025-11-28 16:31:56
Moon Valley Organics Foaming Herbal Hand Soap Unscented 8.8fl.oz,$10.49,In Stock,/collections/all/products/moon-valley-organics-foaming-herbal-hand-soap-unscented-8-8fl-oz-260-2ml,2025-11-28 16:31:56
Yamamotoyama Genmai Cha Green Tea With Roasted Rice 3.5oz,$12.79,In Stock,/collections/all/products/yamamoto-genmai-cha-green-tea-with-roasted-rice-3-25oz100g,2025-11-28 16:31:56
Organic Farm Roasted Chestnut 5.29oz,$3.99,In Stock,/collections/all/products/organic-farm-roasted-chestnut-5-29oz-150g,2025-11-28 16:31:56
Nutty Pumpkin Seeds (Pepitas) 9oz,$5.79,In Stock,/collections/all/products/nutty-pumpkin-seeds-pepitas-9oz-255-1g,2025-11-28 16:31:56
Nutty Dried Prunes 10oz,$6.19,In Stock,/collections/all/products/nutty-dried-prunes-10oz-283-5g,2025-11-28 16:31:56
Nutty Pistachios Roasted No Salt 6oz,$6.39,In Stock,/collections/all/products/nutty-pistachios-roasted-no-salt-6oz-170-1g,2025-11-28 16:31:56
Nutty Pistachios Roasted Salt 6oz,$6.39,In Stock,/collections/all/products/nutty-pistachios-roasted-salt-6oz-170-1g,2025-11-28 16:31:56
Nutty Pecan 6oz,$6.59,In Stock,/collections/all/products/nutty-pecans-6oz-170-1g,2025-11-28 16:31:56
Nutty Omega-3 8oz,$5.59,In Stock,/collections/all/products/nutty-omega-3-8oz-226-8g,2025-11-28 16:31:56
Nutty Mixed Nut 8oz,$8.39,In Stock,/collections/all/products/nutty-mixed-nut-8oz-226-8g,2025-11-28 16:31:56
Nutty Cashews Roasted No Salt 8oz,$7.19,In Stock,/collections/all/products/nutty-cashews-roasted-no-salt-8oz-226-8g,2025-11-28 16:31:56
Nutty Brazil Nut 10oz,$10.99,In Stock,/collections/all/products/nutty-brazil-nut-10oz-283-5g,2025-11-28 16:31:56
Nutty Almond Raw 8oz,$6.79,In Stock,/collections/all/products/nutty-almond-raw-8oz-226-8g,2025-11-28 16:31:56
Nutty Almond Slice 7oz,$7.79,In Stock,/collections/all/products/nutty-almond-slice-7oz-198-4g,2025-11-28 16:31:56
Nongshim Tempura Udon Flavor Noodle Soup (Small Cup) 2.64oz,$2.79,In Stock,/collections/all/products/nongshim-tempura-udon-flavor-noodle-soup-small-cup,2025-11-28 16:31:56
Nongshim Tako Chips Seafood Flavor Big Size 10.09oz,$14.29,In Stock,/collections/all/products/nongshim-tako-chips-seafood-flavor-10-09oz286g,2025-11-28 16:31:56
Nongshim Champong Noodle Soup 4.37oz,$3.29,In Stock,/collections/all/products/nongshim-champong-noodle-soup-4-37oz-124g,2025-11-28 16:31:56
"Nongshim Spicy Shrimp Flavor Bundle 2.3oz x 6 Cups, 14.1oz",$17.79,In Stock,/collections/all/products/nongshim-spicy-shrimp-flavor-bundle-2-3oz67g-x6-cups-14-1oz,2025-11-28 16:31:56
Nongshim Cup Noodle Soup Spicy Shrimp Flavor (Small Cup) 2.3oz,$3.29,In Stock,/collections/all/products/nongshim-cup-noodle-soup-spicy-shrimp-flavor-small-cup,2025-11-28 16:31:56
Nongshim Bowl Noodle Soup Spicy Shrimp Flavor 3.03oz,$2.79,In Stock,/collections/all/products/nongshim-bowl-noodle-soup-spicy-shrimp-flavor,2025-11-28 16:31:56
"Nongshim Soon Veggie Noodle Soup Bundle 75g X 6 Cups, 450g",$14.29,In Stock,/collections/all/products/nongshim-soon-veggie-noodle-soup-bundle-2-64oz-75g-x-6-cups-450g,2025-11-28 16:31:56
Nongshim Soon Veggie Noodle Soup (Small Cup) 2.64oz,$2.79,In Stock,/collections/all/products/nongshim-soon-veggie-noodle-soup-small-cup,2025-11-28 16:31:56
Nongshim Shrimp Cracker Spicy Flavor Big Size 14.10oz,$13.29,In Stock,/collections/all/products/nongshim-shrimp-cracker-spicy-flavor-big-size-14-10-oz-400g,2025-11-28 16:31:56
Nongshim Gochujang Flavor Shrimp Crackers 2.64oz,$3.99,In Stock,/collections/all/products/nongshim-gochujang-flavor-shrimp-crackers-2-64oz-75g,2025-11-28 16:31:56
Nongshim Shrimp Flavored Chips Big Size 7.05oz,$14.99,In Stock,/collections/all/products/nongshim-shrimp-flavored-chips-7-05oz200g,2025-11-28 16:31:56
"Nongshim Shin Ramyun Noodle Soup 120g X 10P, 1.2Kg",$21.99,In Stock,/collections/all/products/nongshim-shin-ramyun-noodle-soup-4-23oz-120g-x-10p-1-2kg,2025-11-28 16:31:56
Nongshim Shin Ramyun Noodle Soup Black Bowl 3.5oz,$4.99,In Stock,/collections/all/products/nongshim-shin-black-ramen-spicy-cup-3-5oz-101g,2025-11-28 16:31:56
Nongshim Udon Premium Noodle Soup 9.73oz,$9.49,In Stock,/collections/all/products/nongshim-udon-premium-noodle-soup-9-73oz-276g,2025-11-28 16:31:56
Nongshim Rice Shrimp Snack 80g,$4.99,In Stock,/collections/all/products/nongshim-rice-shrimp-snack-80g,2025-11-28 16:31:56
Nongshim Onion Flavored Rings Big Size 5.99oz,$12.79,In Stock,/collections/all/products/nongshim-onion-flavored-rings-big-size-5-99oz170g,2025-11-28 16:31:56
Nongshim Onion Flavored Rings 3.17oz,$5.49,In Stock,/collections/all/products/nongshim-onion-flavored-rings-3-17oz90g,2025-11-28 16:31:56
Nongshim Neoguri Noodle Soup Spicy Seafood Flavor Bowl 2.64oz,$2.79,In Stock,/collections/all/products/nongshim-neoguri-spicy-seafood-flavor-noodle-soup-small-cup,2025-11-28 16:31:56
"Nongshim Neoguri Noodle Soup Spicy Seafood Flavor Bowl 75g X 6P, 450g",$15.49,In Stock,/collections/all/products/nongshim-neoguri-spicy-seafood-flavor-2-64oz-75g-x-6-cups-450g,2025-11-28 16:31:56
Nongshim Honey Twist Snack Big Size 10.05oz,$12.79,In Stock,/collections/all/products/nongshim-honey-twist-snack-10-05oz185g,2025-11-28 16:31:56
Nongshim Fried Snack (Chicken Nugget) 2.32oz,$4.99,In Stock,/collections/all/products/nongshim-drumstick-chip-2-32oz66g,2025-11-28 16:31:56
"Nongshim Doong Ji Naeng Myeon with Sweet & Spicy Gochujang Sauce 159g X 3P, 477g",$11.79,In Stock,/collections/all/products/nongshim-doong-ji-authentic-korean-cool-noodles-with-chili-sauce-159g-x-4packs-636g,2025-11-28 16:31:56
Nongshim Cuttlefish Snack 9.17oz,$14.29,In Stock,/collections/all/products/nongshim-cuttlefish-snack-9-17oz260g,2025-11-28 16:31:56
Nongshim Cuttlefish Snack 1.94oz,$3.99,In Stock,/collections/all/products/nongshim-cuttlefish-snack-1-94oz55g,2025-11-28 16:31:56
Nongshim Cho Chung U-Gua Rice Snack 2.82oz,$3.99,In Stock,/collections/all/products/nongshim-cho-chung-u-gua-rice-snack-2-82oz80g,2025-11-28 16:31:56
Nongshim Cho Chung U-Gua Rice Snack Big Size 10.23oz,$12.79,In Stock,/collections/all/products/nongshim-cho-chung-u-gua-rice-snack-10-23oz290g,2025-11-28 16:31:56
"Nongshim Champong Spicy Seafood Flavored Noodle Soup 4 Pkgs x 130g, 520g",$14.99,In Stock,/collections/all/products/nongshim-champong-spicy-seafood-noodle-soup-4-58oz-130g-x-4pks-520g,2025-11-28 16:31:56
Nongshim Bowl Noodle Soup Spicy Kimchi Flavor 3.03oz,$2.79,In Stock,/collections/all/products/nongshim-bowl-noodle-soup-spicy-kimchi-flavor,2025-11-28 16:31:56
Nongshim Bowl Noodle Soup Lobster Flavor 3.03oz,$2.79,In Stock,/collections/all/products/nongshim-bowl-noodle-soup-lobster-flavor-3-03oz-86g,2025-11-28 16:31:56
"Nongshim Baehongdong Bibimmyeon 137g X 4Packs, 548g",$11.79,In Stock,/collections/all/products/nongshim-baehongdong-bibimmyeon-4-83oz-137g-x-4packs-548g,2025-11-28 16:31:56
Nongshim Banana Kick 6.34oz,$12.79,In Stock,/collections/all/products/nongshim-banana-kick-4-93oz-140g,2025-11-28 16:31:56
Nongshim Banana Kick 1.58oz,$3.99,In Stock,/collections/all/products/nongshim-banana-kick-1-58oz45g,2025-11-28 16:31:56
"Nokchawon Corn Silk Tea, 1.5g X 50 Tea Bags, 75g",$7.29,In Stock,/collections/all/products/nokchawon-corn-silk-tea-50-tea-bags-2-65oz-75g,2025-11-28 16:31:56
Nissin Cup Noodle Seafood 2.7oz,$4.49,In Stock,/collections/all/products/nissin-cup-noodle-seafood,2025-11-28 16:31:56
Nissin Cup Noodle Curry 2.8oz,$4.49,In Stock,/collections/all/products/nissin-cup-noodle-curry,2025-11-28 16:31:56
Ninben Noodle Sauce Tsuyu 400ml,$8.29,In Stock,/collections/all/products/ninben-noodle-sauce-tsuyu-13-5fl-oz-400ml,2025-11-28 16:31:56
Mizkan Natural Flavored Distilled Vinegar 500ml,$19.79,In Stock,/collections/all/products/mizkan-natural-flavored-distilled-vinegar-16-9fl-oz-500ml,2025-11-28 16:31:56
Moon Valley Organics Foaming Herbal Hand Soap Cranberry Citrus 260.2ml,$10.49,In Stock,/collections/all/products/moon-valley-organics-foaming-herbal-hand-soap-cranberry-citrus-8-8floz-260-2ml,2025-11-28 16:31:56
Morn Rice Noodle (Vermicelli) 250g,$4.99,In Stock,/collections/all/products/morn-rice-noodle-vermicelli-8-81oz-250g,2025-11-28 16:31:56
Morinaga Mori-Nu Silken Tofu Soft 12.0oz,$2.99,In Stock,/collections/all/products/morinaga-mori-nu-silken-tofu-soft-12-0oz-340g,2025-11-28 16:31:56
Morinaga Mori-Nu Silken Tofu Firm 12.3oz,$2.99,In Stock,/collections/all/products/morinaga-mori-nu-silken-tofu-firm-12-3oz-349g,2025-11-28 16:31:56
Morinaga Mori-Nu Silken Tofu Extra Firm 12.3oz,$2.99,In Stock,/collections/all/products/morinaga-mori-nu-silken-tofu-extra-firm-12-3oz-349g,2025-11-28 16:31:56
Morinaga Hi-Chew Plus Fruit Sunrise Mix Candy 2.82oz,$3.79,In Stock,/collections/all/products/morinaga-hi-chew-plus-fruit-sunrise-mix-candy-2-82oz-80g,2025-11-28 16:31:56
Morinaga Hi-Chew Berry Mix 3.17oz,$3.79,In Stock,/collections/all/products/morinaga-hi-chew-berry-mix-3-17oz-90g,2025-11-28 16:31:56
Mogu Mogu Pina Colada Drink With Nata De Coco 320ml,$1.79,In Stock,/collections/all/products/mogu-mogu-pina-colada-drink-with-nata-de-coco-10-82fl-oz-320ml,2025-11-28 16:31:56
Mogu Mogu Passion Fruit Drink with Nata De Coco 320ml,$1.79,In Stock,/collections/all/products/mogu-mogu-passion-fruit-drink-with-nata-de-coco-10-82fl-oz-320ml,2025-11-28 16:31:56
Mogu Mogu Melon Drink with Nata De Coco 320ml,$1.79,In Stock,/collections/all/products/mogu-mogu-melon-drink-with-nata-de-coco-10-82fl-oz-320ml,2025-11-28 16:31:56
Mogu Mogu Grape Juice with Nata De Coco 320ml,$1.79,In Stock,/collections/all/products/mogu-mogu-grape-juice-with-nata-de-coco-10-82fl-oz-320ml,2025-11-28 16:31:56
Mogu Mogu Coconut Juice with Nata De Coco 320ml,$2.79,In Stock,/collections/all/products/mogu-mogu-coconut-juice-with-nata-de-coco-10-82fl-oz-320ml,2025-11-28 16:31:56
Mogu Mogu Apple Juice with Nata De Coco 320ml,$1.79,In Stock,/collections/all/products/mogu-mogu-apple-juice-with-nata-de-coco-10-82fl-oz-320ml,2025-11-28 16:31:56
Ito En Matcha Love Japanese Matcha + Green Tea 10T 0.63oz,$8.29,In Stock,/collections/all/products/itoen-matcha-love-japanese-matcha-green-tea-10t-0-63oz-18g,2025-11-28 16:31:56
Mizkan Mirin Sweet Cooking Seasoning 355ml,$7.79,In Stock,/collections/all/products/mizkan-mirin-sweet-cooking-seasoning-12floz-355ml,2025-11-28 16:31:56
Mishima Gluten Free Miso Soup Mixed Flavor 3Pk 1.05oz,$5.49,In Stock,/collections/all/products/mishima-gluten-free-miso-soup-mixed-flavor-3pk-1-05oz-30g,2025-11-28 16:31:56
Mishima Gluten Free Miso Soup Sriracha Flavor 3Pk 1.05oz,$5.49,In Stock,/collections/all/products/mishima-gluten-free-miso-soup-sriracha-flavor-3pk-1-05oz-30g,2025-11-28 16:31:56
Miko Brand Instant Miso Soup Wakame Seaweed 6.21oz,$6.29,In Stock,/collections/all/products/copy-of-miko-instant-miso-soup-abura-age-fried-bean-curd-6-21oz-176g,2025-11-28 16:31:56
Miko Brand Instant Miso Soup Green Onion 6.21oz,$6.29,In Stock,/collections/all/products/copy-of-miko-instant-miso-soup-green-onion-6-21oz176g,2025-11-28 16:31:56
Sanada Microwave Oven Cleaner (Orange Oil),$2.99,In Stock,/collections/all/products/sanada-microwave-oven-orange-oil-cleaner,2025-11-28 16:31:56
Meishoku Placewhiter Whitening Eye Cream 30g,$16.99,In Stock,/collections/all/products/meishoku-placewhiter-whitening-eye-cream-30-g,2025-11-28 16:31:56
"Maxim Decaffeinated Coffee Mix 20 Sticks, 8.32oz",$9.99,In Stock,/collections/all/products/dongsuh-maxim-decaffeinated-coffee-mix-20-sticks-8-32oz236g,2025-11-28 16:31:56
Makairi Genmaicha Marushichi Suzuki Br. Tea Leaf 250g,$7.79,In Stock,/collections/all/products/makairi-genmaicha-marushichi-suzuki-br-tea-leaf-250g-8-81oz,2025-11-28 16:31:56
Mammos Korean Red Ginseng Candy 3.52oz,$2.29,In Stock,/collections/all/products/mammos-korean-red-ginseng-candy-3-52oz-100g,2025-11-28 16:31:56
Mama Pho Ga Rice Noodles with Chicken Flavor 2.29oz,$3.29,In Stock,/collections/all/products/mama-ph-ga-rice-noodles-with-chicken-flavor-2-29oz-65g,2025-11-28 16:31:56
Mama Pho Bo Rice Noodles with Beef Flavor 2.29oz,$3.29,In Stock,/collections/all/products/mama-pho-bo-rice-noodles-with-beef-flavor-2-29oz-65g-1,2025-11-28 16:31:56
Mae Ploy Sweet Chilli Sauce 32oz,$6.29,In Stock,/collections/all/products/mae-ploy-sweet-chilli-sauce-32oz-920g,2025-11-28 16:31:56
Lotte Pepero White Cookie 32g,$2.29,In Stock,/collections/all/products/lotte-pepero-white-cookie-32g-1-13oz,2025-11-28 16:31:56
Lotte Pepero Original 47g,$2.29,In Stock,/collections/all/products/lotte-pepero-original-47g-1-66oz,2025-11-28 16:31:56
"Lotte Milkis Peach Flavored Carbonated Drink 8.45fl oz x 6Cans, 50.7fl.oz",$8.79,In Stock,/collections/all/products/lotte-milkis-peach-flavored-carbonated-drink-8-45fl-oz-250ml-x-6cans-50-7fl-oz,2025-11-28 16:31:56
Lotte Chewing Candy Strawberry 5.57oz,$7.49,In Stock,/collections/all/products/lotte-chewing-candy-strawberry-5-57oz-158g,2025-11-28 16:31:56
Lotte Mom's Homemade Butter Flavored Pie 20 Packs 254g,$9.99,In Stock,/collections/all/products/lotte-family-pie-butter-flavored-cookies-20packs-8-96oz254g,2025-11-28 16:31:56
Lotte Custard Pie Strawberry 10P 7.76oz,$12.79,In Stock,/collections/all/products/lotte-custard-pie-strawberry-10p-7-76oz-220g,2025-11-28 16:31:56
Lotte Choco Pie Black Sugar Milk Tea 12P 11.85oz,$7.79,In Stock,/collections/all/products/lotte-choco-pie-black-sugar-milk-tea-12p-11-85oz-336g,2025-11-28 16:31:56
"Lotte Chilsung Cider Lemon Lime Soda 8.45fl.oz X 6Pk, 50.7fl.oz",$10.99,In Stock,/collections/all/products/lotte-chilsung-cider-lemon-lime-soda-8-45fl-oz-250ml-x-6pk-50-7fl-oz,2025-11-28 16:31:56
Lotte Chic-Choc Original (Big Pack) 12P 6.35oz,$8.29,In Stock,/collections/all/products/lotte-chic-choc-original-big-pack-12p-6-35oz-180g,2025-11-28 16:31:56
Lotte Chic-Choc Original 4.23oz,$6.79,In Stock,/collections/all/products/lotte-chic-choic-original-4-23oz-120g,2025-11-28 16:31:56
Lotte Cheetos Sweet & Spicy Flavor 5.78oz,$7.79,In Stock,/collections/all/products/lotte-cheetos-sweet-spicy-flavor-5-78oz164g,2025-11-28 16:31:56
Lotte Cheetos Smoky Bbq Flavor 5.78oz,$7.79,In Stock,/collections/all/products/lotte-cheetos-smoky-bbq-flavor-5-78oz-164g,2025-11-28 16:31:56
Lotte Cereal Choco (Cup) 3.14oz,$3.99,In Stock,/collections/all/products/lotte-cereal-choco-cup-3-14oz-89g,2025-11-28 16:31:56
Lotte Butter Coconut Sweet Biscuit 3.53oz,$3.29,In Stock,/collections/all/products/lotte-butter-coconut-sweet-biscuit-3-53oz100g,2025-11-28 16:31:56
Lotte Burdock Tea Unsweetened 500ml,$5.49,In Stock,/collections/all/products/lotte-burdock-tea-unsweetened-16-9fl-oz-500ml,2025-11-28 16:31:56
Lotte Binch Chocolate & Biscuit Cookie 3.60oz,$4.99,In Stock,/collections/all/products/lotte-binch-chocoloate-biscuit-cookie-3-60oz-102g,2025-11-28 16:31:56
Lotte 2% Peach 240ml x 6Pk,$10.49,In Stock,/collections/all/products/lotte-2-peach-8-12fl-oz-240ml-6pk,2025-11-28 16:31:56
Lotte Oat & Seven Grain Biscuit (Cereal Choco) 1.48oz,$2.79,In Stock,/collections/all/products/lotte-oat-seven-grain-biscuit-1-48oz42g,2025-11-28 16:31:56
Lotte Harvest Original 3.5oz,$3.29,In Stock,/collections/all/products/lotte-harvest-original-3-5oz-100g,2025-11-28 16:31:56
Long Kow Broad Cellophane Noodles 6.3oz,$7.79,In Stock,/collections/all/products/long-kow-broad-cellophane-noodles-6-3oz-180g,2025-11-28 16:31:56
Lee Kum Kee Sichuan Spicy Noodle Sauce 8.2oz,$4.99,In Stock,/collections/all/products/lee-kum-kee-sichuan-spicy-noodle-sauce-8-2oz-233g,2025-11-28 16:31:56
Lee Kum Kee Sichuan Style Hot & Spicy Soup Base (Malatang) 7oz,$5.49,In Stock,/collections/all/products/lee-kum-kee-sichuan-style-hot-spicy-soup-base-malatang-7oz-198g,2025-11-28 16:31:56
Lee Kum Kee Premium Soy Sauce 150ml,$4.49,In Stock,/collections/all/products/lee-kum-kee-premium-soy-sauce-5-1floz-150ml,2025-11-28 16:31:56
Little Sheep Tomato Soup Base For Hot Pot 7.05oz,$7.79,In Stock,/collections/all/products/little-sheep-tomato-soup-base-for-hot-pot-7-05oz-200g,2025-11-28 16:31:56
Kose Coenrich Q10 Whitening Hand & Finger Cream 2.8oz,$10.99,In Stock,/collections/all/products/kose-coenrich-q10-whitening-hand-finger-cream-2-8oz-80g,2025-11-28 16:31:56
Rainbow Go Stop Cards,$7.99,In Stock,/collections/all/products/rainbow-go-stop-cards,2025-11-28 16:31:56
Kukubo Multipurpose Brush Green,$4.29,In Stock,/collections/all/products/kukubo-multipurpose-brush-green,2025-11-28 16:31:56
Knorr Tamarind Soup Mix with Other Natural Flavor 1.41oz,$2.49,In Stock,/collections/all/products/knorr-tamarind-soup-mix-with-other-natural-flavor-1-41oz-40g,2025-11-28 16:31:56
Kikkoman Traditionally Brewed Soy Sauce 148ml,$4.99,In Stock,/collections/all/products/kikkoman-traditionally-brewed-soy-sauce-5fl-oz-148ml,2025-11-28 16:31:56
Kikkoman Sriracha Mayo 8oz,$7.79,In Stock,/collections/all/products/kikkoman-sriracha-mayo-8oz-226g,2025-11-28 16:31:56
Kikkoman Traditionally Brewed Less Sodium Tamari Soy Sauce 296ml,$9.49,In Stock,/collections/all/products/kikkoman-traditionally-brewed-less-sodium-tamari-soy-sauce-10floz-296ml,2025-11-28 16:31:56
Kikkoman All Purpose Seasoning Tamari Gluten-Free Soy Sauce 296ml,$7.79,In Stock,/collections/all/products/kikkoman-all-purpose-seasoning-tamari-gluten-free-soy-sauce-10floz-296ml,2025-11-28 16:31:56
Kikkoman Hoisin Sauce 9.4oz,$7.79,In Stock,/collections/all/products/kikkoman-hoisin-sauce-9-4oz-267g,2025-11-28 16:31:56
Kikkoman All Purpose Seasoning Soy Sauce (Gluten-Free) 296ml,$7.79,In Stock,/collections/all/products/kikkoman-all-purpose-seasoning-soy-sauce-gluten-free-10floz-296ml,2025-11-28 16:31:56
YZ Kitchen Scrubber,$3.29,In Stock,/collections/all/products/yz-kitchen-scrubber,2025-11-28 16:31:56
"I Love My Kitchen Bamboo Skewers 11.9""",$1.99,In Stock,/collections/all/products/i-love-my-kitchen-bamboo-skewers-11-9,2025-11-28 16:31:56
Kimbo Pork Sung 4oz,$6.79,In Stock,/collections/all/products/kimbo-pork-sung-4oz,2025-11-28 16:31:56
Kanro Pure Gummy Grape 1.9oz,$3.29,In Stock,/collections/all/products/kanro-pure-gummy-grape-1-9oz-56g,2025-11-28 16:31:56
Jongga Real Kimchi Ramen King Cup 4.93oz,$4.49,In Stock,/collections/all/products/jongga-real-kimchi-ramen-4-93oz-140g,2025-11-28 16:31:56
Jeonwon Corn Starch Taste 14.1oz,$4.49,In Stock,/collections/all/products/jeonwon-corn-starch-taste-14-1-oz-400g,2025-11-28 16:31:56
J-Basket Inarizushi-No-Moto Seasoned Fried Bean Curd 10oz,$7.29,In Stock,/collections/all/products/j-basket-inarizushi-no-moto-seasoned-fried-bean-curd-10oz-284g,2025-11-28 16:31:56
Ito En Matcha Love Sweetened Green Tea 155ml,$2.79,In Stock,/collections/all/products/itoen-matcha-love-sweetened-green-tea-5-2-fl-oz-155ml,2025-11-28 16:31:56
Ito En Matcha Green Tea Sweet Matcha 17.5oz,$32.99,In Stock,/collections/all/products/ito-en-matcha-green-tea-sweet-match-17-5oz-500g,2025-11-28 16:31:56
Ito En Golden Oolong Tea Unsweetened 500ml,$3.99,In Stock,/collections/all/products/itoen-golden-oolong-tea-unsweetened-500ml,2025-11-28 16:31:56
"Ibumie Mi Goreng Tom Yum Flavor Instant Noodles 80g x 5Pks, 400g",$4.49,In Stock,/collections/all/products/ibumie-mi-goreng-tom-yum-flavor-instant-noodles-2-82oz-80g-x-5pks-400g,2025-11-28 16:31:56
"Ibumie Mi Goreng Sambal Prawn Flavor Instant Noodles 80g x 5Pks, 400g",$4.49,In Stock,/collections/all/products/ibumie-mi-goreng-sambal-prawn-flavor-instant-noodles-2-82oz-80g-x-5pks-400g,2025-11-28 16:31:56
"Ibumie Mi Goreng Original Flavor Instant Noodles 80g x 5Pks, 400g",$4.49,In Stock,/collections/all/products/ibumie-mi-goreng-original-flavor-instant-noodles-2-82oz-80g-x-5pks-400g,2025-11-28 16:31:56
Imei Choco Roll Taro Flavor 4.83oz,$4.99,In Stock,/collections/all/products/imei-choco-roll-taro-flavor-4-83oz-137g,2025-11-28 16:31:56
Hunsty Sichuan Pepper 3.52oz,$6.79,In Stock,/collections/all/products/hunsty-sichuan-pepper-3-52oz-100g,2025-11-28 16:31:56
House Foods Shichimi Togarashi Red Pepper Mix 0.63oz,$4.49,In Stock,/collections/all/products/housefoods-shichimi-togarashi-red-pepper-mix-0-63oz-18g,2025-11-28 16:31:56
Hunsty Star Anise 3.52oz,$7.29,In Stock,/collections/all/products/hunsty-star-anise-3-52oz-100g,2025-11-28 16:31:56
Hitejinro Black Bori Roasted Dark Barley Tea 520ml,$3.99,In Stock,/collections/all/products/hitejinro-black-bori-roasted-dark-barley-tea-17-5fl-oz-520ml,2025-11-28 16:31:56
Haechandle Red Pepper Sauce with Vinegar 10.6oz,$5.49,In Stock,/collections/all/products/haechandle-red-pepper-sauce-with-vinegar-10-6oz-300g,2025-11-28 16:31:56
Harney & Sons Peppermint Herbal 20 Sachets 1.2oz,$9.99,In Stock,/collections/all/products/harney-sons-peppermint-herbal-20-sachets-1-2oz-34g,2025-11-28 16:31:56
Harney & Sons Paris 20 Sachets 1.4oz,$9.99,In Stock,/collections/all/products/harney-sons-paris-20-sachets-1-4oz-40g,2025-11-28 16:31:56
Hapi Spicy Sriracha Flavored Peas 4.23oz,$3.29,In Stock,/collections/all/products/hapi-wasabi-flavored-peas-4-23oz-120g,2025-11-28 16:31:56
Hapi Mixed Crackers The Original Party Mix 3oz,$4.99,In Stock,/collections/all/products/hapi-mixed-crackers-the-original-party-mix-3oz-85g,2025-11-28 16:31:56
Hapi Fortune Cookies 4oz,$6.79,In Stock,/collections/all/products/hapi-fortune-cookies-4oz-113-4g,2025-11-28 16:31:56
Haio Mackerel Pike Boiled 14.1oz,$6.79,In Stock,/collections/all/products/haio-mackerel-pike-boiled-14-1oz400g,2025-11-28 16:31:56
Haidilao Hot & Spicy Hot Pot Soup Base 7.8oz,$6.79,In Stock,/collections/all/products/haidilao-spicy-flavor-hot-pot-soup-base-seasoning-7-8oz-220g,2025-11-28 16:31:56
Harney & Sons Chamomile Herbal 20 Sachets 0.9oz,$9.99,In Stock,/collections/all/products/harney-sons-chamomile-herbal-20-sachets-0-9oz-26g,2025-11-28 16:31:56
Gugen Churros Snack with Cheese Cream 7oz X 12Packs,$12.79,In Stock,/collections/all/products/gugen-churros-snack-with-cheese-cream-7oz-20g-x-12packs,2025-11-28 16:31:56
Mammos Green Tea Candy 3.52oz,$2.79,In Stock,/collections/all/products/mammos-green-tea-candy-3-52oz-100g,2025-11-28 16:31:56
Glico Pocky Chocolate Banana 2.47oz,$3.99,In Stock,/collections/all/products/glico-pocky-chocolate-banana-2-47oz-70g,2025-11-28 16:31:56
Giraldo Farms Colombian Coffee Vanilla 1.76oz,$7.79,In Stock,/collections/all/products/giraldo-farms-colombian-coffee-vanilla-1-76oz-50g,2025-11-28 16:31:56
Fun Part Waffle Cones Filled with White Chocolate 4.23oz,$7.29,In Stock,/collections/all/products/fun-part-waffle-cones-filled-with-white-chocolate-4-23oz-120g,2025-11-28 16:31:56
Fremo Aloe Vera Drink Pineapple Flavor 16.9fl.oz,$2.29,In Stock,/collections/all/products/fremo-aloe-vera-drink-pineapple-flavor-16-9floz-500ml,2025-11-28 16:31:56
Fremo Aloe Vera Drink Kiwi Flavor 16.9fl.oz,$2.29,In Stock,/collections/all/products/fremo-aloe-vera-drink-kiwi-flavor-16-9floz-500ml,2025-11-28 16:31:56
Fun Part Waffle Cones Filled with Milk Chocolate 4.23oz,$7.29,In Stock,/collections/all/products/fun-part-waffle-cones-filled-with-milk-chocolate-4-23oz-120g,2025-11-28 16:31:56
Fun Part Waffle Cones Filled with Dark Chocolate 4.23oz,$7.29,In Stock,/collections/all/products/fun-part-waffle-cones-filled-with-dark-chocolate-4-23oz-120g,2025-11-28 16:31:56
Dynasty Whole Water Chestnuts 8oz,$3.29,In Stock,/collections/all/products/dynasty-whole-water-chestnuts-8oz-227g,2025-11-28 16:31:56
Dynasty Jasmine Rice 2lbs,$6.79,In Stock,/collections/all/products/dynasty-jasmine-rice-32oz-2lbs-907g,2025-11-28 16:31:56
Dongwon Cooked Multigrain Rice 210g x 3PK,$8.79,In Stock,/collections/all/products/dongwon-cooked-multigrain-rice-210g-3pk-630g,2025-11-28 16:31:56
"Dongsuh Cassia Toralinne Tea 18TBags x 8g, 144g",$6.79,In Stock,/collections/all/products/dongsuh-cassia-toralinne-tea-18tbags-8g-144g,2025-11-28 16:31:56
"Dongsuh Barley Tea 10g x 30 Tea Bags, 300g",$7.29,In Stock,/collections/all/products/dongsuh-barley-tea-30ea-10-58oz300g,2025-11-28 16:31:56
"Damizle Puer Tea 40Tbags, 1.12oz",$8.29,In Stock,/collections/all/products/damizle-puer-tea-40tbags-1-12oz-32g,2025-11-28 16:31:56
CW Yuja Cheesecake 6.7oz,$7.79,In Stock,/collections/all/products/cw-yuja-cheesecake-6-7oz-190g,2025-11-28 16:31:56
"CW Grand Shell Apple Cookie 12 Packs, 8.25oz",$7.79,In Stock,/collections/all/products/cw-grand-shell-apple-12packs-8-25oz-234g,2025-11-28 16:31:56
Crown Jolly Pong Cereal Snack 5.82oz,$4.99,In Stock,/collections/all/products/crown-jolly-pong-cereal-snack-5-82oz-165g,2025-11-28 16:31:56
Choripdong Roasted Grain Powder with Black Bean 2.2lb,$8.79,In Stock,/collections/all/products/choripdong-roasted-grain-powder-with-black-bean-2-2lb1kg,2025-11-28 16:31:56
Choripdong Corn Silk Tea 40T x 2oz,$6.29,In Stock,/collections/all/products/choripdong-corn-silk-tea-40t-2oz-60g,2025-11-28 16:31:56
"Choripdong 15 Grain Mixed Powder with Yam 20g x 40 Sticks, 800g",$19.29,In Stock,/collections/all/products/choripdong-15-grain-mixed-powder-with-yam-20gx40-sticks-800g-1-76lb,2025-11-28 16:31:56
Colgate Extra Clean Full Head Firm Toothbrush,$2.79,In Stock,/collections/all/products/copy-of-oral-b-3d-white-vivid-toothbrush-soft,2025-11-28 16:31:56
Nutty Walnut Light Halves 5oz,$4.39,In Stock,/collections/all/products/nutty-walnut-light-halves-5oz-141-7g,2025-11-28 16:31:56
Chung Jung One Sweet Potato Glass Noodle 18oz,$10.99,In Stock,/collections/all/products/chungjungone-sweet-potato-glass-noodle-18oz500g,2025-11-28 16:31:56
Chung Jung One Luncheon Meat Pork 12oz,$6.49,In Stock,/collections/all/products/chungjungone-luncheon-meat-pork-12oz340g,2025-11-28 16:31:56
CJ Bibigo Spicy Mushroom Soup 17.64oz,$11.79,In Stock,/collections/all/products/bibigo-spicy-mushroom-soup-17-63oz-500g,2025-11-28 16:31:56
CJ Bibigo Seaweed Flakes with Korean-Style Soy Sauce Powder 1.76oz,$6.79,In Stock,/collections/all/products/bibigo-seaweed-flakes-with-korean-style-soy-sauce-power-1-76oz-50g,2025-11-28 16:31:56
CJ Bibigo Seaweed Soup 500g,$7.79,In Stock,/collections/all/products/bibigo-seaweed-soup-500g,2025-11-28 16:31:56
CJ Bibigo Beef Stock Soup 500g,$4.99,In Stock,/collections/all/products/bibigo-beef-stock-soup-17-64oz500g,2025-11-28 16:31:56
CJ Dasida Premium Gold Soup Stock (Anchovy Flavor) 10.6oz,$8.79,In Stock,/collections/all/products/cj-dasida-premium-gold-soup-stock-anchovy-flavor-10-6oz-300g,2025-11-28 16:31:56
Chinese Noodle 25.39oz,$10.99,In Stock,/collections/all/products/shirasaginohana-ramen-noodle-25-39oz-720g,2025-11-28 16:31:56
China Sea Peeled Sliced Water Chestnuts in Water 8oz,$3.29,In Stock,/collections/all/products/china-sea-peeled-sliced-water-chestnuts-in-water-8oz-226g,2025-11-28 16:31:56
Chacha Food Roasted Sunflower Seeds Chinese Pecan 5.64oz,$5.49,In Stock,/collections/all/products/copy-of-chacha-food-roasted-sunflower-seeds-5-64oz-160g,2025-11-28 16:31:56
Chacha Food Roasted Sunflower Seeds Natural Flavor 8.82oz,$5.49,In Stock,/collections/all/products/chacha-food-roasted-sunflower-seeds-natural-flavor-8-82oz-250g,2025-11-28 16:31:56
Chacha Food Roasted Sunflower Seeds Coconut Flavor 8.82oz,$5.49,In Stock,/collections/all/products/chacha-food-sunflower-roasted-seeds-coconut-flavor-8-82oz-250g,2025-11-28 16:31:56
Chacha Food Roasted Jumbo Sunflower Seeds 3.45oz,$4.49,In Stock,/collections/all/products/chacha-food-roasted-jumbo-sunflower-seeds-3-45oz-98g,2025-11-28 16:31:56
Nutty Cashews Roasted Salt 8oz,$7.19,In Stock,/collections/all/products/nutty-cashews-roasted-salt-8oz-226-8g,2025-11-28 16:31:56
Chloe & Dylan Honey Citron Tea 2.2lbs,$13.29,In Stock,/collections/all/products/chole-dylan-honey-citron-tea-1kg-2-2lbs,2025-11-28 16:31:56
Beksul Premium Oyster Sauce 12.36oz,$8.79,In Stock,/collections/all/products/beksul-premium-oyster-sauce-12-36oz-350g,2025-11-28 16:31:56
Beksul Korean Pancake Mix 35.3oz,$6.29,In Stock,/collections/all/products/beksul-korean-pancake-mix-35-3oz-2-2lb-1kg,2025-11-28 16:31:56
Beksul Frying Mix for Cooking 35.3oz,$6.29,In Stock,/collections/all/products/beksul-frying-mix-35-3oz1kg,2025-11-28 16:31:56
Binggrae Gotgaerang Snack Original 2.47oz,$5.49,In Stock,/collections/all/products/binggrae-gotgaerang-snack-original-2-47oz70g,2025-11-28 16:31:56
Royal Chocolates Belgian Chocolate Thins Milk Flavor 4.4oz,$6.79,In Stock,/collections/all/products/royal-chocolates-belgian-chocolate-thins-milk-flavor-4-4oz-125g,2025-11-28 16:31:56
Royal Chocolates Belgian Chocolate Thins Mint Flavor 4.4oz,$6.79,In Stock,/collections/all/products/royal-chocolates-belgian-chocolate-thins-mint-flavor-4-4oz-125g,2025-11-28 16:31:56
Royal Chocolates Belgian Chocolate Thins Hazelnut Flavor 4.4oz,$6.79,In Stock,/collections/all/products/royal-chocolates-belgian-chocolate-thins-hazelnut-flavor-4-4oz-125g,2025-11-28 16:31:56
Royal Chocolates Belgian Chocolate Thins Dark Orange Flavor 4.4oz,$6.79,In Stock,/collections/all/products/royal-chocolates-belgian-chocolate-thins-dark-orange-flavor-4-4oz-125g,2025-11-28 16:31:56
Royal Chocolates Belgian Chocolate Thins Dark Flavor 4.4oz,$6.79,In Stock,/collections/all/products/royal-chocolates-belgian-chocolate-thins-dark-flavor-4-4oz-125g,2025-11-28 16:31:56
Royal Chocolates Belgian Chocolate Thins Caramel Sea Salt Flavor 4.4oz,$6.79,In Stock,/collections/all/products/royal-chocolates-belgian-chocolate-thins-caramel-sea-salt-flavor-4-4oz-125g,2025-11-28 16:31:56
Ishihara Beautist Make Up Puff (Square) (2Pk),$4.49,In Stock,/collections/all/products/ishihara-beautist-make-up-puff-high-density-square-2pk,2025-11-28 16:31:56
I Love My Kitchen Bamboo Sushi Rolling Mat 24cm x 24cm,$3.99,In Stock,/collections/all/products/i-love-my-kitchen-bamboo-sushi-rolling-mat-24cm-x-24cm,2025-11-28 16:31:56
"I Love My Kitchen Bamboo Skewers 5.9""",$2.49,In Stock,/collections/all/products/i-love-my-kitchen-bamboo-skewers-5-9,2025-11-28 16:31:56
Baby Star Crispy Ramen Snack Tonkotsu Flavor 2.47oz,$3.29,In Stock,/collections/all/products/baby-star-crispy-ramen-snack-tonkotsu-flavor-2-47oz-70g,2025-11-28 16:31:56
Baby Star Crispy Ramen Snack Garlic Flavor 2.47oz,$3.29,In Stock,/collections/all/products/copy-of-baby-star-crispy-ramen-snack-garlic-flavor-2-47oz-70g,2025-11-28 16:31:56
Avocado Slicer,$4.29,In Stock,/collections/all/products/avocado-slicer,2025-11-28 16:31:56
Amphora Organic Soft Dried Smyrna Figs 6oz,$7.19,In Stock,/collections/all/products/amphora-organic-soft-dried-smyrna-figs-6oz-170g,2025-11-28 16:31:56
Amphora Organic Soft Dried Tart Cherries 3oz,$7.19,In Stock,/collections/all/products/amphora-organic-soft-dried-tart-cherries-3oz-85g,2025-11-28 16:31:56
Nutty Almonds Roasted Salt 8oz,$7.79,In Stock,/collections/all/products/nutty-almonds-roasted-salt-8oz-226-8g,2025-11-28 16:31:56
Asian Taste Vermicelli (Bean Thread) 10.5oz,$3.99,In Stock,/collections/all/products/asian-taste-vermicelli-bean-thread-10-5oz-300g,2025-11-28 16:31:56
Jinga Korean Seasoned Pollack Roe,$10.99,In Stock,/collections/all/products/jinga-korean-seasoned-pollack,2025-11-28 16:31:56
FMG Brown Sugar Milk Tea 250ml,$4.49,In Stock,/collections/all/products/brown-sugar-milk-tea-250ml,2025-11-28 16:31:56
Nonghyup Cooked White Rice 7.4oz,$3.29,In Stock,/collections/all/products/nh-cooked-white-rice-210g,2025-11-28 16:31:56
Dongwon Cooked Mixed Grains Rice 7.4oz x 3 Packs,$10.99,In Stock,/collections/all/products/dw-cooked-multi-grains-rice-3-210g,2025-11-28 16:31:56
Ritter Sport Milk Chocolate with Whole Almonds 3.5oz,$6.29,In Stock,/collections/all/products/ritter-whole-almond-3-5oz,2025-11-28 16:31:56
Ritter Sport Milk Chocolate with Cornflakes 3.5oz,$6.29,In Stock,/collections/all/products/ritter-cornflakes-3-5oz,2025-11-28 16:31:56
Loacker Quadratini Vanilla Creme-Filled Wafer Cookies 8.82oz,$8.29,In Stock,/collections/all/products/loacker-quadratini-vanilla-250g,2025-11-28 16:31:56
Woongjin 196 Days Pomegranate Drink 1.5L,$6.79,In Stock,/collections/all/products/wj-196days-pomegranate-drink-1-5l,2025-11-28 16:31:56
Kagome Yasaiseikatsu 100 Berry 6.76fl.oz,$3.29,In Stock,/collections/all/products/kagome-ya-saiseikatsu-100-berry-6-76oz,2025-11-28 16:31:56
Ito En Unsweetened Bold Green Tea 2L,$8.79,In Stock,/collections/all/products/itoen-oi-ocha-koicha-2l,2025-11-28 16:31:56
Ito En Oi Ocha Hojicha Unsweetened Roasted Green Tea 2L,$8.79,In Stock,/collections/all/products/itoen-oi-ocha-hojicha-2l,2025-11-28 16:31:56
Calpis Calpico Mango 1.5L,$10.99,In Stock,/collections/all/products/calpis-calpico-mango-1-5l,2025-11-28 16:31:56
"Ottogi Spicy Vegetable Soup 21g x 2 Packs, 42g",$7.79,In Stock,/collections/all/products/ottogi-spicy-vegetable-soup-21g-x-2-packs-42g,2025-11-28 16:31:56
Hansang Whole Abalone Porridge 8.95oz,$9.99,In Stock,/collections/all/products/hansang-whole-abalone-porridge-8-92oz,2025-11-28 16:31:56
Hansang Abalone Porridge 8.92oz,$9.99,In Stock,/collections/all/products/hansang-abalone-porridge-8-92oz,2025-11-28 16:31:56
Dongwon Cooked Brown Rice 6.87oz,$10.99,In Stock,/collections/all/products/dongwon-cooked-brown-rice-6-87oz,2025-11-28 16:31:56
Damizle Korean Ginseng Ginger Tea with Honey 1.27lb,$13.29,In Stock,/collections/all/products/damizle-korean-ginseng-ginger-tea-with-honey-1-27lb,2025-11-28 16:31:56
Chloe & Dylan Honey Lemon Tea 2.2lbs,$13.29,In Stock,/collections/all/products/chloe-dylan-honey-lemon-tea-2-2lbs,2025-11-28 16:31:56
Chloe & Dylan Honey Ginger Tea 2.2lbs,$13.29,In Stock,/collections/all/products/chloe-dylan-honey-ginger-tea-2-2lbs,2025-11-28 16:31:56
Takano Okame Tsuyu Tappuri Natto 5.21oz,$5.49,In Stock,/collections/all/products/takano-okame-tsuyu-tappuri-natto-5-21oz,2025-11-28 16:31:56
"Mizkan Fermented Soybeans with Seasoning Sauce ""Niowanatto"" 5.93oz",$3.99,In Stock,/collections/all/products/mzk-kin-no-tsubo-niowanatto-5-93oz,2025-11-28 16:31:56
Asaichiban Hokkaido Mini-3 Natto 4.74oz,$4.49,In Stock,/collections/all/products/asaichiban-hokkaido-natto-4-23oz,2025-11-28 16:31:56
Thai Red Chili Peppers 0.25lb,$5.49,In Stock,/collections/all/products/thai-red-chilli-peppers,2025-11-28 16:31:56
Thai Ginger Galangal 0.62lb,$7.43,In Stock,/collections/all/products/galanga-thai-ginger,2025-11-28 16:31:56
Idaho Potato 1.15lb,$1.49,In Stock,/collections/all/products/idaho-potato-1-16lb,2025-11-28 16:31:56
Pepino Melon 0.7lb,$7.07,In Stock,/collections/all/products/pepino-melon-0-76lb,2025-11-28 16:31:56
Half Kabocha 2.5lb,$5.99,In Stock,/collections/all/products/half-kabocha-1-8lb,2025-11-28 16:31:56
Corn 0.9lb,$3.02,In Stock,/collections/all/products/corn-1-75lb,2025-11-28 16:31:56
Marusan Tounyu Banana Soy Milk 1L,$6.79,In Stock,/collections/all/products/marusan-tounyu-banana-soybean-milk-1l,2025-11-28 16:31:56
Marusan Chousei Tounyu Soy Milk 1L,$6.79,In Stock,/collections/all/products/marusan-chousei-tounyu-soy-milk-1l,2025-11-28 16:31:56
Lotte Crispy Crunch Ice Cone 5.41fl.oz,$10.49,In Stock,/collections/all/products/lt-crispy-crunch-ice-cone-800ml,2025-11-28 16:31:56
Binggrae B.B. Big Matcha with Red Bean 18.9fl.oz,$9.99,In Stock,/collections/all/products/bgr-b-b-big-green-tea-8-70ml,2025-11-28 16:31:56
General Mills Reese's Puffs 16.7oz,$13.29,In Stock,/collections/all/products/reeses-puffs-sweet-crunchy-16-7oz,2025-11-28 16:31:56
Yu Choy 0.9lb,$3.99,In Stock,/collections/all/products/yu-choy,2025-11-28 16:31:56
Tarragon,$3.99,In Stock,/collections/all/products/tarragon,2025-11-28 16:31:56
Sweet Onion 1.2lb,$1.99,In Stock,/collections/all/products/sweet-onion,2025-11-28 16:31:56
String Beans 0.80lb,$3.19,In Stock,/collections/all/products/string-beans,2025-11-28 16:31:56
Snow Peas 0.5lb,$3.49,In Stock,/collections/all/products/snow-peas,2025-11-28 16:31:56
Serrano Pepper 0.6lb,$3.49,In Stock,/collections/all/products/serano-pepper,2025-11-28 16:31:56
Red Onion 1.1lb,$2.99,In Stock,/collections/all/products/red-onions,2025-11-28 16:31:56
Plum Tomato 1.3lb,$3.99,In Stock,/collections/all/products/plum-tomatoes,2025-11-28 16:31:56
Yellow Papaya 3.6lb,$5.99,In Stock,/collections/all/products/papaya,2025-11-28 16:31:56
Lotus Root 1.16lb,$5.79,In Stock,/collections/all/products/lotus-root,2025-11-28 16:31:56
Holland Red Long Hot Pepper 0.45lb,$4.80,In Stock,/collections/all/products/holland-red-long-hot,2025-11-28 16:31:56
Herbs Oregano,$3.99,In Stock,/collections/all/products/herbs-oregano,2025-11-28 16:31:56
Green Papaya 4.16lb,$6.99,In Stock,/collections/all/products/green-papaya,2025-11-28 16:31:56
Green Cabbage 2.5lb,$2.99,In Stock,/collections/all/products/green-cabbage,2025-11-28 16:31:56
Carrot 1.5lb,$2.99,In Stock,/collections/all/products/carrot-loose,2025-11-28 16:31:56
Beef Tomato 1.77lb,$5.29,In Stock,/collections/all/products/beef-tomato,2025-11-28 16:31:56
Bay Leaves,$3.99,In Stock,/collections/all/products/bay-leaves,2025-11-28 16:31:56
Tokyo Bread Okinawa Kokuto Pan 70g,$3.99,In Stock,/collections/all/products/tokyo-okinawa-brown-sugar-bread-70g,2025-11-28 16:31:56
Tokyo Bread Maple Pan 70g,$3.99,In Stock,/collections/all/products/tokyo-maple-bread-70g,2025-11-28 16:31:56
Lilly's Baking Company Rainbow Cookies 8oz,$10.99,In Stock,/collections/all/products/lillys-rainbow-cookies-8oz,2025-11-28 16:31:56
Lilly's Baking Company Vegan Rugelach Chocolate 8oz,$8.29,In Stock,/collections/all/products/lillys-chocolate-rugelach-vegan-8oz,2025-11-28 16:31:56
Tomomasu Muskemelon Soda 10.1fl.oz,$3.99,In Stock,/collections/all/products/tomomasu-muskemelon-soda-10-1fl-oz,2025-11-28 16:31:56
Woongjin Corn Silk Tea Drink 500ml,$2.29,In Stock,/collections/all/products/wj-soft-drink-corn-tea-16-9oz,2025-11-28 16:31:56
Seiken Apple Juice 210 Bottle 33.81fl.oz,$13.79,In Stock,/collections/all/products/itqi-hatorazu-apple-210-bottle-seiken-1l,2025-11-28 16:31:56
Seiken Hatorazu Apple 100 Juice 32.2fl.oz,$10.49,In Stock,/collections/all/products/itqi-hatorazu-apple-100-seiken-33-2oz,2025-11-28 16:31:56
Teas' Tea Organic Unsweetened Green + White Tea 16.9fl.oz,$3.99,In Stock,/collections/all/products/itoen-org-green-white-tea-16-9oz,2025-11-28 16:31:56
Ito En Organic Oi Ocha Unsweetened Green Tea 500ml,$3.99,In Stock,/collections/all/products/itoen-oi-ocha-org-green-tea-500ml,2025-11-28 16:31:56
Health-Ade Kombucha Ginger Lemon 16fl.oz,$6.29,In Stock,/collections/all/products/health-ade-kombucha-ginger-lemon-16oz,2025-11-28 16:31:56
Health-Ade Kombucha Berry Lemonade 16fl.oz,$6.29,In Stock,/collections/all/products/health-ade-kombucha-berry-lemonade-16oz,2025-11-28 16:31:56
Health-Ade Kombucha Blood Orange Carrot Ginger 16fl.oz,$6.29,In Stock,/collections/all/products/health-ade-kombucha-blood-orange-16oz,2025-11-28 16:31:56
Cantabile Green Grape Flavored Ade 230ml,$2.29,In Stock,/collections/all/products/cantabile-green-grape-flv-ade-7-77oz,2025-11-28 16:31:56
Cantabile Double Mango Flavored Ade 230ml,$2.29,In Stock,/collections/all/products/cantabile-double-mango-230ml,2025-11-28 16:31:56
Pulmuone Korean Style Noodles with Black Bean Sauce and Pork 23.3oz,$13.29,In Stock,/collections/all/products/pmo-noodle-black-bean-sauce-pork-660g,2025-11-28 16:31:56
Pulmuone Buckwheat Cold Noodles with Spicy Sauce 13.5oz,$10.99,In Stock,/collections/all/products/pmo-buckwheat-cold-noodles-spicy-14-9oz,2025-11-28 16:31:56
Pulmuone Kimchi Hotpot Udon 566g,$9.99,In Stock,/collections/all/products/pmo-kimchi-udon-1lb,2025-11-28 16:31:56
Poland Spring Sparkling Water with a Twist of Lemon 1L,$2.79,In Stock,/collections/all/products/poland-spring-lemon-sparkling-water-1l,2025-11-28 16:31:56
Olipop Classic Root Beer Sparkling Tonic 12fl.oz,$3.29,In Stock,/collections/all/products/olipop-classic-root-beer-12oz,2025-11-28 16:31:56
Okame Kanikko Senbei 75g,$10.99,In Stock,/collections/all/products/okame-kanikko-senbei-75g,2025-11-28 16:31:56
Okame Iwashi Senbei (Cracker with Sardine) 75g,$10.99,In Stock,/collections/all/products/okame-iwashi-senbei-75g,2025-11-28 16:31:56
Country Archer 100% Natural Turkey Jerky Hickory Smoke 2.5oz,$9.99,In Stock,/collections/all/products/country-turkey-jerky-hickory-smoke-2-5oz,2025-11-28 16:31:56
Toblerone Swiss Milk Chocolate with Honey & Almond Nougat 3.52oz,$3.99,In Stock,/collections/all/products/toblerone-milk-chocolate-yellow-3-52oz,2025-11-28 16:31:56
Toblerone Swiss White Chocolate with Honey & Almond Nougat 3.52oz,$3.99,In Stock,/collections/all/products/toblerone-milk-chocolate-white-3-52oz,2025-11-28 16:31:56
Toblerone Swiss Dark Chocolate with Honey & Almond Nougat 3.52oz,$6.29,In Stock,/collections/all/products/toblerone-dark-chocolate-3-52oz,2025-11-28 16:31:56
Ritter Sport Fine Milk Chocolate 3.5oz,$4.99,In Stock,/collections/all/products/ritter-fine-milk-chocolate-3-5oz,2025-11-28 16:31:56
Ritter Sport Dark Chocolate with Whole Hazelnuts 3.5oz,$6.29,In Stock,/collections/all/products/ritter-dark-whole-hazelnuts-3-5oz,2025-11-28 16:31:56
Ritter Sport Dark Chocolate with Marzipan 3.5oz,$6.29,In Stock,/collections/all/products/ritter-dark-chocolate-marzipan-3-5oz,2025-11-28 16:31:56
Ritter Sport 50% Cacao Dark Chocolate 3.5oz,$6.29,In Stock,/collections/all/products/ritter-dark-chocolate-3-5oz,2025-11-28 16:31:56
Tincarbell Tamago Pan 8.11oz,$15.49,In Stock,/collections/all/products/tincarbell-tamago-pan-280g,2025-11-28 16:31:56
Sakuraya Green Tea Daifuku 4oz,$6.79,In Stock,/collections/all/products/sakuraya-green-tea-daifuku-4oz,2025-11-28 16:31:56
Domremy Patisserie Tokyo 9 Layered Crepe Cake Original 6.1oz,$9.99,In Stock,/collections/all/products/domremy-millecrepe-174g,2025-11-28 16:31:56
Aratama Mame Daifuku 8.25oz,$6.79,In Stock,/collections/all/products/aratama-mame-daifuku-8-25oz,2025-11-28 16:31:56
Aratama Kinako Daifuku 8.25oz,$6.79,In Stock,/collections/all/products/aratama-kinako-daifuku-8-25oz,2025-11-28 16:31:56
Asian Taste Canned Quail Eggs 15oz,$4.99,In Stock,/collections/all/products/asian-taste-canned-quail-eggs-15oz,2025-11-28 16:31:56
"Lysol Dual Action Wipes Citrus Scent 35 Wet Wipes, 8.7oz",$8.49,In Stock,/collections/all/products/lysol-dual-action-wipes-citrus-scent-35-wet-wipes-9-5oz,2025-11-28 16:31:56
Purell Advanced Hand Sanitizer Soothing Gel 8oz,$5.99,In Stock,/collections/all/products/purell-hand-sanitizer-aloe-8oz,2025-11-28 16:31:56
"Lysol Disinfecting Wipes Lemon & Lime Blossom Scent 35 Wipes, 7.3oz",$8.49,In Stock,/collections/all/products/lysol-wipes-lemon-lime-blossom-35-206g,2025-11-28 16:31:56
"Lysol Disinfecting Wipes Fresh Citrus Scent 37 Wipes, 16.4oz",$12.99,In Stock,/collections/all/products/lysol-wipes-fresh-citrus-70-16-4oz,2025-11-28 16:31:56
Vita HK Style Milk Tea Artificially Flavored 6 Packs x 250ml,$10.49,In Stock,/collections/all/products/vita-hongkong-style-milk-tea-6-250ml,2025-11-28 16:31:56
Moriyama Matcha Strawberry Latte 6.8fl.oz,$4.49,In Stock,/collections/all/products/moriyama-matcha-strawberry-latte-6-8oz,2025-11-28 16:31:56
Moriyama Matcha Latte 6.8fl.oz,$4.49,In Stock,/collections/all/products/moriyama-matcha-latte-6-8oz,2025-11-28 16:31:56
Moriyama Caffe Latte 7.4fl.oz,$4.49,In Stock,/collections/all/products/moriyama-cafe-latte-7-4oz,2025-11-28 16:31:56
La Fermiere Pressed Lemon Creamy Whole Milk Yogurt 4.9oz,$4.99,In Stock,/collections/all/products/lafermiere-pressed-lemon-yogurt-140g,2025-11-28 16:31:56
Kagome Yasaiseikatsu 100 Mango 6.76fl.oz,$3.29,In Stock,/collections/all/products/kagome-ya-saiseikatsu-100-mango-6-76oz,2025-11-28 16:31:56
Kagome Yasaiseikatsu 100 Apple 6.76fl.oz,$3.29,In Stock,/collections/all/products/kagome-ya-saiseikatsu-100-apple-6-76oz,2025-11-28 16:31:56
Teas' Tea Organic Unsweetened Green Tea 16.9fl.oz,$3.99,In Stock,/collections/all/products/itoen-org-green-tea-16-9oz,2025-11-28 16:31:56
Ito En Black Milk Tea 11.8fl.oz,$4.49,In Stock,/collections/all/products/itoen-black-milk-tea-350ml,2025-11-28 16:31:56
Chobani Greek Yogurt 0% Milk Fat Black Cherry 5.3oz,$2.29,In Stock,/collections/all/products/chobani-black-cherry-5-3oz,2025-11-28 16:31:56
Chobani Greek Yogurt 0% Milk Fat Blackberry 5.3oz,$2.29,In Stock,/collections/all/products/chobani-0-milk-fat-blackberry-5-3oz,2025-11-28 16:31:56
Bacchama Onion Dressing 10.14fl.oz,$9.99,In Stock,/collections/all/products/bacchama-onion-dressing-10-14oz,2025-11-28 16:31:56
Bacchama Ginger Dressing 10.14fl.oz,$9.99,In Stock,/collections/all/products/bacchama-ginger-dressing-10-14oz,2025-11-28 16:31:56
Bacchama Carrot Dressing 10.14fl.oz,$9.99,In Stock,/collections/all/products/bacchama-carrot-dressing-10-14oz,2025-11-28 16:31:56
Prime Beef Boneless Short Rib 0.48lb,$24.00,In Stock,/collections/all/products/prime-boneless-short-rib,2025-11-28 16:31:56
Wagyu Boneless Short Rib 0.35lb,$33.00,In Stock,/collections/all/products/wagyu-boneless-short-rib,2025-11-28 16:31:56
Angus Beef Brisket 0.6lb,$10.29,In Stock,/collections/all/products/prime-beef-brisket,2025-11-28 16:31:56
Angus Beef Skirt Meat 0.33lb,$10.99,In Stock,/collections/all/products/angus-beef-skirt-meat,2025-11-28 16:31:56
Wagyu Chuck Roll Steak 0.54lb,$13.49,In Stock,/collections/all/products/prime-chuck-steak-1,2025-11-28 16:31:56
Boar's Head Traditional Bacon 16oz,$10.99,In Stock,/collections/all/products/boars-head-traditional-bacon-16oz,2025-11-28 16:31:56
Wei-Chuan Fried Garlic 6oz,$3.99,In Stock,/collections/all/products/wei-chuan-fried-garlic-6oz,2025-11-28 16:31:56
Quaker Instant Oatmeal Blueberry Strawberry 8.2oz,$9.49,In Stock,/collections/all/products/quaker-oat-blueberry-strawberry-8-2oz,2025-11-28 16:31:56
Nongshim Shrimp Chip Black Truffle 2.82oz,$6.79,In Stock,/collections/all/products/ns-shimp-chip-black-truffle-2-82oz,2025-11-28 16:31:56
Poached Bamboo Shoots 7oz,$5.49,In Stock,/collections/all/products/poached-bamboo-shoots-7oz,2025-11-28 16:31:56
Gourmet Farm Organic Pickled Cabbage Shredded 1lb,$4.99,In Stock,/collections/all/products/gourmet-farm-org-pickled-cabbage,2025-11-28 16:31:56
American Yam 1.4lb,$2.99,In Stock,/collections/all/products/yam,2025-11-28 16:31:56
White Onions 1.4lb,$2.49,In Stock,/collections/all/products/white-onions,2025-11-28 16:31:56
Sun Dried Tomato 0.5lb,$3.49,In Stock,/collections/all/products/sun-dried-tomato,2025-11-28 16:31:56
Thyme,$3.99,In Stock,/collections/all/products/thyme-leaves,2025-11-28 16:31:56
Spanish Yellow Onion 2lb,$2.99,In Stock,/collections/all/products/spanish-yellow-onion,2025-11-28 16:31:56
Sage,$3.99,In Stock,/collections/all/products/sage,2025-11-28 16:31:56
Rosemary,$3.99,In Stock,/collections/all/products/rosemary,2025-11-28 16:31:56
Red Pepper 0.92lb,$2.99,In Stock,/collections/all/products/red-pepper,2025-11-28 16:31:56
Red Cabbage 2lb,$2.99,In Stock,/collections/all/products/red-cabbages,2025-11-28 16:31:56
Potato White 1.1lb,$2.29,In Stock,/collections/all/products/potato-white,2025-11-28 16:31:56
Organic Ginger 0.55lb,$3.29,In Stock,/collections/all/products/organic-ginger,2025-11-28 16:31:56
Organic Lemongrass 0.34lb,$8.50,In Stock,/collections/all/products/organic-lemon-grass,2025-11-28 16:31:56
Kohlrabi Chou Rave 1.1lb,$1.79,In Stock,/collections/all/products/kohlrabi-chou-rave,2025-11-28 16:31:56
Green Pepper 1.16lb,$2.89,In Stock,/collections/all/products/green-pepper,2025-11-28 16:31:56
Green Long Hot Pepper 0.9lb,$3.49,In Stock,/collections/all/products/green-long-hot-pepper,2025-11-28 16:31:56
Ginger 0.7lb,$2.49,In Stock,/collections/all/products/ginger,2025-11-28 16:31:56
Beet Loose 1lb,$1.99,In Stock,/collections/all/products/golden-beets-loose,2025-11-28 16:31:56
Organic Purple Sweet Potato,$7.99,In Stock,/collections/all/products/friedas-organic-purple-sweet-potato,2025-11-28 16:31:56
Klondike Medley Petite Potatoes 24oz,$6.49,In Stock,/collections/all/products/fresh-klon-merley-peti-potatos,2025-11-28 16:31:56
Klondike Gourmet Petite Idaho Potatoes (Yellow-Yellow Fleshed) 24oz,$6.49,In Stock,/collections/all/products/fresh-klon-gour-pite-yellow-potatoes,2025-11-28 16:31:56
Klondike Gourmet Petite Idaho Potatoes (Red-Yellow Fleshed) 24oz,$6.49,In Stock,/collections/all/products/fresh-klon-gour-pite-red-potatoes,2025-11-28 16:31:56
Fresh Dill,$2.99,In Stock,/collections/all/products/fresh-dill,2025-11-28 16:31:56
Eddo (Taro) 1lb,$1.49,In Stock,/collections/all/products/eddo,2025-11-28 16:31:56
Cal-Organic Leeks,$8.29,In Stock,/collections/all/products/cal-organic-leeks,2025-11-28 16:31:56
Butternut Squash 2.5lb,$4.79,In Stock,/collections/all/products/butternut-squash,2025-11-28 16:31:56
Bloom Fresh Mexican Guava 1lb,$6.79,In Stock,/collections/all/products/bloom-fresh-guavas,2025-11-28 16:31:56
Cal-Organic Farms Shredded Carrots 10oz,$3.99,In Stock,/collections/all/products/biol-organic-shredded-carrots10oz,2025-11-28 16:31:56
Asian Pears 1 each,$4.99,In Stock,/collections/all/products/asian-pears,2025-11-28 16:31:56
Sunkist Star Ruby Grapefruit,$2.49,In Stock,/collections/all/products/sunkist-ruby-grapefruit,2025-11-28 16:31:56
Wu-Mu Shanxi Noodles 2.5lbs,$7.79,In Stock,/collections/all/products/wu-mu-shanxi-noodles-2-5lbs,2025-11-28 16:31:56
Wu-Mu Lanzhou Noodles 2.5lbs,$7.79,In Stock,/collections/all/products/wu-mu-lanzhou-noodles-2-5lbs,2025-11-28 16:31:56
Wu-Mu Shandong Noodles 2.5lbs,$7.79,In Stock,/collections/all/products/wu-mu-shandong-noodles-2-5lbs,2025-11-28 16:31:56
Wu-Mu Fuzhou Noodles 2.5lbs,$7.79,In Stock,/collections/all/products/wu-mu-fuzhou-noodles-2-5lbs,2025-11-28 16:31:56
Wu-Mu Beijing Noodles 2.5lbs,$7.79,In Stock,/collections/all/products/wu-mu-beijing-noodles-2-5lbs,2025-11-28 16:31:56
Wang Korea Dried Noodles For Kalguksu 48oz,$10.99,In Stock,/collections/all/products/wang-dried-noodles-for-kalguksu-3lb,2025-11-28 16:31:56
Wang Korea Dried Noodle Thin Round Mak Kuk-Soo 48oz,$10.99,In Stock,/collections/all/products/wang-dried-noodle-mak-kuk-soo-48oz,2025-11-28 16:31:56
Wang Korea Buckwheat Noodle Memil Mak Kuk-Soo 48oz,$13.29,In Stock,/collections/all/products/wang-buckwheat-soba-noodle-in-pack-3lb,2025-11-28 16:31:56
Sun Chi Guan Miao Noodle 14oz,$4.49,In Stock,/collections/all/products/sun-chi-guan-miao-noodle-14oz,2025-11-28 16:31:56
Showa Banshu No Ito Jukusei Soba 800g,$12.79,In Stock,/collections/all/products/showa-jukusei-soba-1-76lb,2025-11-28 16:31:56
Showa Banshu No Ito Jukusei Soumen 2.2lb,$14.29,In Stock,/collections/all/products/showa-jukusei-soumen-2-2lb,2025-11-28 16:31:56
Kimbo Wide Bean Thread 150g,$2.29,In Stock,/collections/all/products/kimbo-wide-bean-thread-150g,2025-11-28 16:31:56
Kimbo Bean Thread 140g,$2.29,In Stock,/collections/all/products/kimbo-bean-thread-140g,2025-11-28 16:31:56
Yamaimoiri Itsuki Soba (Japanese Buckwheat Noodles) 13.75oz,$7.29,In Stock,/collections/all/products/itsuki-yamaimo-soba-13-75oz,2025-11-28 16:31:56
Havista Sorghum Noodles 380g,$4.99,In Stock,/collections/all/products/havista-sorghum-noodles-380g,2025-11-28 16:31:56
Havista Corn Noodle 13.4oz,$4.99,In Stock,/collections/all/products/havista-corn-noodle-13-4oz,2025-11-28 16:31:56
Wu Long Noodle 17.6oz,$5.49,In Stock,/collections/all/products/hadson-wu-long-noodle-17-6oz,2025-11-28 16:31:56
Sliced Noodle 17.6oz,$6.79,In Stock,/collections/all/products/hadson-sliced-noodle-17-6oz,2025-11-28 16:31:56
Wu-Mu Buckwheat Noodles 11.3oz,$4.49,In Stock,/collections/all/products/wu-mu-buckwheat-noodles-11-3oz,2025-11-28 16:31:56
Sukina Buckwheat Noodle 48oz,$10.99,In Stock,/collections/all/products/sukina-buckwheat-noodle-48oz,2025-11-28 16:31:56
Wei-Chuan Organic Shanxi Noodles 2lbs,$7.79,In Stock,/collections/all/products/wei-chuan-organic-shanxi-noodles-2lbs,2025-11-28 16:31:56
Wei-Chuan Organic Somen 2lbs,$7.79,In Stock,/collections/all/products/wei-chuan-organic-somen-2lbs,2025-11-28 16:31:56
Wei-Chuan Organic Sichuan Noodles 2lbs,$7.79,In Stock,/collections/all/products/wei-chuan-organic-sichuan-noodles-2lbs,2025-11-28 16:31:56
Wei-Chuan Organic Buck Wheat Noodles 2lbs,$7.79,In Stock,/collections/all/products/wei-chuan-organic-buck-wheat-noodles-2lbs,2025-11-28 16:31:56
Wei-Chuan Organic Henan Dry Noodle 2lbs,$7.79,In Stock,/collections/all/products/wei-chuan-organic-henan-dry-noodle-2lbs,2025-11-28 16:31:56
La Fermiere Vanilla Creamy Whole Milk Yogurt 4.9oz,$4.99,In Stock,/collections/all/products/la-fermiere-vanilla-creamy-whole-milk-yogurt-4-9oz,2025-11-28 16:31:56
Coconut Shrimp Sweet Chili Mayo Rice Bowl,$11.99,In Stock,/collections/all/products/coconut-shrimp-sweet-chili-mayo-bowl,2025-11-28 16:31:56
Shirakiku Mochi Ice Cream Matcha 8.4oz,$8.79,In Stock,/collections/all/products/sk-mochi-ice-cream-matcha-8-4oz,2025-11-28 16:31:56
Shirakiku Mochi Ice Cream Chocolate 8.4oz,$8.79,In Stock,/collections/all/products/sk-mochi-ice-cream-chocolate-8-4oz,2025-11-28 16:31:56
Shirakiku Mochi Ice Cream Black Sesame 8.4oz,$8.79,In Stock,/collections/all/products/sk-mochi-ice-cream-black-sesame-8-4oz,2025-11-28 16:31:56
"Lysol Disinfecting Wipes Mango & Hibiscus Scent 80 Wet Wipes, 16.7oz",$12.99,In Stock,/collections/all/products/lysol-wipes-mango-hibiscus-80-16-7oz,2025-11-28 16:31:56
"Lotte Pepero Ice Bar Peanut Flavor 6 Ice Bars x 2.54fl.oz, 15.22fl.oz",$10.99,In Stock,/collections/all/products/lt-pepero-ice-bar-peanut-6-2-54oz,2025-11-28 16:31:56
Greenhat Pistachio Mochi Ice Cream 9oz,$8.79,In Stock,/collections/all/products/gh-pistachio-mochi-ice-cream-9oz,2025-11-28 16:31:56
Greenhat Mango Mochi Ice Cream 9oz,$8.79,In Stock,/collections/all/products/gh-mango-mochi-ice-cream-9oz,2025-11-28 16:31:56
"Tiger Sugar Black Sugar Boba Milk Ice Cream Bar 4pcs, 11.28oz",$12.29,In Stock,/collections/all/products/black-sugar-bubble-ice-cream-320g,2025-11-28 16:31:56
"Binggrae Melona Strawberry 8 Bars x 70ml, 19fl.oz",$8.79,In Stock,/collections/all/products/bgr-melona-strawberry-8-70ml,2025-11-28 16:31:56
Fage Total 2% Milkfat Yogurt 454g,$7.29,In Stock,/collections/all/products/fage-total-2-milkfat-yogurt-500g,2025-11-28 16:31:56
Umeka Umeboshi Shisokoubai 8.1oz,$8.79,In Stock,/collections/all/products/umeka-umeboshi-shisokoubai-8-1oz,2025-11-28 16:31:56
Shirakiku Sweet Pickled Ginger Amasu Shoga 12oz,$8.39,In Stock,/collections/all/products/sk-pink-ginger-340g,2025-11-28 16:31:56
Shirakiku Pickled Plums Hachimitsu Umeboshi 8oz,$6.09,In Stock,/collections/all/products/sk-hachimitsu-umeboshi-8oz,2025-11-28 16:31:56
Mother In Law's Kimchi Vegan Napa Cabbage Table Cut 16fl.oz,$12.99,In Stock,/collections/all/products/mil-vegan-napa-cabbage-16oz,2025-11-28 16:31:56
Hansang Seasoned Pollock Roe 5.99oz,$9.99,In Stock,/collections/all/products/hs-seasoned-pollock-roe-170g,2025-11-28 16:31:56
Hansang Seasoned Octopus 6.7oz,$9.99,In Stock,/collections/all/products/hs-seasoned-octopus-190g,2025-11-28 16:31:56
Goshen Kimchi Cubed Radish 14oz,$15.49,In Stock,/collections/all/products/goshen-cubed-radish-kimchi-14oz,2025-11-28 16:31:56
Fage Total 5% Milkfat Yogurt 454g,$7.29,In Stock,/collections/all/products/fage-total-5-milkfat-yogurt-500g,2025-11-28 16:31:56
Fage Total 0% Milkfat Yogurt 454g,$7.29,In Stock,/collections/all/products/fage-total-0-milkfat-yogurt-500g,2025-11-28 16:31:56
Daifuku White Ginger 12oz,$4.59,In Stock,/collections/all/products/daifuku-white-ginger-12oz,2025-11-28 16:31:56
Choripdong Salted Shrimp 1.1lb,$9.99,In Stock,/collections/all/products/crd-salted-shrimp-1-1lb,2025-11-28 16:31:56
Chobani Greek Yogurt Vanilla 32oz,$10.79,In Stock,/collections/all/products/chobani-greek-yogurt-vanilla-32oz,2025-11-28 16:31:56
Chobani Greek Yogurt Non-Fat Plain 32oz,$9.99,In Stock,/collections/all/products/chobani-greek-yogurt-plain-32oz,2025-11-28 16:31:56
Organic Valley Whole Milk Half Gallon (1.89L),$9.99,In Stock,/collections/all/products/organic-valley-whole-milk-half-gallon-1-89l,2025-11-28 16:31:56
Chongga Jeonlado Poggi Kimchi 1kg,$21.99,In Stock,/collections/all/products/chongga-jeonlado-poggi-kimchi-1kg,2025-11-28 16:31:56
Shirakiku Pickled Ginger 12oz,$9.99,In Stock,/collections/all/products/shirakiku-pickled-ginger-12oz,2025-11-28 16:31:56
Corn Salad,$3.99,In Stock,/collections/all/products/corn-salad,2025-11-28 16:31:56
Crab Salad,$5.49,In Stock,/collections/all/products/crab-salad,2025-11-28 16:31:56
Macaroni Salad,$4.99,In Stock,/collections/all/products/macaroni-salad,2025-11-28 16:31:56
Wagyu Shoulder Clod Thin Sliced (Bulgogi),$12.99,In Stock,/collections/all/products/wagyu-shoulder-clod-thin-sliced-bulgogi,2025-11-28 16:31:56
Wagyu Chuck Eyeroll Sliced Frozen 0.60lb,$16.49,In Stock,/collections/all/products/frozen-wagyu-chuck-eyeroll-sliced,2025-11-28 16:31:56
Pork Belly Sliced (Frozen) 1.1lb,$19.99,In Stock,/collections/all/products/prime-chuck-steak,2025-11-28 16:31:56
Berkshire Pork CT Butt Shabu Shabu 0.65lb,$12.99,In Stock,/collections/all/products/berkshire-pork-c-t-butt-shabu-shabu,2025-11-28 16:31:56
Glico Pretz Sour Cream & Onion 1.09oz,$2.79,In Stock,/collections/all/products/glico-pretz-sour-cream-onion-1-09oz,2025-11-28 16:31:56
Choripdong Yellow Pickled Radish (Whole) 1.1lb,$3.79,In Stock,/collections/all/products/choripdong-pickled-radish-whole-1-1lb,2025-11-28 16:31:56
Hansang Preserved Radish 200g,$4.49,In Stock,/collections/all/products/hansang-preserved-radish-200g,2025-11-28 16:31:56
Hansang Preserved Radish (Half) 350g,$4.49,In Stock,/collections/all/products/hansang-preserved-radish-half-350g,2025-11-28 16:31:56
Marukome Boy Miso Paste Koshi Smooth Paste 22.9oz,$8.79,In Stock,/collections/all/products/marukome-boy-miso-paste-koshi-smooth-paste-22-9oz,2025-11-28 16:31:56
Hansang Seasoned Squid 6.7oz,$9.99,In Stock,/collections/all/products/hansang-seasoned-squid-6-7oz,2025-11-28 16:31:56
Samhak Minced Garlic 1lb,$13.49,In Stock,/collections/all/products/samhak-minced-garlic-1lb,2025-11-28 16:31:56
Wang Fish Cake Shrimp Flavor 380g,$8.29,In Stock,/collections/all/products/wang-fish-cake-shrimp-flavor-380g,2025-11-28 16:31:56
Choripdong Seasoned & Fried Soybean Curd 160g,$3.99,In Stock,/collections/all/products/choripdong-seasoned-fried-soybean-curd-480g-1,2025-11-28 16:31:56
Choripdong Seasoned & Fried Soybean Curd 480g,$9.99,In Stock,/collections/all/products/choripdong-seasoned-fried-soybean-curd-480g,2025-11-28 16:31:56
Taisun Peanut Soup 11.3oz,$2.79,In Stock,/collections/all/products/taisun-peanut-soup-11-3oz,2025-11-28 16:31:56
Ve Wong Mixed Porridge Chinese Style 11.3oz,$2.29,In Stock,/collections/all/products/ve-wong-mixed-porridge-chinese-style-11-3oz,2025-11-28 16:31:56
Taisun Mixed Congee Black Glutinous Rice & Job's Tears 9oz,$2.29,In Stock,/collections/all/products/taisun-mixed-congee-black-glutinous-rice-jobs-tears-9oz,2025-11-28 16:31:56
Wuzhuo Authentic Guilinggao in Original Flavor 8.8oz,$2.29,In Stock,/collections/all/products/wuzhuo-authentic-guilinggao-in-original-flavor-8-8oz,2025-11-28 16:31:56
Zespri Organic Kiwi Fruit Green 1lb,$9.99,In Stock,/collections/all/products/zespri-organic-kiwi-fruit-green-1lb,2025-11-28 16:31:56
S&B Nanami Togarashi Assorted Chili Pepper 0.52oz,$4.49,In Stock,/collections/all/products/s-b-nanami-togarashi-assorted-chili-pepper-0-52oz,2025-11-28 16:31:56
Christopher Ranch Organic Fresh Garlic 3 Bulbs,$4.49,In Stock,/collections/all/products/christopher-ranch-organic-fresh-garlic-3-bulbs,2025-11-28 16:31:56
Lee Kum Kee Chicken Bouillon Powder 8oz,$7.79,In Stock,/collections/all/products/lee-kum-kee-chicken-bouillon-powder-8oz,2025-11-28 16:31:56
Chung Jung One Seasoning Mix Beef Flavor 8.82oz,$13.29,In Stock,/collections/all/products/chung-jung-one-seasoning-mix-beef-flavor-8-82oz,2025-11-28 16:31:56
Chung Jung One Seafood Spice Mix 250g,$13.29,In Stock,/collections/all/products/chung-jung-one-seafood-spice-mix-250g,2025-11-28 16:31:56
Chung Jung One Anchovy & Bonito Spice Mix 250g,$13.29,In Stock,/collections/all/products/chung-jung-one-anchovy-bonito-spice-mix-250g,2025-11-28 16:31:56
Chung Jung One Spicy Ssamjang Original Seasoned Soybean Paste 6.0oz,$4.49,In Stock,/collections/all/products/chung-jung-one-spicy-ssamjang-original-seasoned-soybean-paste-6-0oz,2025-11-28 16:31:56
Chung Jung One Soy Bean Paste 450g,$6.79,In Stock,/collections/all/products/chung-jung-one-soy-bean-paste-450g,2025-11-28 16:31:56
"Chung Jung One Hot Pepper Bean Paste, Very Hot 500g",$10.49,In Stock,/collections/all/products/chung-jung-one-hot-pepper-bean-paste-extra-hot-17-63oz,2025-11-28 16:31:56
Chung Jung One Hot Pepper Bean Paste (Very Hot) 15.87oz,$12.79,In Stock,/collections/all/products/chung-jung-onehot-pepper-bean-paste-very-hot-15-87oz,2025-11-28 16:31:56
Kimchi Onigiri,$3.49,In Stock,/collections/all/products/kimchi-onigiri,2025-11-28 16:31:56
Mentaiko Onigiri,$3.99,In Stock,/collections/all/products/mentaiko-onigiri,2025-11-28 16:31:56
Spicy Tuna Onigiri,$3.99,In Stock,/collections/all/products/spicy-tuna-onigiri,2025-11-28 16:31:56
Smoked Salmon Onigiri,$3.99,In Stock,/collections/all/products/smoked-salmon-onigiri,2025-11-28 16:31:56
Polar Bird Squid Ring 1lb,$7.99,In Stock,/collections/all/products/polar-bird-squid-ring-1lb,2025-11-28 16:31:56
Polar Bird Steamed Squid Flower 1lb,$6.29,In Stock,/collections/all/products/polar-bird-steamed-squid-flower-1lb,2025-11-28 16:31:56
Jane-Jane Fish Ball with Shrimp 8oz,$6.29,In Stock,/collections/all/products/jane-jane-fish-ball-with-shrimp-8oz,2025-11-28 16:31:56
Beksul Ham Original Flavor Vienna Sausage with Chunky Juicy Pork 12oz,$12.19,In Stock,/collections/all/products/cj-beksul-ham-original-flavor-vienna-sausage-with-chunky-juicy-pork-12oz,2025-11-28 16:31:56
Beksul Ham Bulgogi Flavored Vienna Sausage with Chunky Juicy Pork 12oz,$11.79,In Stock,/collections/all/products/cj-beksul-ham-bulgogi-flavored-vienna-sausage-with-chunky-juicy-pork-12oz,2025-11-28 16:31:56
Green Squash 1.3lb,$3.07,In Stock,/collections/all/products/green-squash,2025-11-28 16:31:56
S&B Oriental Curry Powder 3oz,$7.79,In Stock,/collections/all/products/s-b-oriental-curry-powder-3oz,2025-11-28 16:31:56
S&B Oriental Hot Mustard 3.0oz,$6.79,In Stock,/collections/all/products/s-b-oriental-hot-mustard-3-5oz,2025-11-28 16:31:56
Himalayan Chef Himalayan Pink Salt Fine 1lb,$7.79,In Stock,/collections/all/products/himalayan-chef-himalayan-pink-salt-fine-1lb,2025-11-28 16:31:56
McCormick Old Bay Seasoning Lemon & Herb 2.37oz,$4.99,In Stock,/collections/all/products/mccormick-old-bay-seasoning-lemon-herb-2-37oz,2025-11-28 16:31:56
McCormick Old Bay Seasoning Garlic & Herb 2.25oz,$4.99,In Stock,/collections/all/products/mccormick-old-bay-seasoning-garlic-herb-2-25oz,2025-11-28 16:31:56
S&B Seasoned Pepper 3.8oz,$6.79,In Stock,/collections/all/products/s-b-seasoned-pepper-3-8oz,2025-11-28 16:31:56
Wei-Chuan Lemon Pepper Salt 1.48oz,$2.79,In Stock,/collections/all/products/wei-chuan-lemon-pepper-salt-1-48oz,2025-11-28 16:31:56
Ottogi Black Pepper Powder (Can) 50g,$8.29,In Stock,/collections/all/products/ottogi-black-pepper-powder-can-50g,2025-11-28 16:31:56
Ottogi Black Pepper Powder (Can) 100g,$12.29,In Stock,/collections/all/products/ottogi-black-pepper-powder-can-100g,2025-11-28 16:31:56
Shan Virgin Pink Himalayan Salt 400g,$6.29,In Stock,/collections/all/products/shan-virgin-pink-himalayan-salt-400g,2025-11-28 16:31:56
La Flor Hot Cayenne Pepper 2oz,$4.49,In Stock,/collections/all/products/la-flor-hot-cayenne-pepper-2oz,2025-11-28 16:31:56
La Flor Onion Powder 3oz,$4.49,In Stock,/collections/all/products/la-flor-onion-powder-3oz,2025-11-28 16:31:56
La Flor Anise Seed 1.5oz,$4.99,In Stock,/collections/all/products/la-flor-anise-seed-1-5oz,2025-11-28 16:31:56
La Flor Thyme 1oz,$3.99,In Stock,/collections/all/products/la-flor-thyme-1oz,2025-11-28 16:31:56
La Flor Paprika 2oz,$3.99,In Stock,/collections/all/products/la-flor-paprika-2oz,2025-11-28 16:31:56
La Flor Ground Oregano 1oz,$6.29,In Stock,/collections/all/products/la-flor-ground-oregano-1oz,2025-11-28 16:31:56
La Flor Ground Cinnamon 2oz,$5.49,In Stock,/collections/all/products/la-flor-ground-cinnamon-2oz,2025-11-28 16:31:56
La Flor Ground Ginger 1.75oz,$3.99,In Stock,/collections/all/products/la-flor-ground-ginger-jenjibre-1-75oz,2025-11-28 16:31:56
La Flor Ground Cloves 2.5oz,$7.29,In Stock,/collections/all/products/la-flor-ground-cloves-2-5oz,2025-11-28 16:31:56
La Flor Curry Powder 2oz,$3.99,In Stock,/collections/all/products/la-flor-curry-powder-2oz,2025-11-28 16:31:56
La Flor Chili Powder 2.5oz,$4.49,In Stock,/collections/all/products/la-flor-chili-powder-2-5oz,2025-11-28 16:31:56
Fruit Bliss Organic Tart Cherries Snacks 4oz,$8.99,In Stock,/collections/all/products/fruit-bliss-organic-tart-cherries-snacks-4oz,2025-11-28 16:31:56
Fruit Bliss Organic Fig Snacks 5oz,$8.99,In Stock,/collections/all/products/fruit-bliss-organic-fig-snacks-5oz,2025-11-28 16:31:56
Fruit Bliss Organic Fruit Medley Snacks 5oz,$8.99,In Stock,/collections/all/products/fruit-bliss-organic-fruit-medley-snacks-5oz,2025-11-28 16:31:56
Fruit Bliss Organic Deglet Nour Dates Snacks 5oz,$8.99,In Stock,/collections/all/products/fruit-bliss-organic-deglet-nour-dates-snacks-5oz,2025-11-28 16:31:56
Wonderful Pistachios Roasted & Salted 8oz,$8.49,In Stock,/collections/all/products/wonderful-pistachios-roasted-salted-8oz,2025-11-28 16:31:56
Wonderful Pistachios Salt & Pepper 7oz,$7.99,In Stock,/collections/all/products/wonderful-pistachios-salt-pepper-7oz,2025-11-28 16:31:56
Wonderful Roasted & Salted Pistachios No Shells 6oz,$11.99,In Stock,/collections/all/products/wonderful-roasted-salted-pistachios-no-shells-6oz,2025-11-28 16:31:56
Wonderful Lightly Salted Pistachios No Shells 6oz,$11.99,In Stock,/collections/all/products/wonderful-lightly-salted-pistachios-no-shells-6oz,2025-11-28 16:31:56
Wonderful Pistachios No Salt 8oz,$7.99,In Stock,/collections/all/products/wonderful-pistachios-no-salt-8oz,2025-11-28 16:31:56
Wonderful Pistachios Lightly Salted 8oz,$9.39,In Stock,/collections/all/products/wonderful-pistachios-lightly-salted-8oz,2025-11-28 16:31:56
Mishima Wakame Seaweed Furikake 1.76oz,$8.79,In Stock,/collections/all/products/mishima-wakame-seaweed-furikake-1-76oz-1,2025-11-28 16:31:56
Mishima Wakame Seaweed Furikake 1.76oz,$8.79,In Stock,/collections/all/products/mishima-wakame-seaweed-furikake-1-76oz,2025-11-28 16:31:56
Havista Haw Flakes 11.6oz,$4.49,In Stock,/collections/all/products/havista-haw-flakes-11-6oz,2025-11-28 16:31:56
Ring Red Haw Jelly Roll,$6.29,In Stock,/collections/all/products/ring-red-haw-jelly-roll,2025-11-28 16:31:56
Gompyo Korean Pancake Mix 1kg,$5.49,In Stock,/collections/all/products/gompyo-korean-pancake-mix-1kg,2025-11-28 16:31:56
Tarami Oishii Konjac Jelly Mikan Flavor 150g,$2.79,In Stock,/collections/all/products/tarami-oishii-konjac-jelly-mikan-flavor-150g,2025-11-28 16:31:56
CJ Bibigo Chicken Soup with Ginseng 28.2oz,$20.99,In Stock,/collections/all/products/cj-bibigo-chicken-soup-with-ginseng-28-2oz,2025-11-28 16:31:56
Wan Ja Shan Dumpling Sauce 6.7floz,$3.99,In Stock,/collections/all/products/wan-ja-shan-dumpling-sauce-6-7floz,2025-11-28 16:31:56
Dongwon Rose Topokki 12.69oz,$9.79,In Stock,/collections/all/products/dongwon-rose-topokki-12-69oz,2025-11-28 16:31:56
Dongwon Rose Topokki 5.64oz,$5.99,In Stock,/collections/all/products/dongwon-rose-topokki-5-64o,2025-11-28 16:31:56
Tony's Chocolonely 32% Milk Chocolate Honey Almond Nougat 6.35oz,$8.79,In Stock,/collections/all/products/tonys-chocolonely-32-milk-chocolate-honey-almond-nougat-6-35oz,2025-11-28 16:31:56
Seaweed Salad,$6.35,In Stock,/collections/all/products/seaweed-salad,2025-11-28 16:31:56
Cooked Egg for Sushi,$7.83,In Stock,/collections/all/products/cooked-egg-for-sushi,2025-11-28 16:31:56
Pickle Ginger,$4.49,In Stock,/collections/all/products/pickle-ginger,2025-11-28 16:31:56
White Ginger,$4.99,In Stock,/collections/all/products/white-ginger,2025-11-28 16:31:56
Tobiko Orange,$6.60,In Stock,/collections/all/products/tobiko-orange,2025-11-28 16:31:56
Salmon Roe,$14.00,In Stock,/collections/all/products/salmon-roe,2025-11-28 16:31:56
Masago,$3.99,In Stock,/collections/all/products/masago,2025-11-28 16:31:56
Cooked Shrimp (31/40),$5.49,In Stock,/collections/all/products/cooked-shrimp-41-50,2025-11-28 16:31:56
Squid Salad,$7.22,In Stock,/collections/all/products/squid-salad,2025-11-28 16:31:56
Baby Octopus Salad,$7.20,In Stock,/collections/all/products/baby-octopus-salad,2025-11-28 16:31:56
Topshell with Kimchi Sauce,$5.40,In Stock,/collections/all/products/topshell-with-kimchi-sauce,2025-11-28 16:31:56
Fish Cake Flakes,$4.49,In Stock,/collections/all/products/crab-meat,2025-11-28 16:31:56
Shrimp with Head (Farm),$6.49,In Stock,/collections/all/products/shrimp-with-head-farm,2025-11-28 16:31:56
Shrimp (21/25),$9.50,In Stock,/collections/all/products/shrimp-21-25,2025-11-28 16:31:56
Peeled Shrimp (26/30),$5.29,In Stock,/collections/all/products/peeled-shrimp-31-40,2025-11-28 16:31:56
Mackerel (Wild),$9.49,In Stock,/collections/all/products/mackerel-wild,2025-11-28 16:31:56
Golden Pampano Butterfish,$9.99,In Stock,/collections/all/products/golden-pampano-butterfish,2025-11-28 16:31:56
Yellow Croaker,$8.29,In Stock,/collections/all/products/yellow-croaker,2025-11-28 16:31:56
Tilapia Fillet,$11.49,In Stock,/collections/all/products/tilapia-farm,2025-11-28 16:31:56
Swai Fillet (Farm),$9.99,In Stock,/collections/all/products/swai-fillet-farm,2025-11-28 16:31:56
Flounder Fillet (Wild),$12.99,In Stock,/collections/all/products/flounder-fillet-wild,2025-11-28 16:31:56
Skinless Tube Squid,$5.09,In Stock,/collections/all/products/skinless-tube-squid,2025-11-28 16:31:56
Cod Fillet (Wild),$10.79,In Stock,/collections/all/products/cod-fillet-wild,2025-11-28 16:31:56
Salmon Head (Farm),$7.49,In Stock,/collections/all/products/salmon-head-farm,2025-11-28 16:31:56
Salmon Sashimi Farm with Soy Sauce and Scallion,$16.15,In Stock,/collections/all/products/salmon-sashimi-farm-with-soy-sauce-and-wasabi-scallion,2025-11-28 16:31:56
Salmon (Farm) Sushi Grade,$12.00,In Stock,/collections/all/products/salmon-farm-sushi-grade,2025-11-28 16:31:56
Salmon Boneless (Farm),$10.99,In Stock,/collections/all/products/salmon-boneless-farm,2025-11-28 16:31:56
Salmon Fillet (Farm),$15.00,In Stock,/collections/all/products/salmon-fillet-farm,2025-11-28 16:31:56
Cleanwrap Clean Disposable Gloves 200 pcs,$7.99,In Stock,/collections/all/products/cleanwrap-clean-disposable-gloves-200ea,2025-11-28 16:31:56
Aroy-D Coconut Milk 14fl.oz,$3.29,In Stock,/collections/all/products/aroy-d-coconut-milk-14fl-oz,2025-11-28 16:31:56
"Dongwon Tuna with Hot Pepper Sauce 4 Cans, 21.2oz",$18.29,In Stock,/collections/all/products/dongwon-tuna-with-hot-pepper-sauce-4cans-21-2oz,2025-11-28 16:31:56
"Dongwon Tuna Light Standard 3 Cans, 26.5oz",$18.79,In Stock,/collections/all/products/dongwon-tuna-light-standard-3-cans-26-5oz,2025-11-28 16:31:56
Dongwon Cooked White Rice 3 Bowls x 210g,$8.79,In Stock,/collections/all/products/dongwon-cooked-white-rice-3bowls-22-2oz,2025-11-28 16:31:56
Dongwon Canned White Peach 14.1oz,$4.49,In Stock,/collections/all/products/dongwon-canned-white-peach-14-1oz,2025-11-28 16:31:56
Choripdong Rice Flour 2lb,$9.99,In Stock,/collections/all/products/choripdong-rice-flour-2lb,2025-11-28 16:31:56
Choripdong Sweet Rice 2lb,$7.99,In Stock,/collections/all/products/choripdong-sweet-rice-2lb-1,2025-11-28 16:31:56
Choripdong Sweet Rice Flour 2lb,$8.29,In Stock,/collections/all/products/choripdong-sweet-rice-2lb,2025-11-28 16:31:56
Choripdong Potato Starch 2lb,$7.79,In Stock,/collections/all/products/choripdong-potato-starch-2lb,2025-11-28 16:31:56
Samhak Roasted Hulled Sesame Seed 8oz,$10.49,In Stock,/collections/all/products/samhak-roasted-hulled-sesame-seed-8oz,2025-11-28 16:31:56
Shirakiku Sanukiya Udon Soup Base 10.14fl.oz,$6.29,In Stock,/collections/all/products/shirakiku-sanukiya-udon-soup-base-10-14fl-oz,2025-11-28 16:31:56
Shirakiku Carbonated Ramune Drink Melon 200ml,$3.29,In Stock,/collections/all/products/shirakiku-carbonated-ramune-drink-melon-200ml,2025-11-28 16:31:56
Shirakiku 100% Pure Sesame Oil 12.5fl.oz,$9.49,In Stock,/collections/all/products/shirakiku-100-pure-sesame-oil-12-5fl-oz,2025-11-28 16:31:56
Shirakiku Goku-Uma Ramen Noodles Miso Flavor 3.70oz,$3.99,In Stock,/collections/all/products/shirakiku-goku-uma-ramen-noodles-miso-flavor-3-70oz,2025-11-28 16:31:56
Shirakiku Goku-Uma Ramen Noodles Hot Flavor 2.89oz,$3.99,In Stock,/collections/all/products/shirakiku-goku-uma-ramen-noodles-hot-flavor-2-89oz,2025-11-28 16:31:56
Shirakiku Goku-Uma Ramen Noodles Artificially Flavored Tonkotsu 2.93oz,$3.99,In Stock,/collections/all/products/shirakiku-goku-uma-ramen-noodles-artificially-flavored-tonkotsu-2-93oz,2025-11-28 16:31:56
Maxim Kanu Decaf Latte 10 Sticks x 13.5g,$11.79,In Stock,/collections/all/products/maxim-kanu-decaf-latte-10-sticks-x-13-5g,2025-11-28 16:31:56
Mount Hagen Organic Fairtrade Instant Coffee Glass Jar 3.53oz,$16.49,In Stock,/collections/all/products/mount-hagen-organic-fairtrade-instant-coffee-glass-jar-3-53oz,2025-11-28 16:31:56
Chung Jung One Premium Sesame Oil 5.4floz,$8.79,In Stock,/collections/all/products/chung-jung-one-premium-sesame-oil-5-4floz,2025-11-28 16:31:56
CJ Bibigo 100% Sesame Oil 5.4floz,$9.99,In Stock,/collections/all/products/cj-bibigo-100-sesame-oil-5-4floz,2025-11-28 16:31:56
Beksul Grapeseed Oil from Spain 16.9fl.oz,$13.99,In Stock,/collections/all/products/beksul-grapeseed-oil-from-spain-16-9fl-oz,2025-11-28 16:31:56
CJ Hetbahn Cooked Rice with Black Rice 7.4oz,$3.29,In Stock,/collections/all/products/cj-hetbahn-cooked-rice-with-black-rice-7-4oz,2025-11-28 16:31:56
"CJ Hetbahn Cooked Rice with Black Rice 3Bowls, 22.2oz",$11.79,In Stock,/collections/all/products/cj-hetbahn-cooked-rice-with-black-rice-3bowls-22-2oz,2025-11-28 16:31:56
"CJ Bibigo Savory Roasted Korean Seasoned Seaweed 20g x 4 packs, 80g",$11.79,In Stock,/collections/all/products/cj-bibigo-savory-roasted-korean-seasoned-seaweed-20g-x-4-packs-80g,2025-11-28 16:31:56
"Dongwon Yangban Perilla Oil Seasoned Laver 5g x 9packs, 45g",$7.29,In Stock,/collections/all/products/dongwon-yangban-perilla-oil-seasoned-laver-5g-x-9packs-45g,2025-11-28 16:31:56
Ottogi Snack Ramen 2.19oz,$2.99,In Stock,/collections/all/products/ottogi-snack-ramen-2-19oz,2025-11-28 16:31:56
Sapporo Ichiban Shio Ramen 2.98oz,$3.99,In Stock,/collections/all/products/sapporo-ichiban-shio-ramen-2-98oz,2025-11-28 16:31:56
Sapporo Ichiban Miso (Soy Bean Paste) Ramen 2.98oz,$3.99,In Stock,/collections/all/products/sapporo-ichiban-miso-soy-bean-paste-ramen-2-98oz,2025-11-28 16:31:56
Nongshim Tonkotsu Ramen Cup 3.56oz,$4.49,In Stock,/collections/all/products/nongshim-tonkotsu-ramen-cup-3-56oz,2025-11-28 16:31:56
Acecook Saigon Pho Chicken Artificially Flavored 2.5oz,$3.99,In Stock,/collections/all/products/acecook-saigon-pho-chicken-artificially-flavored-2-5oz,2025-11-28 16:31:56
Acecook Saigon Pho Beef Artificially Flavored 2.5oz,$3.99,In Stock,/collections/all/products/ace-cook-saigon-pho-beef-artificial-flavored-2-5oz-72g,2025-11-28 16:31:56
House Foods Ichimi Togarashi Red Pepper 16g,$4.49,In Stock,/collections/all/products/house-foods-ichimi-togarashi-red-pepper-16g,2025-11-28 16:31:56
WuFuYuan Tapioca Pearl Taro Flavor 250g,$4.49,In Stock,/collections/all/products/wufuyuan-tapioca-pearl-taro-flavor-250g,2025-11-28 16:31:56
WuFuYuan Tapioca Pearl Lychee Flavor 250g,$4.49,In Stock,/collections/all/products/wufuyuan-tapioca-pearl-lychee-flavor-250g,2025-11-28 16:31:56
Kracie Naive Makeup Removal Face Wash Green Tea 200g,$10.49,In Stock,/collections/all/products/kracie-naive-makeup-removal-face-wash-green-tea-200g,2025-11-28 16:31:56
Kracie Naive Makeup Removal Face Wash Yuzu Ceramide 200g,$10.49,In Stock,/collections/all/products/kracie-naive-makeup-removal-face-wash-peach-leaf-130g-1,2025-11-28 16:31:56
Kracie Naive Makeup Removal Face Wash Peach Leaf 200g,$10.49,In Stock,/collections/all/products/kracie-naive-makeup-removal-face-wash-peach-leaf-130g,2025-11-28 16:31:56
Rosette Cleansing Paste Hakudei Lift (White Clay Lift) 120g,$9.49,In Stock,/collections/all/products/rosette-cleansing-paste-hakudei-lift-white-clay-lift-120g,2025-11-28 16:31:56
Hada Labo Shiro-jyun Milk 140ml,$20.99,In Stock,/collections/all/products/hada-labo-shiro-jyun-milk-140ml,2025-11-28 16:31:56
Hada Labo Goku-jyun Moisturizing Cream 50g,$23.99,In Stock,/collections/all/products/hada-labo-goku-jyun-moisturizing-cream-50g,2025-11-28 16:31:56
Gatsby Moving Rubber Wild Shake 2.8oz,$12.99,In Stock,/collections/all/products/gatsby-moving-rubber-wild-shake-2-8oz,2025-11-28 16:31:56
Aveeno Skin Relief Moisturizing Lotion 532ml,$19.99,In Stock,/collections/all/products/aveeno-skin-relief-moisturizing-lotion-532ml,2025-11-28 16:31:56
Aveeno Daily Moisturizing Lotion 532ml,$20.99,In Stock,/collections/all/products/aveeno-daily-moisturizing-lotion-532ml,2025-11-28 16:31:56
Kracie Naive Body Wash Peach 530ml,$12.99,In Stock,/collections/all/products/kracie-naive-body-wash-peach-530ml,2025-11-28 16:31:56
Kracie Naive Body Wash Refresh 530ml,$12.99,In Stock,/collections/all/products/kracie-naive-body-wash-refresh-530ml,2025-11-28 16:31:56
S&B Miso-Yaki Miso Sesame Glazed Salmon Seasoning Mix 1.19oz,$3.99,In Stock,/collections/all/products/s-b-miso-yaki-miso-sesame-glazed-salmon-seasoning-mix-1-19oz,2025-11-28 16:31:56
Takaokaya Doraemon Furikake Teriyaki Bonito 1.7oz,$6.29,In Stock,/collections/all/products/takaokaya-doraemon-furikake-teriyaki-bonito-1-7oz,2025-11-28 16:31:56
Takaokaya Doraemon Furikake Aonori & Sesame 1.76oz,$6.29,In Stock,/collections/all/products/takaokaya-doraemon-furikake-aonori-sesame-1-76oz,2025-11-28 16:31:56
Takaokaya Doraemon Furikake Nori & Sesame Seasoning 2.1oz,$6.29,In Stock,/collections/all/products/takaokaya-doraemon-furikake-nori-sesame-seasoning-2-1oz,2025-11-28 16:31:56
Takaokaya Doraemon Furikake Nori Shrimp Seasoning 1.94oz,$6.29,In Stock,/collections/all/products/takaokaya-doraemon-furikake-nori-shrimp-seasoning-1-94oz,2025-11-28 16:31:56
Lotte Kancho Choco 196g,$8.29,In Stock,/collections/all/products/lotte-kancho-choco-5-93oz,2025-11-28 16:31:56
Lotte Choco Pie Cacao 11.85oz,$7.79,In Stock,/collections/all/products/lotte-choco-pie-cacao-11-85oz,2025-11-28 16:31:56
Lotte Choco Pie Banana 11.85oz,$7.79,In Stock,/collections/all/products/lotte-choco-pie-banana-11-85oz,2025-11-28 16:31:56
Lotte Dream Cake Cacao Cake 6.77oz,$6.29,In Stock,/collections/all/products/lotte-dream-cake-cacao-cake-6-packs-6-77oz,2025-11-28 16:31:56
"Lotte Choco Pie Cacao 6 Packs, 5.92oz",$6.29,In Stock,/collections/all/products/lotte-choco-pie-cacao-6-packs-5-92oz,2025-11-28 16:31:56
Surasang Rice Senbei 10.6oz,$10.99,In Stock,/collections/all/products/surasang-rice-senbei-10-6oz,2025-11-28 16:31:56
Orion Peanut Crunch 5.89oz,$6.79,In Stock,/collections/all/products/orion-peanut-crunch-5-89oz,2025-11-28 16:31:56
Crown Shin Zzang! Snack 8.64oz,$4.99,In Stock,/collections/all/products/crown-shin-zzang-snack-8-64oz,2025-11-28 16:31:56
Orion O! Tube Jalapeno & Cheese Flavored 4.06oz,$6.29,In Stock,/collections/all/products/orion-o-tube-jalapeno-cheese-flavored-4-06oz,2025-11-28 16:31:56
Irvins Spicy Salted Egg Salmon Skin 3.7oz,$18.29,In Stock,/collections/all/products/irvins-spicy-salted-egg-salmon-skin-3-7oz,2025-11-28 16:31:56
Fremo Aloe Vera Drink Mango Flavor 16.9fl.oz,$2.29,In Stock,/collections/all/products/fremo-aloe-vera-drink-mango-flavor-16-9fl-oz,2025-11-28 16:31:56
Chung Jung One Pomegranate Hong Cho 2fl.oz,$12.29,In Stock,/collections/all/products/chung-jung-one-pomegranate-hong-cho-2fl-oz,2025-11-28 16:31:56
Daifuku Japanese Style Orange Mochi 8.45oz,$6.79,In Stock,/collections/all/products/daifuku-japanese-style-orange-mochi-8-45oz,2025-11-28 16:31:56
Daifuku Japanese Style Strawberry Mochi 8.45oz,$6.79,In Stock,/collections/all/products/daifuku-japanese-style-strawberry-mochi-8-45oz,2025-11-28 16:31:56
Crown White Heim White Hazelnut 284g,$8.79,In Stock,/collections/all/products/crown-white-heim-white-hazelnut-284g,2025-11-28 16:31:56
Crown Choco Heim Choco Cream Wafers with Hazelnuts 284g,$8.79,In Stock,/collections/all/products/crown-choco-heim-choco-cream-wafers-with-hazelnuts-284g,2025-11-28 16:31:56
Daifuku Red Bean Mochi 7.4oz,$4.49,In Stock,/collections/all/products/daifuku-red-bean-mochi-7-4oz,2025-11-28 16:31:56
Daifuku Taro Mochi 7.4oz,$5.49,In Stock,/collections/all/products/daifuku-taro-mochi-7-4oz,2025-11-28 16:31:56
Morinaga Hi-Chew Mixed Soft Candy Yogurt Mix 3.17oz,$3.79,In Stock,/collections/all/products/morinaga-hi-chew-mixed-soft-candy-yogurt-mix-3-17oz,2025-11-28 16:31:56
Dentyne Fire Spicy Cinnamon Sugar free Gum 16pcs,$2.29,In Stock,/collections/all/products/dentyne-fire-spicy-cinnamon-sugar-free-gum-16pcs,2025-11-28 16:31:56
Dentyne Ice Peppermint Sugar free Gum 16pcs,$2.29,In Stock,/collections/all/products/dentyne-ice-peppermint-sugar-free-gum-16pcs,2025-11-28 16:31:56
Dentyne Ice Spearmint Sugar free Gum 16pcs,$2.29,In Stock,/collections/all/products/dentyne-ice-spearmint-sugar-free-gum-16pcs,2025-11-28 16:31:56
Dentyne Ice Arctic Chill Sugar free Gum 16pcs,$2.29,In Stock,/collections/all/products/dentyne-ice-arctic-chill-sugar-free-gum-16pcs,2025-11-28 16:31:56
Wrigley's Eclipse Winterfrost Sugarfree Gum 18pcs,$2.29,In Stock,/collections/all/products/wrigleys-eclipse-winterfrost-sugarfree-gum-18pcs,2025-11-28 16:31:56
Wrigley's Eclipse Spearmint Sugarfree Gum 18pcs,$2.29,In Stock,/collections/all/products/wrigleys-eclipse-spearmint-sugarfree-gum-18pcs,2025-11-28 16:31:56
Wrigley's Extra Sweet Watermelon Sugar Free Gum 15 Sticks,$2.29,In Stock,/collections/all/products/wrigleys-extra-sweet-watermelon-sugar-free-gum-15-sticks,2025-11-28 16:31:56
Trident White Wintergreen Sugar Free Gum 16pcs,$2.29,In Stock,/collections/all/products/trident-white-wintergreen-sugar-free-gum-16pcs,2025-11-28 16:31:56
Trident Pineapple Twist Sugar Free Gum with Xylitol 14 Sticks,$2.29,In Stock,/collections/all/products/trident-pineapple-twist-sugar-free-gum-with-xylitol-14-sticks,2025-11-28 16:31:56
Trident Minty Sweet Twist Sugar Free Gum with Xylitol 14 Sticks,$2.29,In Stock,/collections/all/products/trident-minty-sweet-twist-sugar-free-gum-with-xylitol-14-sticks,2025-11-28 16:31:56
Trident Bubblegum Sugar Free Gum with Xylitol 14 Sticks,$2.29,In Stock,/collections/all/products/trident-bubblegum-sugar-free-gum-with-xylitol-14-sticks,2025-11-28 16:31:56
Wrigley's Extra Peppermint Sugar Free Gum 15 Sticks,$2.29,In Stock,/collections/all/products/wrigleys-extra-long-lasting-flavor-peppermint-sugar-free-gum-15-sticks,2025-11-28 16:31:56
Trident Purely Spearmint Sugar Free Gum with Xylitol 14 Sticks,$2.79,In Stock,/collections/all/products/trident-purely-spearmint-sugar-free-gum-with-xylitol-14-sticks,2025-11-28 16:31:56
Trident Watermelon Twist Sugar Free Gum with Xylitol 14 Sticks,$2.29,In Stock,/collections/all/products/trident-watermelon-twist-sugar-free-gum-14-sticks,2025-11-28 16:31:56
Wrigley's Orbit Sugarfree Bubblemint Gum 14pcs,$2.29,In Stock,/collections/all/products/wrigleys-orbit-sugarfree-bubblemint-gum-14pcs,2025-11-28 16:31:56
Kameya Grated Wasabi 42g,$6.29,In Stock,/collections/all/products/kameya-grated-wasabi-42g,2025-11-28 16:31:56
S&B Premium Gluten Free Wasabi 43g,$5.49,In Stock,/collections/all/products/s-b-premium-gluten-free-wasabi-43g,2025-11-28 16:31:56
S&B Hot Gluten Free Wasabi 90g,$6.79,In Stock,/collections/all/products/s-b-hot-gluten-free-wasabi-in-tube-90g,2025-11-28 16:31:56
S&B Original Wasabi Sauce 158ml,$6.79,In Stock,/collections/all/products/s-b-original-wasabi-sauce-158ml,2025-11-28 16:31:56
Ottogi Prepared Mustard Tube 100g,$9.49,In Stock,/collections/all/products/ottogi-prepared-mustard-100g,2025-11-28 16:31:56
Imuraya Japanese Style Baked Sponge Cake Matcha Castella 9.8oz,$12.29,In Stock,/collections/all/products/imuraya-japanese-style-baked-sponge-cake-matcha-castella-9-8oz,2025-11-28 16:31:56
Imuraya Japanese Style Baked Sponge Cake Original Castella 9.8oz,$12.29,In Stock,/collections/all/products/imuraya-japanese-style-baked-sponge-cake-original-castella-9-8oz,2025-11-28 16:31:56
Imuraya Japanese Style Baked Sponge Cake Cheese Castella 9.8oz,$12.29,In Stock,/collections/all/products/imuraya-japanese-style-baked-sponge-cake-cheese-castella-9-8oz,2025-11-28 16:31:56
Seoul Milk Strawberry Flavored Milk Drink 6 packs x 190ml,$9.99,In Stock,/collections/all/products/seoul-milk-strawberry-flavored-milk-drink-6-packs-x-190ml,2025-11-28 16:31:56
Surasang Roasted Squid Bulgogi Flavor 4.23oz,$16.49,In Stock,/collections/all/products/surasang-roasted-squid-bulgogi-flavor-4-23oz,2025-11-28 16:31:56
Surasang Roasted Squid 4.23oz,$18.99,In Stock,/collections/all/products/surasang-roasted-squid-4-23oz,2025-11-28 16:31:56
"Ceruza Osuid, 3 Flavors 2.82ozoony Roasted Sq",$12.79,In Stock,/collections/all/products/ceruza-osoony-roasted-squid-3-flavors-2-82oz,2025-11-28 16:31:56
Everydaze Essential C's Konjac Jelly Green Grape Flavor 5.07fl.oz,$2.49,In Stock,/collections/all/products/everydaze-essential-cs-konjac-jelly-green-grape-flavor-5-07fl-oz,2025-11-28 16:31:56
Everydaze Essential C's Konjac Jelly Mango Flavor 5.07fl.oz,$3.29,In Stock,/collections/all/products/everydaze-essential-cs-konjac-jelly-mango-flavor-5-07fl-oz,2025-11-28 16:31:56
Everydaze Essential C's Konjac Jelly Peach Flavor 5.07fl.oz,$2.49,In Stock,/collections/all/products/everydaze-essential-cs-konjac-jelly-peach-flavor-5-07fl-oz,2025-11-28 16:31:56
Wang Red Pepper Powder Coarse 8oz,$7.29,In Stock,/collections/all/products/wang-red-pepper-powder-coarse-8oz,2025-11-28 16:31:56
Wang Premium Red Pepper Powder Coarse 16oz,$9.49,In Stock,/collections/all/products/wang-premium-red-pepper-powder-coarse-16oz,2025-11-28 16:31:56
Wang Premium Red Pepper Powder Fine 16oz,$9.49,In Stock,/collections/all/products/wang-red-pepper-powder-fine-16oz,2025-11-28 16:31:56
Mrs. Meyer's Clean Day Dish Soap Lavender Scent 16fl.oz,$7.49,In Stock,/collections/all/products/mrs-meyers-clean-day-dish-soap-lavender-scent-16fl-oz,2025-11-28 16:31:56
Tarami Oishii Konjac Jelly Peach Flavor 150g,$2.09,In Stock,/collections/all/products/tarami-jelly-peach-150g-1,2025-11-28 16:31:56
Greenmax Matcha Milk 7.1oz,$5.49,In Stock,/collections/all/products/greenmax-matcha-milk-7-1oz,2025-11-28 16:31:56
Morinaga Pancake Mix 21.16oz,$10.99,In Stock,/collections/all/products/morinaga-pancake-mix-21-16oz,2025-11-28 16:31:56
Shirakiku Honey Panko Japanese Bread Crumbs 10.58oz,$6.79,In Stock,/collections/all/products/shirakiku-honey-panko-japanese-bread-crumbs-10-58oz,2025-11-28 16:31:56
Catalina Crunch Keto Friendly Cinnamon Toast Cereal 9oz,$14.29,In Stock,/collections/all/products/catalina-crunch-keto-friendly-maple-waffle-cereal-9oz,2025-11-28 16:31:56
Catalina Crunch Keto Friendly Honey Graham Cereal 9oz,$14.29,In Stock,/collections/all/products/catalina-crunch-keto-friendly-honey-graham-cereal-9oz,2025-11-28 16:31:56
Catalina Crunch Keto Friendly Maple Waffle Cereal 9oz,$14.29,In Stock,/collections/all/products/catalina-crunch-keto-friendly-cereal-maple-waffle-9oz,2025-11-28 16:31:56
Albanese Ultimate 8 Flavor Gummi Bears 7.75oz,$7.19,In Stock,/collections/all/products/albanese-ultimate-8-flavor-gummi-bears-7-75oz,2025-11-28 16:31:56
Albanese Mini Gummi Butterflies 8oz,$7.19,In Stock,/collections/all/products/albanese-mini-gummi-butterflies-8oz,2025-11-28 16:31:56
Albanese 12 Flavor Mini Gummi Worms 9oz,$7.19,In Stock,/collections/all/products/albanese-12-flavor-mini-gummi-worms-9oz,2025-11-28 16:31:56
Albanese Gummi Peach Rings 8oz,$7.19,In Stock,/collections/all/products/albanese-gummi-peach-rings-8oz,2025-11-28 16:31:56
Albanese 12 Flavor Gummi Bears 9oz,$7.19,In Stock,/collections/all/products/albanese-12-flavor-gummi-bears-9oz,2025-11-28 16:31:56
"Ajinomoto Hondashi Bonito Soup Stock 4 Packs, 1.13oz",$4.49,In Stock,/collections/all/products/ajinomoto-hondashi-bonito-soup-stock-4-packs-1-13oz,2025-11-28 16:31:56
Kupiec Rice Cakes with Belgian Dark Chocolate and Salted Caramel Pieces 2.5oz,$3.99,In Stock,/collections/all/products/kupiec-rice-cakes-with-belgian-dark-chocolate-and-salted-caramel-pieces-2-5oz,2025-11-28 16:31:56
Kupiec Rice Cakes with Belgian Dark Chocolate and Orange Flavoured Pieces 2.5oz,$4.49,In Stock,/collections/all/products/kupiec-rice-cakes-with-belgian-dark-chocolate-and-orange-flavored-pieces-2-5oz,2025-11-28 16:31:56
Aroy-D Tom Yum Paste 14oz,$8.49,In Stock,/collections/all/products/aroy-d-tom-yum-paste-14oz,2025-11-28 16:31:56
Shirakiku Wasabi Mate Assorted Rice Cracker 16oz,$11.79,In Stock,/collections/all/products/shirakiku-wasabi-mate-assorted-rice-cracker-16oz,2025-11-28 16:31:56
Shirakiku Hot Mate Assorted Rice Cracker 16oz,$10.99,In Stock,/collections/all/products/shirakiku-hot-mate-assorted-rice-cracker-16oz,2025-11-28 16:31:56
Joeun Korean Style Popcorn 5.99oz,$6.79,In Stock,/collections/all/products/joeun-korean-style-popcorn-5-99oz,2025-11-28 16:31:56
Nutty Cashews Raw 8oz,$6.59,In Stock,/collections/all/products/nutty-cashews-raw-8oz,2025-11-28 16:31:56
Nutty Almonds Roasted No Salt 8oz,$7.79,In Stock,/collections/all/products/nutty-almonds-roasted-no-salt,2025-11-28 16:31:56
Nutty Mango Slice 7oz,$3.99,In Stock,/collections/all/products/nutty-mango-slice-7oz,2025-11-28 16:31:56
"Nongshim Anchovy Kalguksoo Family Pack 5 Pkgs X 3.45oz, 17.2oz",$13.99,In Stock,/collections/all/products/nongshim-anchovy-kalguksoo-family-pack-5-packs-x-3-45oz-17-2oz,2025-11-28 16:31:56
Asahi Calpico Mini Non-Carbonated Beverage Original 10.8fl.oz,$2.79,In Stock,/collections/all/products/asahi-calpico-mini-non-carbonated-beverage-original-10-8fl-oz,2025-11-28 16:31:56
Asahi Calpico Mini Non-Carbonated Beverage Strawberry 10.8fl.oz,$2.79,In Stock,/collections/all/products/asahi-calpico-mini-non-carbonated-beverage-mini-strawberry-10-8fl-oz,2025-11-28 16:31:56
Dong-A DemiSoda Peach Carbonated Soft Drink 250ml,$2.29,In Stock,/collections/all/products/dong-a-demisoda-peach-250ml,2025-11-28 16:31:56
Dong-A DemiSoda Lemon Carbonated Soft Drink 250ml,$2.29,In Stock,/collections/all/products/dong-a-demisoda-lemon-250ml,2025-11-28 16:31:56
Dong-A DemiSoda Apple Carbonated Soft Drink 250ml,$2.29,In Stock,/collections/all/products/dong-a-demisoda-apple-250ml,2025-11-28 16:31:56
H2O Coconut Water 33.8fl.oz,$6.79,In Stock,/collections/all/products/h2c-coconut-water-33-8fl-oz,2025-11-28 16:31:56
H2O Coconut Water 500ml,$4.49,In Stock,/collections/all/products/h2c-coconut-water-500ml,2025-11-28 16:31:56
Chloe & Dylan Organic Coconut Water Cocowai 33.8fl.oz,$6.79,In Stock,/collections/all/products/chloe-dylan-organic-coconut-water-cocowai-33-8fl-oz,2025-11-28 16:31:56
Sanzo Lychee Sparkling Water 12fl.oz,$3.29,In Stock,/collections/all/products/sanzo-lychee-sparkling-water-12fl-oz,2025-11-28 16:31:56
Sanzo Mango Sparkling Water 12fl.oz,$3.29,In Stock,/collections/all/products/sanzo-mango-sparkling-water-12oz,2025-11-28 16:31:56
UCC Original Blend Coffee with Milk 11.4fl.oz,$3.29,In Stock,/collections/all/products/ucc-original-blend-coffee-with-milk-11-4fl-oz,2025-11-28 16:31:56
UCC Hawaii Kona Blend Coffee with Milk 11.4fl.oz,$3.29,In Stock,/collections/all/products/ucc-hawaii-kona-blend-coffee-with-milk-11-4fl-oz,2025-11-28 16:31:56
Pokka Real Brewed Milk Coffee 240ml,$3.29,In Stock,/collections/all/products/pokka-real-brewed-milk-coffee-240ml,2025-11-28 16:31:56
Pokka Real Brewed Cappuccino Coffee Drink 240ml,$3.29,In Stock,/collections/all/products/pokka-real-brewed-cappuccino-coffee-drink-240ml,2025-11-28 16:31:56
Miya Bamboo Tea Whisk,$18.99,In Stock,/collections/all/products/miya-bamboo-tea-whisk,2025-11-28 16:31:56
Sato Acess Toothpaste for Oral Care 4.2oz,$14.99,In Stock,/collections/all/products/sato-acess-toothpaste-for-oral-care-4-2oz,2025-11-28 16:31:56
Sato Acessl Toothpaste for Oral Care 4.2oz,$13.49,In Stock,/collections/all/products/sato-toothpaste-for-oral-acessl-4-2oz,2025-11-28 16:31:56
Listerine Original 250ml,$6.49,In Stock,/collections/all/products/listerine-original-250ml,2025-11-28 16:31:56
Kracie Naive Body Wash Aloe 530ml,$12.99,In Stock,/collections/all/products/kracie-naive-body-wash-aloe-530ml,2025-11-28 16:31:56
Sunaroma Peppermint Revitalizing Body Bar 8oz,$7.49,In Stock,/collections/all/products/sunaroma-peppermint-revitalizing-body-bar-8oz,2025-11-28 16:31:56
Sunaroma Patchouli Body Bar 8oz,$7.49,In Stock,/collections/all/products/sunaroma-patchouli-body-bar-8oz,2025-11-28 16:31:56
Sunaroma Eucalyptus Stress Relief Body Bar 8oz,$7.49,In Stock,/collections/all/products/sunaroma-eucalyptus-stress-relief-body-bar-8oz,2025-11-28 16:31:56
Sunaroma Charcoal Detoxifying Body Bar 8oz,$7.49,In Stock,/collections/all/products/sunaroma-charcoal-detoxifying-body-bar-8oz,2025-11-28 16:31:56
Q One Home Made Churros Mix 240g,$9.99,In Stock,/collections/all/products/q-one-home-made-churros-mix-240g,2025-11-28 16:31:56
Q One Sweet Pumpkin Korean Pancake Mix Original 19.4oz,$8.79,In Stock,/collections/all/products/q-one-sweet-pumpkin-korean-pancake-mix-original-19-4oz,2025-11-28 16:31:56
Beksul Sweet Korean Pancake Mix 14.1oz,$9.49,In Stock,/collections/all/products/beksul-sweet-korean-pancake-mix-14-10oz,2025-11-28 16:31:56
"Orion Yegam Onion Potato Chips 12 packs, 7.02oz",$8.79,In Stock,/collections/all/products/orion-yegam-onion-potato-chips-12-packs-7-02oz,2025-11-28 16:31:56
"Orion Yegam Original 12 packs, 6.77oz",$7.79,In Stock,/collections/all/products/orion-yegam-original-12-packs-6-77oz,2025-11-28 16:31:56
"Orion Yegam Cheese Gratin 12 packs, 7.02oz",$8.79,In Stock,/collections/all/products/orion-yegam-cheese-gratin-12-packs-7-02oz,2025-11-28 16:31:56
AGV Adlay Oatmeal Deluxe 12oz,$2.79,In Stock,/collections/all/products/agv-adlay-oatmeal-deluxe-12oz,2025-11-28 16:31:56
AGV Deluxe Grass Jelly Dessert 11.6oz,$2.79,In Stock,/collections/all/products/agv-deluxe-grass-jelly-dessert-11-6oz,2025-11-28 16:31:56
AGV Milk Peanut Soup 12oz,$2.79,In Stock,/collections/all/products/agv-milk-peanut-soup-12oz,2025-11-28 16:31:56
Taisun Mixed Congee 13.2oz,$2.29,In Stock,/collections/all/products/taisun-mixed-congee-13-2oz-1,2025-11-28 16:31:56
SLW Yogurt Drink Original 280ml,$4.99,In Stock,/collections/all/products/slw-yogurt-drink-original-280ml,2025-11-28 16:31:56
SLW Yogurt Drink Strawberry Flavor 280ml,$4.99,In Stock,/collections/all/products/slw-yogurt-drink-strawberry-flavor-280ml,2025-11-28 16:31:56
SLW Yogurt Drink Mango Flavor 280ml,$4.99,In Stock,/collections/all/products/slw-yogurt-drink-mango-flavor-280ml,2025-11-28 16:31:56
Mogu Mogu Mango Juice with Nata De Coco 320ml,$1.79,In Stock,/collections/all/products/mogu-mogu-mango-juice-with-nata-de-coco-320ml,2025-11-28 16:31:56
Mogu Mogu Yogurt Juice with Nata De Coco 320ml,$1.79,In Stock,/collections/all/products/mogu-mogu-strawberry-juice-with-nata-de-coco-320ml-1,2025-11-28 16:31:56
Mogu Mogu Strawberry Juice with Nata De Coco 320ml,$1.79,In Stock,/collections/all/products/mogu-mogu-strawberry-juice-with-nata-de-coco-320ml,2025-11-28 16:31:56
Mogu Mogu Peach Juice with Nata De Coco 320ml,$1.79,In Stock,/collections/all/products/mogu-mogu-peach-juice-with-nata-de-coco-320ml,2025-11-28 16:31:56
Mogu Mogu Lychee Juice with Nata De Coco 320ml,$1.79,In Stock,/collections/all/products/mogu-mogu-lychee-juice-with-nata-de-coco-320ml,2025-11-28 16:31:56
Binggrae Coffee Flavored Milk 6 x 200ml,$10.99,In Stock,/collections/all/products/binggrae-coffee-flavored-milk-6-x-200ml,2025-11-28 16:31:56
Lotte Milkis Carbonated Drink Melon Flavor 250ml x 6 Cans,$9.99,In Stock,/collections/all/products/lotte-milkis-carbonated-drink-melon-flavor-250ml-x-6-cans,2025-11-28 16:31:56
Lotte Milkis Carbonated Drink Banana Flavor 250ml x 6 Cans,$8.79,In Stock,/collections/all/products/lotte-milkis-carbonated-drink-banana-flavor-250ml-x-6-cans,2025-11-28 16:31:56
Lotte Milkis Carbonated Drink Strawberry Flavor 250ml x 6 Cans,$9.99,In Stock,/collections/all/products/lotte-milkis-carbonated-drink-strawberry-flavor-250ml-x-6-cans,2025-11-28 16:31:56
Cici Jelly Drink Peach Flavor 5.3oz,$1.09,In Stock,/collections/all/products/cici-jelly-drink-peach-flavor-5-3oz,2025-11-28 16:31:56
Cici Jelly Drink Strawberry Flavor 5.3oz,$1.49,In Stock,/collections/all/products/cici-jelly-drink-lychee-flavor-5-3oz-1,2025-11-28 16:31:56
Cici Jelly Drink Pineapple Flavor 5.3oz,$1.09,In Stock,/collections/all/products/cici-jelly-drink-pineapple-flavor-5-3oz,2025-11-28 16:31:56
Cici Jelly Drink Mango Flavor 5.3oz,$1.09,In Stock,/collections/all/products/cici-jelly-drink-mango-flavor-5-3oz,2025-11-28 16:31:56
Cantabile Peach Flavored Iced Tea 230ml,$2.29,In Stock,/collections/all/products/cantabile-peach-flavored-iced-tea-230ml,2025-11-28 16:31:56
Organic Farm Organic Peeled Roasted Chestnut 100g,$3.29,In Stock,/collections/all/products/organic-farm-organic-peeled-roasted-chestnut-100g,2025-11-28 16:31:56
Paldo Jjajangmen Instant Noodle with Black Bean Sauce 190g,$4.99,In Stock,/collections/all/products/paldo-jjajangmen-instant-noodle-with-black-bean-sauce-190g,2025-11-28 16:31:56
Dongwon Cheese Topokki 240g,$6.29,In Stock,/collections/all/products/dongwon-cheese-topokki-240g,2025-11-28 16:31:56
Dongwon Hot Spicy Topokki 240g,$6.29,In Stock,/collections/all/products/dongwon-hot-spicy-topokki-240g,2025-11-28 16:31:56
Dongwon Spicy and Sweet Topokki 240g,$7.79,In Stock,/collections/all/products/dongwon-spicy-and-sweet-topokki-240g,2025-11-28 16:31:56
McCormick Pure Almond Extract 2fl.oz,$7.79,In Stock,/collections/all/products/mccormick-pure-almond-extract-2floz,2025-11-28 16:31:56
Lotte Doritos Late Night Snack Oven Roasted Chicken 172g,$7.79,In Stock,/collections/all/products/lotte-doritos-late-night-snack-oven-roasted-chicken-172g,2025-11-28 16:31:56
Pocasville Organic Peeled & Roasted Chestnuts 100g,$2.79,In Stock,/collections/all/products/pocasville-organic-peeled-roasted-chestnuts-100g,2025-11-28 16:31:56
Wang Organic Roasted Peeled Chestnut 300g,$13.29,In Stock,/collections/all/products/wang-organic-roasted-peeled-chestnut-300g,2025-11-28 16:31:56
Asian Taste Organic Peeled Roasted Chestnuts 300g,$7.29,In Stock,/collections/all/products/asian-taste-organic-peeled-roasted-chestnuts-300g,2025-11-28 16:31:56
McCormick Pure Vanilla Extract 2fl.oz,$14.29,In Stock,/collections/all/products/mccormick-pure-vanilla-extract-1floz-1,2025-11-28 16:31:56
McCormick Pure Vanilla Extract 1fl.oz,$7.79,In Stock,/collections/all/products/mccormick-pure-vanilla-extract-1floz,2025-11-28 16:31:56
McCormick Anise Pure Extract 1fl.oz,$7.79,In Stock,/collections/all/products/mccormick-anise-pure-extract-1floz,2025-11-28 16:31:56
McCormick Pure Lime Extract 1fl.oz,$7.79,In Stock,/collections/all/products/mccormick-lime-extract-1floz,2025-11-28 16:31:56
Paldo Jumbo Bowl Noodle Hot & Spicy 110g,$4.49,In Stock,/collections/all/products/pd-jumbo-bowl-noodle-110g,2025-11-28 16:31:56
Shirakiku Sanukiya Somen Spicy 5.82oz,$5.49,In Stock,/collections/all/products/shirakiku-sanukiya-somen-spicy-5-82oz,2025-11-28 16:31:56
Shirakiku Sanukiya Somen Original 5.78oz,$5.49,In Stock,/collections/all/products/shirakiku-sanukiya-somen-original-5-78oz,2025-11-28 16:31:56
Shirakiku Sanukiya Soba 7.16oz,$5.49,In Stock,/collections/all/products/shirakiku-sanukiya-soba-7-16oz,2025-11-28 16:31:56
Shirakiku Sanukiya Udon Bonito 7.76oz,$5.49,In Stock,/collections/all/products/shirakiku-sanukiya-udon-bonito-7-76oz,2025-11-28 16:31:56
Shirakiku Sanukiya Udon Original 7.76oz,$5.49,In Stock,/collections/all/products/shirakiku-sanukiya-udon-original-7-76oz,2025-11-28 16:31:56
Nongshim Bowl Noodle Soup Spicy Chicken Flavor 86g,$2.79,In Stock,/collections/all/products/nongshim-bowl-noodle-soup-spicy-chicken-flavor-86g,2025-11-28 16:31:56
Nongshim Bowl Noodle Soup Hot & Spicy Flavor 3.3oz,$2.79,In Stock,/collections/all/products/nongshim-bowl-noodle-soup-hot-spicy-flavor-86g,2025-11-28 16:31:56
Red Dragon Fruit Salad,$11.49,In Stock,/collections/all/products/red-dragon-fruit-salad,2025-11-28 16:31:56
Watermelon Salad,$5.49,In Stock,/collections/all/products/watermelon-salad,2025-11-28 16:31:56
Pomegranate Salad,$5.99,In Stock,/collections/all/products/pomegranate-1,2025-11-28 16:31:56
Honeydew Salad,$5.49,In Stock,/collections/all/products/honeydew-salad,2025-11-28 16:31:56
HBAF Tiramisu Almond 190g,$10.99,In Stock,/collections/all/products/hbaf-tiramisu-almond-190g,2025-11-28 16:31:56
HBAF Mint Chocolate Almond 6.7oz,$10.99,In Stock,/collections/all/products/hbaf-mint-chocolate-almond-6-7oz,2025-11-28 16:31:56
HBAF Honey Butter Cashewnut Almond 7.4oz,$10.99,In Stock,/collections/all/products/hbaf-honey-butter-cashewnut-almond-7-4oz,2025-11-28 16:31:56
HBAF Garlic Bread Almond 190g,$12.29,In Stock,/collections/all/products/hbaf-garlic-almond-almond-190g,2025-11-28 16:31:56
HBAF Black Sugar Milk Tea Almond 190g,$10.99,In Stock,/collections/all/products/hbaf-black-sugar-milk-tea-almond-190g,2025-11-28 16:31:56
HBAF Tom's Wasabi Almond 7.4oz,$10.99,In Stock,/collections/all/products/gilim-toms-farm-wasabi-almond-6-7oz,2025-11-28 16:31:56
HBAF Tom's Tteokbokki Almond 7.4oz,$11.79,In Stock,/collections/all/products/gilim-toms-farm-tteokbokki-almond-7-4oz,2025-11-28 16:31:56
HBAF Starlight Pangpang Almond 190g,$10.99,In Stock,/collections/all/products/gilim-toms-farm-starlight-pangpang-almond-190g,2025-11-28 16:31:56
HBAF Jeju Matcha Almond 6.7oz,$12.29,In Stock,/collections/all/products/gilim-toms-farm-honey-butter-almond-6-7oz-2,2025-11-28 16:31:56
HBAF Injeolmi Almond 190g,$10.99,In Stock,/collections/all/products/gilim-toms-farm-injeolmi-almond-190g,2025-11-28 16:31:56
HBAF Hot Spicy Almond 7.4oz,$10.99,In Stock,/collections/all/products/gilim-toms-farm-honey-butter-almond-6-7oz-1,2025-11-28 16:31:56
Gilim Tom's Farm Honey Butter Mixnut 7.76oz,$21.99,In Stock,/collections/all/products/gilim-toms-farm-honey-butter-mixnut-7-76oz,2025-11-28 16:31:56
HBAF Honey Butter Almond 6.7oz,$10.99,In Stock,/collections/all/products/gilim-toms-farm-honey-butter-almond-6-7oz,2025-11-28 16:31:56
HBAF Cookie & Cream Almond 6.7oz,$10.99,In Stock,/collections/all/products/gilim-toms-farm-cookie-cream-almond-6-7oz,2025-11-28 16:31:56
Gilim Tom's Farm Baked Corn Almond 210g,$10.99,In Stock,/collections/all/products/gilim-toms-farm-baked-corn-almond-210g,2025-11-28 16:31:56
Ottogi Cooked Rice and Fish Roe Sauce with Kimchi 7.83oz,$8.29,In Stock,/collections/all/products/ottogi-cooked-rice-and-fish-roe-sauce-with-kimchi-7-83oz,2025-11-28 16:31:56
Otaste Habanero Topokki 4.66oz,$4.49,In Stock,/collections/all/products/otaste-habanero-topokki-4-66oz,2025-11-28 16:31:56
Mukko Pororo Rice Cake with Cream Cup (Cream Topokki) 115g,$4.49,In Stock,/collections/all/products/mukko-pororo-rice-cake-with-cream-cup-cream-topokki-115g,2025-11-28 16:31:56
Dongwon Spicy & Sweet Topokki 4.23oz,$5.99,In Stock,/collections/all/products/dongwon-spicy-sweet-topokki-4-23oz,2025-11-28 16:31:56
Dongwon Hot Spicy Topokki 4.23oz,$5.99,In Stock,/collections/all/products/dongwon-hot-spicy-topokki-4-23oz,2025-11-28 16:31:56
Dongwon Cheese Topokki 4.23oz,$5.99,In Stock,/collections/all/products/dongwon-cheese-topokki-4-23oz,2025-11-28 16:31:56
CJ Cooked Sprouted Brown Rice 210g,$3.29,In Stock,/collections/all/products/cj-cooked-sprouted-brown-rice-210g,2025-11-28 16:31:56
CJ Cooked Sprouted Brown Rice 3 Bowls x 210g,$10.99,In Stock,/collections/all/products/cj-cooked-sprouted-brown-rice-3-bowls-x-210g,2025-11-28 16:31:56
CJ Cooked White Rice with Stir Fried Kimchi 247g,$7.29,In Stock,/collections/all/products/cj-cooked-white-rice-with-stir-fried-kimchi-247g,2025-11-28 16:31:56
CJ Cooked White Rice with Soybean Paste Bibimbap 280g,$7.29,In Stock,/collections/all/products/cj-cooked-white-rice-with-soybean-paste-bibimbap-280g,2025-11-28 16:31:56
CJ Cooked White Rice with Black Bean Sauce 275g,$7.29,In Stock,/collections/all/products/cj-cooked-white-rice-with-black-bean-sauce-275g,2025-11-28 16:31:56
CJ Dasida Premium Gold Soup Stock (Beef Flavor) 250g,$11.79,In Stock,/collections/all/products/cj-dasida-premium-gold-soup-stock-beef-flavor-300g,2025-11-28 16:31:56
Paldo Spicy Stir-Fried Chicken Noodle Spicy Soy Sauce Flavor 520g,$13.29,In Stock,/collections/all/products/paldo-spicy-stir-fried-chicken-noodle-spicy-soy-sauce-flavor-520g,2025-11-28 16:31:56
Paldo Rabokki Noodle 4 Packs x 145g,$12.29,In Stock,/collections/all/products/paldo-rabokki-noodle-4-packs-x-145g,2025-11-28 16:31:56
Ottogi Jin Jjambbong Spicy Seafood Noodle Family Pack 520g,$14.99,In Stock,/collections/all/products/ottogi-jin-jjambbong-spicy-seafood-noodle-family-pack-520g,2025-11-28 16:31:56
Prima Taste Singapore Curry La Mian 24.8oz,$19.79,In Stock,/collections/all/products/prima-taste-singapore-curry-la-mian-24-8oz,2025-11-28 16:31:56
Paldo Hot & Spicy Hwa Ramyun 600g,$10.99,In Stock,/collections/all/products/paldo-hot-spicy-hwa-ramyun-600g,2025-11-28 16:31:56
Paldo Bul Jjamppong Family Pack 556g,$13.29,In Stock,/collections/all/products/paldo-bul-jjamppong-family-pack-556g,2025-11-28 16:31:56
Ottogi Sesame Flavor Ramen Family Pack 575g,$14.29,In Stock,/collections/all/products/ottogi-sesame-flavor-ramen-family-pack-575g,2025-11-28 16:31:56
Paldo Kokomen 4.23oz x 5 Packs,$12.29,In Stock,/collections/all/products/paldo-kokumen-4-23oz-x-5-packs,2025-11-28 16:31:56
"Paldo Gomtang Korean Beef Flavored Noodle Soup 102g x 5ea, 510g",$10.99,In Stock,/collections/all/products/plado-gomtang-korean-noodles-with-soup-base-510g,2025-11-28 16:31:56
"Pulmuone Black Soybean Natto 6 Packs, 10.5oz",$12.29,In Stock,/collections/all/products/pulmuone-black-soybean-natto-6-packs-10-5oz,2025-11-28 16:31:56
Boar's Head Vermont Cheddar 8oz,$7.79,In Stock,/collections/all/products/boars-head-vermont-cheddar-8oz,2025-11-28 16:31:56
Boar's Head Gold Label Swiiss Cheese 7oz,$8.79,In Stock,/collections/all/products/boars-head-gold-label-swiiss-cheese-7oz,2025-11-28 16:31:56
Elmhurst Oat Creamer Chai Spice 16fl.oz,$8.79,In Stock,/collections/all/products/elmhurst-oat-creamer-chai-spice-16oz,2025-11-28 16:31:56
Elmhurst Oat Creamer Caramel Macchiato 16fl.oz,$8.79,In Stock,/collections/all/products/elmhurst-oat-creamer-caramel-16oz,2025-11-28 16:31:56
Elmhurst Oat Creamer Pistachio 16fl.oz,$8.79,In Stock,/collections/all/products/elmhurst-oat-creamer-pistachio-16oz,2025-11-28 16:31:56
La Baleine Sea Salt Coarse 26.5oz,$6.79,In Stock,/collections/all/products/la-baleine-sea-salt-coarse-26-5oz,2025-11-28 16:31:56
La Baleine Sea Salt Fine 26.5oz,$6.79,In Stock,/collections/all/products/la-baleine-sea-salt-fine-26-5oz,2025-11-28 16:31:56
Roland Sea Salt Coarse Crystals 26.4oz,$6.29,In Stock,/collections/all/products/roland-sea-salt-coarse-crystals-26-4oz,2025-11-28 16:31:56
Roland Sea Salt Fine Crystals 26.4oz,$6.29,In Stock,/collections/all/products/roland-sea-salt-fine-crystals-26-4oz,2025-11-28 16:31:56
Dove Dry Spray Antiperspirant Deodorant Original 150ml,$5.99,In Stock,/collections/all/products/dove-dry-spray-antiperspirant-deodorant-original-150ml,2025-11-28 16:31:56
Nutella Hazelnut Spread with Cocoa 13oz,$8.29,In Stock,/collections/all/products/nutella-hazelnut-spread-with-cocoa-13oz,2025-11-28 16:31:56
Sweet Ella's Smooth Organic Peanut Butter 13oz,$12.29,In Stock,/collections/all/products/sweet-ellas-smooth-organic-peanut-butter-13oz,2025-11-28 16:31:56
Sweet Ella's Crunchy Organic Peanut Butter 12.5oz,$12.29,In Stock,/collections/all/products/sweet-ellas-crunchy-organic-peanut-butter-12-5oz,2025-11-28 16:31:56
Peanut Butter & Co Dark Chocolatey Dreams 16oz,$9.49,In Stock,/collections/all/products/peanut-butter-co-dark-chocolatey-dreams-16oz,2025-11-28 16:31:56
"Wang Roasted Sesame Seed, Crushed 8oz",$8.79,In Stock,/collections/all/products/wang-roasted-sesame-seed-crushed-8oz,2025-11-28 16:31:56
Maxim Arabica 100 Coffee 175g,$26.49,In Stock,/collections/all/products/maxim-arabica-100-coffee-175g,2025-11-28 16:31:56
Mango Mix Berries,$5.49,In Stock,/collections/all/products/mango-mix-berries,2025-11-28 16:31:56
Pineapple Mix Berries,$4.49,In Stock,/collections/all/products/pineapple-mix-berries,2025-11-28 16:31:56
White Dragon Fruit Salad,$7.49,In Stock,/collections/all/products/white-dragon-fruit-salad,2025-11-28 16:31:56
Cantaloupe Mix Berry Salad,$3.65,In Stock,/collections/all/products/cantaloup-salad,2025-11-28 16:31:56
Juicy Orange Salad,$4.99,In Stock,/collections/all/products/juicy-orange-salad,2025-11-28 16:31:56
"Greenland Rice Paper 22cm, 12oz",$5.49,In Stock,/collections/all/products/greenland-rice-paper-22cm-12oz,2025-11-28 16:31:56
Nongshim Chapaguri Jjajang Noodles with Spicy Seafood Flavor 4.02oz,$4.99,In Stock,/collections/all/products/nongshim-chapaguri-jjajang-noodles-with-spicy-seafood-flavor-4-02oz,2025-11-28 16:31:56
Hokuto Bunapi Mushroom 3.5oz,$4.49,In Stock,/collections/all/products/hokio-bunapi-mushroom,2025-11-28 16:31:56
Hansang Preserved Radish 11.63oz,$4.49,In Stock,/collections/all/products/hansang-preserved-radish-11-63oz,2025-11-28 16:31:56
Twist Peppers,$3.49,In Stock,/collections/all/products/h-mart-twist-peppers,2025-11-28 16:31:56
Wangderm Authentic Thai Iced Tea Flavored Black Tea 2.80oz,$7.79,In Stock,/collections/all/products/wangderm-authentic-thai-iced-tea-flavored-black-tea-2-80oz,2025-11-28 16:31:56
Nabisco Ritz Sandwich Crackers Lemon 77g,$4.99,In Stock,/collections/all/products/nabisco-ritz-sandwich-crackers-lemon-77g,2025-11-28 16:31:56
Nabisco Ritz Sandwich Crackers Danish Cheese 77g,$4.99,In Stock,/collections/all/products/nabisco-ritz-sandwich-crackers-danish-cheese-77g,2025-11-28 16:31:56
Nabisco Ritz Sandwich Crackers White 77g,$4.99,In Stock,/collections/all/products/nabisco-ritz-sandwich-crackers-white-77g,2025-11-28 16:31:56
Nabisco Oreo Thins Choco Mousse 84g,$4.99,In Stock,/collections/all/products/nabisco-oreo-thins-choco-mousse-84g,2025-11-28 16:31:56
Nabisco Oreo Chocolate Sandwich Cookies Strawberry Creme 100g,$4.99,In Stock,/collections/all/products/nabisco-oreo-chocolate-sandwich-cookies-strawberry-creme-100g,2025-11-28 16:31:56
Nabisco Ritz Sandwich Crackers Choco 77g,$4.99,In Stock,/collections/all/products/nabisco-ritz-sandwich-crackers-choco-77g,2025-11-28 16:31:56
Nabisco Oreo Thins Vanilla Mousse 84g,$4.99,In Stock,/collections/all/products/nabisco-oreo-thins-vanilla-mousse-84g,2025-11-28 16:31:56
Nabisco Oreo Thins Tiramisu 84g,$4.99,In Stock,/collections/all/products/nabisco-oreo-thins-tiramisu-84g,2025-11-28 16:31:56
Nabisco Oreo Chocolate Sandwich Cookies Mild Sweet 100g,$4.99,In Stock,/collections/all/products/nabisco-oreo-chocolate-sandwich-cookies-mild-sweet-100g,2025-11-28 16:31:56
Nabisco Oreo Chocolate Sandwich Cookies Chocolate Creme 100g,$4.99,In Stock,/collections/all/products/oreo-chocolate-sandwich-cookies-chocolate-creme-100g,2025-11-28 16:31:56
Kinder Bueno Mini 108g,$7.79,In Stock,/collections/all/products/kinder-bueno-mini-108g,2025-11-28 16:31:56
Milka Oreo Brownie 100g,$3.29,In Stock,/collections/all/products/milka-oreo-brownie-100g,2025-11-28 16:31:56
Kinder Schoko Bons 125g,$7.79,In Stock,/collections/all/products/kinder-schoko-bons-125g,2025-11-28 16:31:56
Meiji Hi Milk Chocolate 4.23oz,$7.29,In Stock,/collections/all/products/meiji-hi-milk-chocolate-120g,2025-11-28 16:31:56
Meiji Black Chocolate Box 4.23oz,$7.29,In Stock,/collections/all/products/meiji-black-chocolate-4-23oz,2025-11-28 16:31:56
Nestle Kit Kat Mini Milk Tea 2.9oz,$9.99,In Stock,/collections/all/products/nestle-kitkat-mini-milk-tea-4-5oz,2025-11-28 16:31:56
Bourbon Every Burger 2.3oz,$3.99,In Stock,/collections/all/products/bourbon-every-burger-2-3oz,2025-11-28 16:31:56
Pirouline Vanilla 400g,$11.79,In Stock,/collections/all/products/pirouline-vanilla-400g,2025-11-28 16:31:56
Pirouline Chocolate Hazelnut 400g,$11.79,In Stock,/collections/all/products/pirouline-chocolate-hazelnut-400g,2025-11-28 16:31:56
Kewpie Onion Dressing with Garlic 8fl.oz,$7.79,In Stock,/collections/all/products/kewpie-onion-dressing-with-garlic-8fl-oz,2025-11-28 16:31:56
Heinz Organic Tomato Ketchup 14oz,$6.79,In Stock,/collections/all/products/heinz-organic-tomato-ketchup-14oz,2025-11-28 16:31:56
Lee Kum Kee Premium Oyster Sauce 18oz,$9.99,In Stock,/collections/all/products/lee-kum-kees-premium-oyster-sauce-18oz,2025-11-28 16:31:56
San-J 28% Less Sodium Tamari Brewed Soy Sauce Gluten Free 10fl.oz,$8.29,In Stock,/collections/all/products/san-j-28-less-sodium-tamari-brewed-soy-sauce-gluten-free-10oz,2025-11-28 16:31:56
San-J Organic Tamari Brewed Soy Sauce Gluten Free 10fl.oz,$8.79,In Stock,/collections/all/products/san-j-gluten-free-organic-tamari-brewed-soy-sauce-10oz,2025-11-28 16:31:56
San-J Gluten Free Szechuan Spicy Hot Stir-Fry & Marinade 10fl.oz,$6.79,In Stock,/collections/all/products/san-j-gluten-free-szechuan-spicy-hot-stir-fry-marinade-10oz,2025-11-28 16:31:56
San-J Gluten Free Orange Sauce Asian Glaze & Stir-Fry 10fl.oz,$6.79,In Stock,/collections/all/products/san-j-gluten-free-orange-sauce-asian-glaze-stir-fry-10oz,2025-11-28 16:31:56
San-J Gluten Free Sweet & Tangy Polynesian Glazing & Dipping 10fl.oz,$7.29,In Stock,/collections/all/products/san-j-sweet-tangy-sauce-10oz,2025-11-28 16:31:56
Superior Natural Organic Soft Tofu 16oz,$3.49,In Stock,/collections/all/products/superior-natural-organic-soft-tofu-16oz,2025-11-28 16:31:56
Superior Natural Organic Firm Tofu 16oz,$3.49,In Stock,/collections/all/products/superior-natural-organic-firm-tofu-16oz,2025-11-28 16:31:56
Havista Soy Tofu Roll Five Spices 500g,$6.99,In Stock,/collections/all/products/havista-soy-tofu-roll-five-spices-500g,2025-11-28 16:31:56
Havista Soy Tofu Roll Original Flavor 500g,$6.99,In Stock,/collections/all/products/havista-soy-tofu-roll-original-flavor-500g,2025-11-28 16:31:56
Havista Soy Tofu Slices Five Spices 500g,$6.99,In Stock,/collections/all/products/havista-soy-tofu-slices-five-spices-500g,2025-11-28 16:31:56
Havista Soy Tofu Slices Original Flavor 500g,$6.99,In Stock,/collections/all/products/havista-soy-tofu-slices-original-flavor-500g,2025-11-28 16:31:56
Havista Refrigerated Soy Tofu Slices Original Flavor 250g,$3.99,In Stock,/collections/all/products/havista-refrigerated-soy-tofu-slices-original-flavor-250g,2025-11-28 16:31:56
Havista Refrigerated Soy Tofu Slices Five Spices 250g,$3.99,In Stock,/collections/all/products/havista-refrigerated-soy-tofu-slices-five-spices-250g,2025-11-28 16:31:56
Nature's Soy Fried Bean Curd Sheet 3.5oz,$4.49,In Stock,/collections/all/products/natures-soy-fried-bean-curd-sheet-3-5oz,2025-11-28 16:31:56
Nature's Soy Fried Bean Curd Roll 4.2oz,$6.49,In Stock,/collections/all/products/natures-soy-fried-bean-curd-roll-4-2oz,2025-11-28 16:31:56
Orchid Gourmet Vegetarian Delight Pop Soy 5.93oz,$7.49,In Stock,/collections/all/products/orchid-gourmet-vegetarian-delight-pop-soy-5-93oz,2025-11-28 16:31:56
Havista Frozen Soy Sticks 300g,$5.49,In Stock,/collections/all/products/havista-frozen-soy-sticks-300g,2025-11-28 16:31:56
Havista Soy Vegetarian Chicken Slices 500g,$5.49,In Stock,/collections/all/products/havista-soy-vegetarian-chicken-slices-500g,2025-11-28 16:31:56
Havista Frozen Soy Skin Knot 250g,$5.99,In Stock,/collections/all/products/havista-frozen-soy-skin-knot-250g,2025-11-28 16:31:56
Choripdong Seasoned & Shredded Squid 8oz,$13.29,In Stock,/collections/all/products/choripdong-seasoned-shredded-squid-8oz,2025-11-28 16:31:56
Choripdong Dried Anchovy 8oz,$13.79,In Stock,/collections/all/products/choripdong-dried-anchovy-8oz-1,2025-11-28 16:31:56
H Mart Rice Cake Kit,$13.99,In Stock,/collections/all/products/h-mart-rice-cake-kit,2025-11-28 16:31:56
Sunshine Farms Pasture Raised Large Grade A Heirloom Brown 6 Eggs,$4.99,In Stock,/collections/all/products/sunshine-farms-pasture-raised-medium-grade-a-heirloom-brown-6-eggs,2025-11-28 16:31:56
S.Shine Heirloom Blue Large 6Eggs,$4.99,In Stock,/collections/all/products/sunshine-farms-pasture-raised-medium-frade-a-heirloom-blue-half-dozen-eggs,2025-11-28 16:31:56
Sunshine Farms Pasture-Raised Organic Grade A Large Brown One Dozen,$9.49,In Stock,/collections/all/products/sunshine-farms-pasture-raised-organic-grade-a-large-brown-one-dozen,2025-11-28 16:31:56
Sunshine Farms Pasture-Raised Grade A Large Brown One Dozen Eggs,$6.99,In Stock,/collections/all/products/sunshine-farms-pasture-raised-grade-a-large-brown-one-dozen-eggs,2025-11-28 16:31:56
Sunshine Farms Grade A Cage Free Organic Jumbo Brown One Dozen Eggs,$9.49,In Stock,/collections/all/products/sunshine-farms-grade-a-cage-free-organic-jumbo-brown-one-dozen-eggs,2025-11-28 16:31:56
Sunshine Farms Cage Free Extra Large Half Dozen Brown Eggs,$5.99,In Stock,/collections/all/products/sunshine-farms-cage-free-extra-large-half-dozen-brown-eggs,2025-11-28 16:31:56
Sunshine Farms Grade A Large White One Dozen Eggs,$6.79,In Stock,/collections/all/products/sunshine-farm-grade-a-large-one-dozen-eggs,2025-11-28 16:31:56
Sunshine Farms Cage Free Jumbo Half Dozen Brown Eggs,$6.49,In Stock,/collections/all/products/sunshine-farm-cage-free-jumbo-half-dozen-brown-eggs,2025-11-28 16:31:56
Kewpie Yuzu & Kosho Dressing 8fl.oz,$7.79,In Stock,/collections/all/products/kewpie-yuzu-kosho-dressing-8fl-oz,2025-11-28 16:31:56
Haidilao Spicy Flavor Green Chili Hot Pot Seasoning 7.1oz,$5.49,In Stock,/collections/all/products/haidilao-spicy-flavor-green-chili-hot-pot-seasoning-7-1oz,2025-11-28 16:31:56
Haidilao Broth Flavor Hot Pot Seasonning 3.9oz,$6.79,In Stock,/collections/all/products/haidilao-broth-flavor-hot-pot-seasonning-3-9oz,2025-11-28 16:31:56
Lee Kum Kee Laksa Soup Base 7oz,$5.49,In Stock,/collections/all/products/lee-kum-kee-laksa-soup-base-7oz,2025-11-28 16:31:56
Lee Kum Kee Soup Base for Pork Bone Soup Hot Pot 7oz,$7.29,In Stock,/collections/all/products/lee-kum-kee-soup-base-for-pork-bone-soup-hot-pot-7oz,2025-11-28 16:31:56
Taekyung Red Pepper Powder Fine 1lb,$12.29,In Stock,/collections/all/products/taegyung-red-pepper-powder-fine-1lb,2025-11-28 16:31:56
Haidilao Mushroom Hot Pot Soup Base 5.3oz,$6.79,In Stock,/collections/all/products/haidilao-mushroom-flavor-hot-pot-seasoning-5-3oz,2025-11-28 16:31:56
Haidilao Scallop Shrimp Soup Hot Pot Sauce 7.1oz,$5.49,In Stock,/collections/all/products/haidilao-shrimp-soup-hot-pot-sauce-7-1oz,2025-11-28 16:31:56
Haidilao Spicy Hot Pot Soup Base 7.8oz,$6.79,In Stock,/collections/all/products/haidilao-spicy-hot-pot-sauce-7-8oz,2025-11-28 16:31:56
Ottogi Cut Dried Seaweed 1.76oz,$8.29,In Stock,/collections/all/products/ottogi-cut-dried-seaweed-1-76oz,2025-11-28 16:31:56
"Choripdong Dried Kelp, Sliced 4oz",$6.29,In Stock,/collections/all/products/choripdong-dried-kelpsliced-4oz,2025-11-28 16:31:56
Choripdong Red Pepper Powder Fine 200g,$6.79,In Stock,/collections/all/products/choripdong-red-pepper-powder-fine-200g,2025-11-28 16:31:56
Choripdong Sunflower Oil Roasted Laver 3 packs x 0.88oz,$7.29,In Stock,/collections/all/products/choripdong-sunflower-oil-roasted-laver-3-packs-x-0-88oz,2025-11-28 16:31:56
Choripdong Cornish Hen Soup Preparation 10oz,$6.79,In Stock,/collections/all/products/choripdong-cornish-hen-preparation-10oz,2025-11-28 16:31:56
"Choripdong Grape Oil Roasted Laver 3 packs x 0.88oz, 2.64oz",$7.29,In Stock,/collections/all/products/choripdong-grape-oil-roasted-laver-3-packs-x-0-88oz-2-64oz,2025-11-28 16:31:56
Choripdong Fresh Noodle Udon Jjajang 2.2lb,$5.49,In Stock,/collections/all/products/choripdong-fresh-noodle-udon-jjajang-2-2lb,2025-11-28 16:31:56
"Solo Squared Plastic Cups 18oz , 50 Count",$12.99,In Stock,/collections/all/products/solo-squared-plastic-cups-18oz-50-count,2025-11-28 16:31:56
Vekoo Check-Pattern Stainless Chopsticks 5 Pairs,$9.99,In Stock,/collections/all/products/vekoo-check-pattern-stainless-chopsticks-5-pairs,2025-11-28 16:31:56
I Love My Kitchen Bamboo Chopsticks Set 5 Pairs,$3.99,In Stock,/collections/all/products/i-love-my-kitchen-bamboo-chopsticks-set-5-pairs,2025-11-28 16:31:56
Cleanwrap Clean Paper Foil (25cmx20m),$9.49,In Stock,/collections/all/products/cleanwrap-clean-paper-foil-25cm-x-20m,2025-11-28 16:31:56
Wang Wooden Chopsticks 100 Pairs,$4.99,In Stock,/collections/all/products/wang-wooden-chopsticks-100-pairs,2025-11-28 16:31:56
Nishiki Quick Cooking Whole Grain Brown Rice 5lb,$16.99,In Stock,/collections/all/products/nishiki-quick-cooking-brown-rice-5lb,2025-11-28 16:31:56
"Choripdong Dried Pollock, Sliced 8oz",$17.79,In Stock,/collections/all/products/choripdong-dried-pollock-sliced-8oz,2025-11-28 16:31:56
Way Fong Pork Shrimp Dumpling 24oz,$10.49,In Stock,/collections/all/products/way-fong-pork-shrimp-dumpling-24oz,2025-11-28 16:31:56
Wei-Chuan Chicken Mini Bun 20oz,$9.49,In Stock,/collections/all/products/wei-chuan-chicken-mini-bun-20oz,2025-11-28 16:31:56
Wei-Chuan Pork Mini Buns Crab Meat Added 20oz,$9.49,In Stock,/collections/all/products/wei-chuan-pork-mini-buns-crab-meat-20oz,2025-11-28 16:31:56
Spicy King Hotpot Sauce 8oz,$4.49,In Stock,/collections/all/products/spicy-king-hotpot-sauce-8oz,2025-11-28 16:31:56
Lee Kum Kee Sa Cha Sauce 7oz,$7.79,In Stock,/collections/all/products/lee-kum-kee-sa-cha-sauce-7oz,2025-11-28 16:31:56
Pearl River Bridge Golden Label Superior Light Soy Sauce 500ml,$6.79,In Stock,/collections/all/products/pearl-river-bridge-golden-label-superior-light-soy-sauce-500ml,2025-11-28 16:31:56
"Solo Paper Plates 6.785in (17.4cm), 48 Count",$6.99,In Stock,/collections/all/products/solo-paper-plates-6-785-in-17-4cm-48-count,2025-11-28 16:31:56
Azuma Organic Natto 135.6g,$4.49,In Stock,/collections/all/products/azuma-organic-natto-135-6g,2025-11-28 16:31:56
Hansang Spicy Sausage and Vegetable Soup 550g,$14.29,In Stock,/collections/all/products/hansang-spicy-sausage-and-vegetable-soup-550g,2025-11-28 16:31:56
Surasang Kimchi Gyoza 16oz,$5.49,In Stock,/collections/all/products/surasang-kimchi-gyoza-16oz,2025-11-28 16:31:56
Chung Jung One Soy Sauce Jorim 500ml,$8.79,In Stock,/collections/all/products/chungjungone-soy-sauce-jorim-500ml,2025-11-28 16:31:56
Ottogi Gold Mayonnaise 500g,$12.29,In Stock,/collections/all/products/ottogi-gold-mayonnaise-500g,2025-11-28 16:31:56
Kikkoman Whole Beans Soy Sauce 17oz,$10.49,In Stock,/collections/all/products/kikkoman-whole-beans-soy-sauce-17oz,2025-11-28 16:31:56
Wei-Chuan Pork & Leek Mini Bun 20oz,$9.49,In Stock,/collections/all/products/wei-chuan-pork-leek-mini-bun-20oz,2025-11-28 16:31:56
Bull-Dog Vegetable & Fruit Sauce (Semi Sweet) 10.1oz,$5.49,In Stock,/collections/all/products/bull-dog-vegetable-fruit-sauce-semi-sweet-10-1oz,2025-11-28 16:31:56
Kikkoman Ponzu Soy Sauce 10oz,$5.49,In Stock,/collections/all/products/kikkoman-ponzu-soy-sauce-10oz,2025-11-28 16:31:56
Maggi Europe Seasoning Sauce 6.7oz,$8.79,In Stock,/collections/all/products/maggi-europe-seasoning-sauce-6-7oz,2025-11-28 16:31:56
Heinz Tomato Ketchup No Sugar Added 13oz,$6.29,In Stock,/collections/all/products/heinz-tomato-ketchup-no-sugar-added-13oz,2025-11-28 16:31:56
AGF Black in Box Roasting Assorted 0.5oz,$6.79,In Stock,/collections/all/products/agf-maxim-assorted-roasted-0-5oz,2025-11-28 16:31:56
"Greenmax Yam & Mixed Cereal 12 sachets x 30g, 12.7oz",$9.49,In Stock,/collections/all/products/greenmax-yam-mixed-cereal-12-sachets-x-30g-12-7oz,2025-11-28 16:31:56
O! Grain Premium Organic Sweet Rice 3.5lb,$22.99,In Stock,/collections/all/products/o-grain-premium-organic-sweet-rice-3-5lb,2025-11-28 16:31:56
Baekseami Rice 4.4lb,$18.79,In Stock,/collections/all/products/baekseami-rice-4-4lb,2025-11-28 16:31:56
Choripdong Soy Bean 2lb,$5.49,In Stock,/collections/all/products/choripdong-soy-bean-2lb,2025-11-28 16:31:56
Choripdong Whole Mung Bean 2lb,$8.29,In Stock,/collections/all/products/choripdong-whole-mung-bean-2lb-1,2025-11-28 16:31:56
Endico Frozen Green Peas 2.5lb,$6.29,In Stock,/collections/all/products/endico-frozen-green-peas-2-5lb,2025-11-28 16:31:56
"Surasang Organic Green Tea with Roasted Brown Rice 50 Tea Bags X 1.2g, 2.12oz",$9.99,In Stock,/collections/all/products/surasang-organic-green-tea-with-roasted-brown-rice-50-tea-bags-x-1-2g-2-12oz,2025-11-28 16:31:56
"Surasang Organic Green Tea 50 Tea Bags x 1.2g, 2.12oz",$10.49,In Stock,/collections/all/products/surasang-organic-green-tea-50-tea-bags-x-1-2g-2-21oz,2025-11-28 16:31:56
Wei-Chuan Frozen Mustard Green Mix 1lb,$4.99,In Stock,/collections/all/products/wei-chuan-frozen-mustard-green-mix-1lb,2025-11-28 16:31:56
Wei-Chuan Frozen Mustard Green 1lb,$4.49,In Stock,/collections/all/products/wei-chuan-frozen-mustard-green-1lb,2025-11-28 16:31:56
Choripdong Black Sweet Rice 2lb,$9.49,In Stock,/collections/all/products/choripdong-black-sweet-rice-2lb,2025-11-28 16:31:56
Choripdong Whole Barley 2lb,$6.79,In Stock,/collections/all/products/choripdong-whole-barley-2lb,2025-11-28 16:31:56
Yamamotoyama Organic Oolong Premium Tea 1.2oz,$9.99,In Stock,/collections/all/products/yamamotoyama-organic-oolong-tea-1-2oz,2025-11-28 16:31:56
Shirakiku Matcha Green Tea Powder 400g,$30.79,In Stock,/collections/all/products/shirakiku-matcha-green-tea-powder-400g,2025-11-28 16:31:56
Pocas Honey Ginger Tea Original 12.7oz,$6.29,In Stock,/collections/all/products/pocas-honey-ginger-tea-original-12-7oz,2025-11-28 16:31:56
Maxim White Gold Coffee Mix 234g,$9.99,In Stock,/collections/all/products/maxim-white-gold-coffee-mix-234g,2025-11-28 16:31:56
"Maxim Original Coffee Mix 20 Sticks, 236g",$7.79,In Stock,/collections/all/products/maxim-original-coffee-mix-236g,2025-11-28 16:31:56
Orga Land Organic Seasoned Sea Snack 60g,$10.99,In Stock,/collections/all/products/orga-land-organic-seasoned-sea-snack-60g,2025-11-28 16:31:56
Sempio Liquid Seasoning Light 320g,$11.79,In Stock,/collections/all/products/sempio-liquid-seasoning-light-320g,2025-11-28 16:31:56
Sempio Liquid Seasoning 275ml,$11.79,In Stock,/collections/all/products/sempio-liquid-seasoning-275ml,2025-11-28 16:31:56
Marukan Seasoned Gourmet Rice Vinegar Sweet & Tangy Flavor 12fl.oz,$5.49,In Stock,/collections/all/products/marukan-seasoned-gourmet-rice-vinegar-sweet-tangy-flavor-12fl-oz,2025-11-28 16:31:56
Mae Ploy Sweet Chilli Sauce 12oz,$4.49,In Stock,/collections/all/products/mae-ploy-sweet-chilli-sauce-12oz,2025-11-28 16:31:56
Kikkoman Oyster Flavored Sauce Gluten Free 12.6oz,$3.99,In Stock,/collections/all/products/kikkoman-oyster-flavored-sauce-gluten-free-12-6oz,2025-11-28 16:31:56
Jinmi Black Bean Paste Smoky 300g,$3.99,In Stock,/collections/all/products/jin-mi-black-bean-paste-smoky-300g,2025-11-28 16:31:56
Choripdong Red Pepper Powder Coarse 200g,$6.79,In Stock,/collections/all/products/choripdong-red-pepper-powder-coarse-200g,2025-11-28 16:31:56
Choripdong Korean Bbq for Pork Collar Butts 1.1lb,$5.49,In Stock,/collections/all/products/choripdong-korean-bbq-for-pork-collar-butts-1-1lb,2025-11-28 16:31:56
Choripdong Korean Bbq Sauce for Sliced Short Rib 1.1lb,$5.49,In Stock,/collections/all/products/choripdong-korean-bbq-sauce-for-sliced-short-rib-1-1lb,2025-11-28 16:31:56
Choripdong Korean Bbq Sauce for Sliced Beef Rib Eye 1.1lb,$5.49,In Stock,/collections/all/products/choripdong-korean-bbq-sauce-for-sliced-beef-rib-eye-1-1lb,2025-11-28 16:31:56
Chung Jung One Soy Sauce for Soup 840ml,$9.99,In Stock,/collections/all/products/chungjungone-soy-sauce-for-soup-840ml,2025-11-28 16:31:56
Chung Jung One Classic Soy Sauce 500ml,$7.29,In Stock,/collections/all/products/chungjungone-classic-soy-sauce-500ml,2025-11-28 16:31:56
Jongga Seasoned Dried Radish 200g,$9.99,In Stock,/collections/all/products/jongga-seasoned-dried-radish-200g,2025-11-28 16:31:56
Jongga Sesame Leaf 200g,$11.99,In Stock,/collections/all/products/jongga-sesame-leaf-200g,2025-11-28 16:31:56
Jongga Gat Kimchi 500g,$12.99,In Stock,/collections/all/products/jongga-gat-kimchi-500g,2025-11-28 16:31:56
Daifuku Frozen Parfried Fish Cake 1.38lb,$14.29,In Stock,/collections/all/products/daifuku-frozen-parfried-fish-cake-1-38lb,2025-11-28 16:31:56
Hansang Kimchi Big Gyoza Dumpling 700g,$9.49,In Stock,/collections/all/products/hansang-kimchi-big-gyoza-dumpling-700g,2025-11-28 16:31:56
Meiji Hello Panda Vanilla 258g,$10.49,In Stock,/collections/all/products/meiji-hello-panda-vanilla-258g,2025-11-28 16:31:56
Jinga Kabocha Porridge(S) 14oz,$5.29,In Stock,/collections/all/products/jinga-pumpkin-porridges-14oz,2025-11-28 16:31:56
Jinga Seasoned Dried Radish(S) 4oz,$5.99,In Stock,/collections/all/products/jinga-seasoned-radishs-4oz,2025-11-28 16:31:56
Roasted Sweet Potato,$5.99,In Stock,/collections/all/products/roasted-sweet-potato,2025-11-28 16:31:56
Cheese Kimbap,$9.49,In Stock,/collections/all/products/cheese-kimbap,2025-11-28 16:31:56
Chicken Mayo Rice Bowl,$12.99,In Stock,/collections/all/products/chicken-mayo-ball,2025-11-28 16:31:56
Berkshire Belly 6mm Sliced 0.65lb,$14.79,In Stock,/collections/all/products/h-mart-berkshire-belly-6mm-sliced,2025-11-28 16:31:56
Marinated Pork Belly,$12.99,In Stock,/collections/all/products/h-mart-marinited-pork-belly,2025-11-28 16:31:56
Haidilao Spicy Sauce for Stir Fry 7.8oz,$5.49,In Stock,/collections/all/products/haidilao-spicy-sauce-for-stir-fry-7-8oz,2025-11-28 16:31:56
Haidilao Tomato Flavor Hot Pot Seasoning 7.1oz,$7.49,In Stock,/collections/all/products/haidilao-hot-pot-seasoning-tomato-7-1oz,2025-11-28 16:31:56
Natural Pork Belly 6mm Sliced 0.6lb,$11.99,In Stock,/collections/all/products/h-mart-natural-porkbelly-6mm-sliced,2025-11-28 16:31:56
Long Kow Sliced Noodles 10.5oz,$6.79,In Stock,/collections/all/products/longkow-sliced-noodles-10-5oz,2025-11-28 16:31:56
Long Kow Broad Threads Noodles 6.3oz,$6.79,In Stock,/collections/all/products/longkow-broad-threads-noodles-6-3oz,2025-11-28 16:31:56
Long Kow Cellophane Noodles 6.3oz,$6.79,In Stock,/collections/all/products/longkow-cellophane-noodles-6-3oz,2025-11-28 16:31:56
Sunshine Farms Cage Free Organic Large Brown Half Dozen Eggs,$5.99,In Stock,/collections/all/products/sunshine-farms-cage-free-organic-large-brown-half-dozen-eggs,2025-11-28 16:31:56
General Mills Golden Grahams Treats S'Mores 8.48oz,$7.79,In Stock,/collections/all/products/general-mills-golden-grahams-treats-smores-8-48oz,2025-11-28 16:31:56
Kellogg's Corn Flakes 12oz,$11.99,In Stock,/collections/all/products/kelloggs-corn-flakes-12oz,2025-11-28 16:31:56
Honey Nut Cheerios Treats 8 Bars x 24g,$7.79,In Stock,/collections/all/products/honey-nut-cheerios-treats-8-bars-x-24g,2025-11-28 16:31:56
Spicy Chicken Inari,$7.49,In Stock,/collections/all/products/spicy-chicken-inari,2025-11-28 16:31:56
Mushrooms Saute Inari,$6.49,In Stock,/collections/all/products/mushrooms-saute-inari,2025-11-28 16:31:56
Bulgogi Inari,$7.49,In Stock,/collections/all/products/bulgogi-inari,2025-11-28 16:31:56
Spicy Bulgogi Inari,$7.49,In Stock,/collections/all/products/spicy-bulgogi-inari,2025-11-28 16:31:56
Milkita Fruity Mix Lollipop 4.06oz,$3.79,In Stock,/collections/all/products/milkita-fruity-mix-lollipop-4-06oz,2025-11-28 16:31:56
Milkita Neapolitan Mix Candy 120g,$3.79,In Stock,/collections/all/products/milkita-neapolitan-mix-candy-160g,2025-11-28 16:31:56
Irvins Salted Egg Potato Chips 105g,$15.99,In Stock,/collections/all/products/irvins-salted-egg-potato-chips-105g,2025-11-28 16:31:56
Nobel Super Cola Candy 3.1oz,$4.99,In Stock,/collections/all/products/nobel-super-cola-candy-3-1oz,2025-11-28 16:31:56
Ktown Dukboki Original 1.32lb,$9.49,In Stock,/collections/all/products/ktown-dukboki-original-1-32lb,2025-11-28 16:31:56
88 Rice Cake Extremely Spicy 1.23lb,$8.79,In Stock,/collections/all/products/88-rice-cake-extremely-spicy-1-23lb,2025-11-28 16:31:56
Hansang Green Onion Pancake with Seafood 15.87oz,$8.79,In Stock,/collections/all/products/hansang-green-onion-pancake-with-seafood-15-87oz,2025-11-28 16:31:56
Lotte Foods Crispy Crunch Hotdog 10.6oz,$11.79,In Stock,/collections/all/products/lotte-foods-crispy-crunch-hotdog-10-6oz,2025-11-28 16:31:56
Lotte Mozzarella Cheese & Potato Hotdog 11.2oz,$12.19,In Stock,/collections/all/products/lotte-mozzarella-cheese-potato-hotdog-11-2oz,2025-11-28 16:31:56
CJ Bibigo Glass Noodles with Vegetables and Mushrooms 20.8oz,$13.99,In Stock,/collections/all/products/cj-bibigo-glass-noodles-with-vegetables-and-mushrooms-20-8oz,2025-11-28 16:31:56
CJ Bibigo Shrimp Fried Rice 15.87oz,$12.29,In Stock,/collections/all/products/cj-bibigo-shrimp-fried-rice-15-87oz,2025-11-28 16:31:56
China Sea Maifun Bean Threads 6oz,$4.49,In Stock,/collections/all/products/chinasea-maifun-bean-threads-6oz,2025-11-28 16:31:56
Jongga Aged Fermented Kimchi 17.6oz,$12.19,In Stock,/collections/all/products/jongga-aged-fermented-kimchi-17-6oz,2025-11-28 16:31:56
Havista Premium Green Bean Sheet Stripe 8oz,$4.99,In Stock,/collections/all/products/havista-premium-green-bean-sheet-stripe-8oz,2025-11-28 16:31:56
Chung Soo Bibim Naengmyeon Oriental Style Noodle 25.40oz,$7.29,In Stock,/collections/all/products/chung-soo-bibim-naengmyeon-oriental-style-noodle-25-40oz,2025-11-28 16:31:56
Dongwon Sweet Potato Vermicelli 400g,$10.49,In Stock,/collections/all/products/dongwon-sweet-potato-vermicelli-400g,2025-11-28 16:31:56
Wang Korea Sweet Potato Starch Noodle 12oz,$6.29,In Stock,/collections/all/products/wang-korea-sweet-potato-starch-noodle-12oz,2025-11-28 16:31:56
Ottogi Wheat Noodle Regular Round 900g,$10.99,In Stock,/collections/all/products/ottogi-wheat-noodle-regular-round-900g,2025-11-28 16:31:56
Surasang Sweet Potato Starch Noodle 12oz,$6.29,In Stock,/collections/all/products/surasang-sweet-potato-starch-noodle-340g,2025-11-28 16:31:56
Hansang Leek Pancake 15.87oz,$8.79,In Stock,/collections/all/products/hansang-leek-pancake-450g,2025-11-28 16:31:56
Way Fong Chinese Brand Pork & Mushroom Dumpling 24oz,$9.99,In Stock,/collections/all/products/way-fong-chinese-brand-pork-mushroom-dumpling-24oz,2025-11-28 16:31:56
Choripdong Handmade Dumpling Kimchi 2.64lb,$10.49,In Stock,/collections/all/products/choripdong-handmade-dumpling-kimchi-2-64lb,2025-11-28 16:31:56
Synear Pork Dumpling with Shrimp Flavored 454g,$7.29,In Stock,/collections/all/products/synear-pork-dumpling-with-shrimp-flavored-454g,2025-11-28 16:31:56
Jinga Seasoned Dried Squid 7oz,$12.49,In Stock,/collections/all/products/jinga-seasoned-sliced-squid-7-oz,2025-11-28 16:31:56
Morinaga Hi-Chew Banana 1.76oz,$1.69,In Stock,/collections/all/products/morinaga-hi-chew-banana-1-76oz,2025-11-28 16:31:56
Jongga Green Onion Kimchi (Pa Kimchi) 300g,$14.29,In Stock,/collections/all/products/jongga-green-onion-kimchi-500g,2025-11-28 16:31:56
Jongga Young Radish Leaves Kimchi (Yeolmu Kimchi) 500g,$13.19,In Stock,/collections/all/products/jongga-young-radish-leaves-kimchi-500g,2025-11-28 16:31:56
Jongga Whole Radish Kimchi (Chonggak Kimchi) 500g,$13.19,In Stock,/collections/all/products/tobagi-whole-radish-kimchi-500g,2025-11-28 16:31:56
Tobagi Country Style Sliced Kimchi 26oz (737g),$14.99,In Stock,/collections/all/products/tobagi-country-style-sliced-kimchi-26oz,2025-11-28 16:31:56
CJ Bibigo Radish Kimchi 450g,$13.19,In Stock,/collections/all/products/cj-bibigo-radish-kimchi-450g,2025-11-28 16:31:56
Tai Mung Bean Sheet Jelly(S) 6.3oz,$3.29,In Stock,/collections/all/products/tai-mung-bean-vermicelli-extra-flat-6-3oz,2025-11-28 16:31:56
Long Kow Ichi Ban Soul Q Noodles 10.5oz,$6.79,In Stock,/collections/all/products/longkow-ichi-ban-soul-q-noodles-10-5-oz,2025-11-28 16:31:56
Kopiko Coffee Candy 4.23oz,$2.09,In Stock,/collections/all/products/kopiko-coffee-candy-4-23-oz,2025-11-28 16:31:56
Kasugai Mango Gummy Candy 3.59oz,$3.79,In Stock,/collections/all/products/kasugai-mango-gummy-candy-3-59-oz,2025-11-28 16:31:56
China Sea Peeled Whole Water Chestnuts 8oz,$3.29,In Stock,/collections/all/products/china-sea-peeled-whole-water-chestnuts-8-oz,2025-11-28 16:31:56
Shirakiku Canned Seasoned Fried Bean Curd 10oz,$7.79,In Stock,/collections/all/products/shirakiku-canned-seasoned-fried-bean-curd-10-0z,2025-11-28 16:31:56
Sempio Canned Braised Black Bean 70g,$5.49,In Stock,/collections/all/products/sempio-canned-braised-black-bean-70g,2025-11-28 16:31:56
Palm Corned Beef with Juices 11.5oz,$10.99,In Stock,/collections/all/products/palm-corned-beef-with-juices-11-5-oz,2025-11-28 16:31:56
La Morena Pickled Jalapeno Nacho Slices 13.13oz,$3.29,In Stock,/collections/all/products/la-morena-pickled-jalapeno-nacho-slices-13-13-oz,2025-11-28 16:31:56
Kitchen Basics Original Seafood Stock for Cooking 32oz,$6.29,In Stock,/collections/all/products/kitchen-basics-original-seafood-stock-for-cooking-32-oz,2025-11-28 16:31:56
Kitchen Basics Original Turkey Stock for Cooking 32oz,$6.29,In Stock,/collections/all/products/kitchen-basics-original-turkey-stock-for-cooking-32-oz,2025-11-28 16:31:56
Sclafani White Beans 15.5oz,$2.79,In Stock,/collections/all/products/sclafani-white-beans-15-5-oz,2025-11-28 16:31:56
Sclafani Red Kidney Beans 15.5oz,$2.79,In Stock,/collections/all/products/sclafani-red-kidney-beans-15-5-oz,2025-11-28 16:31:56
Sclafani Spanish Manzanilla Olives Stuffed with Minced Pimento 5.75oz,$4.49,In Stock,/collections/all/products/sclafani-manzanilla-olives-stuffed-with-minced-pimento-5-75-oz,2025-11-28 16:31:56
Shirakiku Mandarin Orange in Light Syrup 11oz,$3.29,In Stock,/collections/all/products/shirakiku-mandarin-orange-in-light-syrup-11-oz,2025-11-28 16:31:56
Shirakiku Sweetened Red Bean 7.4oz,$5.49,In Stock,/collections/all/products/shirakiku-sweetened-red-bean-7-4-oz,2025-11-28 16:31:56
Mantova Organic Penne Rigate 1lb,$4.99,In Stock,/collections/all/products/mantova-organic-penne-rigate-1lb,2025-11-28 16:31:56
Spam Jalapeno 12oz,$7.29,In Stock,/collections/all/products/spam-jalapeno-12-oz,2025-11-28 16:31:56
Spam with Real Hormel Bacon 12oz,$7.29,In Stock,/collections/all/products/spam-with-real-hormel-bacon-12-oz,2025-11-28 16:31:56
Spam Hot & Spicy 12oz,$7.29,In Stock,/collections/all/products/spam-hot-spicy-12-oz,2025-11-28 16:31:56
Spam Oven Roasted Turkey 12oz,$6.79,In Stock,/collections/all/products/spam-oven-roasted-turkey-12-oz,2025-11-28 16:31:56
Spam Hickory Smoke Flavored 12oz,$6.79,In Stock,/collections/all/products/spam-hickory-smoke-flavored-12-oz,2025-11-28 16:31:56
Hunt's Tomato Paste 15oz,$3.99,In Stock,/collections/all/products/hunts-tomato-paste-15-oz,2025-11-28 16:31:56
Hunt's Tomato Paste 12oz,$4.99,In Stock,/collections/all/products/hunts-tomato-paste-12-oz,2025-11-28 16:31:56
Eden Organic Black Beans No Salt Added 15oz,$4.99,In Stock,/collections/all/products/eden-organic-black-beans-no-salt-added-15-oz,2025-11-28 16:31:56
Eden Organic Garbanzo Beans No Salt Added 15oz,$4.99,In Stock,/collections/all/products/eden-organic-garbanzo-beans-no-salt-added-15-oz,2025-11-28 16:31:56
Eden Organic Pinto Beans 13.13oz,$4.99,In Stock,/collections/all/products/eden-organic-pinto-beans-no-salt-added-15-oz,2025-11-28 16:31:56
De Cecco Farfalle No. 93 1lb,$4.49,In Stock,/collections/all/products/de-cecco-farfalle-no-93-1lb,2025-11-28 16:31:56
De Cecco Angel Hair No. 9 1lb,$4.49,In Stock,/collections/all/products/de-cecco-angel-hair-no-9-1lb,2025-11-28 16:31:56
Heinz Sweet Relish 10fl.oz,$3.29,In Stock,/collections/all/products/heinz-sweet-relish-10-fl-oz,2025-11-28 16:31:56
Jinga Seafood and Scallion Pancakes 12oz,$7.99,In Stock,/collections/all/products/jinga-seafood-and-scallion-pancakes-12oz,2025-11-28 16:31:56
Sekka Premium Medium Grain Rice 15lb,$25.99,In Stock,/collections/all/products/sekka-premium-medium-grain-rice-15lbs,2025-11-28 16:31:56
Realime 100% Lime Juice 8oz,$3.29,In Stock,/collections/all/products/realime-100-lime-juice-240ml,2025-11-28 16:31:56
Dongwon Vegetable Tuna 135g,$4.99,In Stock,/collections/all/products/dongwon-vegetable-tuna-150g,2025-11-28 16:31:56
Yoodong Canned Cockle 280g,$8.79,In Stock,/collections/all/products/yoodong-canned-cockle-280g,2025-11-28 16:31:56
Dongwon Canned Pacific Saury 400g,$7.29,In Stock,/collections/all/products/dongwon-canned-pacific-saury-400g,2025-11-28 16:31:56
China Sea Peeled Sliced Bamboo Shoots in Water 8oz,$3.29,In Stock,/collections/all/products/china-sea-peeled-sliced-bamboo-shoots-in-water-226g,2025-11-28 16:31:56
Yoodong Canned Mackerel 400g,$4.49,In Stock,/collections/all/products/yoodong-canned-mackerel-400g,2025-11-28 16:31:56
Dongwon Canned Whelk (Hot) 400g,$11.79,In Stock,/collections/all/products/dongwon-canned-whelkhot-400g,2025-11-28 16:31:56
Maxim Kanu Dark Roast Americano 48g,$21.99,In Stock,/collections/all/products/maxim-kanu-dark-roast-americano-48g,2025-11-28 16:31:56
AGF Blendy Cafe Latory Milk Cafe Latte 80g,$6.79,In Stock,/collections/all/products/agf-blendy-cafe-latory-milk-cafe-latte-80g,2025-11-28 16:31:56
Koshihikari Premium Sushi Rice 4.4lb,$16.49,In Stock,/collections/all/products/koshihikari-premium-sushi-rice-4-4lb,2025-11-28 16:31:56
Nissui Light Tuna Flake in Oil 80g x 3 pcs,$12.29,In Stock,/collections/all/products/nissui-light-tuna-flake-in-oil-80g-x-3-pcs,2025-11-28 16:31:56
Dongwon D.H.A Tuna 135g,$4.99,In Stock,/collections/all/products/dongwon-d-h-a-tuna-150g,2025-11-28 16:31:56
Dongwon Tuna Light Standard 250g,$5.49,In Stock,/collections/all/products/dongwon-tuna-light-standard-250g,2025-11-28 16:31:56
Haio Canned Whelk 14.1oz,$10.99,In Stock,/collections/all/products/haio-canned-whelk-400g,2025-11-28 16:31:56
Thai Kitchen Coconut Milk Unsweetened 13.66oz,$6.29,In Stock,/collections/all/products/thai-kitchen-coconut-milk-unsweetened-403ml,2025-11-28 16:31:56
Thai Kitchen Coconut Cream Unsweetened 13.66oz,$8.79,In Stock,/collections/all/products/thai-kitchen-coconut-cream-unsweetened-403ml,2025-11-28 16:31:56
Chef's Choice Coconut Milk 13.5oz,$4.49,In Stock,/collections/all/products/chefs-choice-coconut-milk-400ml,2025-11-28 16:31:56
Shirakiku Coconut Milk 13.5oz,$3.99,In Stock,/collections/all/products/shirakiku-coconut-milk-400ml,2025-11-28 16:31:56
Shirakiku Cut Young Corn 15oz,$3.99,In Stock,/collections/all/products/shirakiku-cut-young-corn-425g,2025-11-28 16:31:56
Nestle Carnation Evaporated Milk 12oz,$4.49,In Stock,/collections/all/products/nestle-carnation-evaporated-milk-354ml,2025-11-28 16:31:56
Nissui Mackerel in Soybean Paste 6.7oz,$4.99,In Stock,/collections/all/products/nissui-mackerel-in-soybean-paste-190g,2025-11-28 16:31:56
Nissui Salmon Flakes (Dry Pack) 110g,$12.79,In Stock,/collections/all/products/nissui-salmon-flakes-dry-pack-110g,2025-11-28 16:31:56
Sempio Canned Braised Anchovies in Soy Sauce 50g,$6.29,In Stock,/collections/all/products/sempio-canned-braised-anchovies-in-soy-sauce-50g,2025-11-28 16:31:56
Kasugai Frutia Kiwi Fruit Gummy Candy 3.77oz,$4.99,In Stock,/collections/all/products/kasugai-frutia-kiwi-fruit-gummy-candy-107g,2025-11-28 16:31:56
Euro Classic Authentic French Brioche Hot Dog Buns 9.52oz,$5.99,In Stock,/collections/all/products/euro-classic-authentic-french-brioche-hot-dog-buns-270g,2025-11-28 16:31:56
Kikkoman Manjo Aji-Mirin Sweet Cooking Rice Seasoning 10oz,$6.79,In Stock,/collections/all/products/kikkoman-manjo-aji-mirin-sweet-cooking-rice-seasoning-300ml,2025-11-28 16:31:56
Wang Seafood Mix 14oz,$10.99,In Stock,/collections/all/products/wang-seafood-mix-397g,2025-11-28 16:31:56
Nishiki Premium Grade Rice 10lb,$22.99,In Stock,/collections/all/products/nishiki-premium-grade-rice-10lb,2025-11-28 16:31:56
Wei-Pac Lo Mein Egg Noodles 283g,$2.79,In Stock,/collections/all/products/welpac-lo-mein-egg-noodles-283g,2025-11-28 16:31:56
Organic Fuji Apple 1 Each,$2.79,In Stock,/collections/all/products/organic-fuji-apple-1-each,2025-11-28 16:31:56
Uni,$24.99,In Stock,/collections/all/products/h-mart-uni,2025-11-28 16:31:56
Madhava Organic Amber Agave 11.75oz,$8.29,In Stock,/collections/all/products/madhava-organic-amber-agave,2025-11-28 16:31:56
Madhava Organic Light Agave 11.75oz,$8.29,In Stock,/collections/all/products/madhava-organic-light-agave-11-75oz-1,2025-11-28 16:31:56
Beksul Korean style noodle(Somen) 900g,$8.79,In Stock,/collections/all/products/cj-cheiljemyunso-korean-style-noodlesomen-900g,2025-11-28 16:31:56
Gold Kili Instant Honey Ginger Tea 10 Sachets x 18g,$6.29,In Stock,/collections/all/products/gold-kili-instant-honey-ginger-tea-10-sachets-x-18g,2025-11-28 16:31:56
Haio Seasoned Bean Paste 1.1lb,$4.49,In Stock,/collections/all/products/haio-seasoned-bean-paste-500g,2025-11-28 16:31:56
Haio Jeju Hallabong Tea 2.2lb,$11.79,In Stock,/collections/all/products/haio-jeju-hallabong-tea-2-2lb,2025-11-28 16:31:56
Ito En Green Tea 5.3oz,$15.49,In Stock,/collections/all/products/ito-en-green-tea-150g,2025-11-28 16:31:56
Pulmuone Juicy Dumplings with Pork and Vegetables 600g,$15.99,In Stock,/collections/all/products/pulmuone-juicy-dumplings-with-pork-and-vegetables-600g,2025-11-28 16:31:56
Havista Shanghai Yangchun Noodles 38.8oz,$10.49,In Stock,/collections/all/products/havista-shanghai-yangchun-noodles-38-8oz,2025-11-28 16:31:56
Squid Brand Fish Sauce 725ml,$4.99,In Stock,/collections/all/products/squid-brand-fish-sauce-725ml,2025-11-28 16:31:56
Dynasty Chinese Restaurant Tea 32g,$4.99,In Stock,/collections/all/products/dynasty-chinese-restaurant-tea-32g,2025-11-28 16:31:56
Sukina Japanese Style Noodle 3lb,$12.29,In Stock,/collections/all/products/sukina-japanese-style-noodle-3lb,2025-11-28 16:31:56
Dynasty Jasmine Rice 5lb,$12.99,In Stock,/collections/all/products/dynasty-jasmine-rice-5lbs,2025-11-28 16:31:56
Koshihikari Sunshine Moonlight Premium Sushi Rice 2lb,$8.29,In Stock,/collections/all/products/koshihikari-sunshine-moonlight-premium-sushi-rice-2lbs,2025-11-28 16:31:56
Tamaki Gold California Koshihikari Short Grain 4.4lb,$24.29,In Stock,/collections/all/products/tamaki-gold-california-koshihikari-short-grain-4-4lbs,2025-11-28 16:31:56
Myungjin Rubber Gloves Medium,$4.99,In Stock,/collections/all/products/myungjin-rubber-gloves-medium,2025-11-28 16:31:56
Sempio Vegan Samjang Seasoned Soybean Paste 500g,$6.79,In Stock,/collections/all/products/sempio-vegan-samjang-seasoned-soybean-paste-500g,2025-11-28 16:31:56
Chung Jung One Mild Ssamjamg Original Seasoned Soybean Paste 1.1lb,$6.29,In Stock,/collections/all/products/chungjungone-mild-ssamjamg-original-seasoned-soybean-paste-1-1lb,2025-11-28 16:31:56
Kimbo Pork Fu 4oz,$6.79,In Stock,/collections/all/products/kimbo-pork-fu-4oz,2025-11-28 16:31:56
Nongshim Shrimp Noodle Soup Bowl Big 115g,$4.49,In Stock,/collections/all/products/nongshim-shrimp-noodle-soup-bowl-big-115g,2025-11-28 16:31:56
Chung Jung One Mild Doenjang 1.1lb,$6.29,In Stock,/collections/all/products/chungjungone-mild-doenjang-500g,2025-11-28 16:31:56
China Sea Saifun Bean Threads 6oz,$6.29,In Stock,/collections/all/products/chinasea-saifun-bean-threads-170g,2025-11-28 16:31:56
Choripdong Soybean Paste 1.1lb,$3.99,In Stock,/collections/all/products/choripdong-soybean-paste-500g,2025-11-28 16:31:56
Chung Jung One Spicy Cocktail Sauce Vinegar Gochujang 10.58oz,$6.29,In Stock,/collections/all/products/chungjungone-spicy-cocktail-sauce-vinegar-gochujang-300g,2025-11-28 16:31:56
Long Kou Vermicelli 11.3oz,$4.49,In Stock,/collections/all/products/long-kou-vermicelli-320g,2025-11-28 16:31:56
Wei-Chuan Organic Mung Beans 14oz,$4.99,In Stock,/collections/all/products/wei-chuan-organic-mung-beans-396g-1,2025-11-28 16:31:56
Yamasa Yuuki Shoyu Organic Soy Sauce 17oz,$8.79,In Stock,/collections/all/products/yamasa-yuuki-shoyu-organic-soy-sauce-500ml,2025-11-28 16:31:56
Crd Daechun Roasted Seaweed 3/20G,$6.79,In Stock,/collections/all/products/choripdong-roasted-seaweed-0-7oz-5-sheets-20g-3-packs,2025-11-28 16:31:56
Wang Seasoned Seaweed 4g x 3 packs,$3.29,In Stock,/collections/all/products/wang-seasoned-seaweed-4g-x-3-each,2025-11-28 16:31:56
"Gwangcheon Samwon Yaki Sushi Nori 10 Sheets, 22g",$5.49,In Stock,/collections/all/products/gwangcheon-samwon-yaki-sushi-nori-10-sheets-22g,2025-11-28 16:31:56
Wei-Chuan Organic Adzuki Beans 14oz,$4.99,In Stock,/collections/all/products/wei-chuan-organic-adzuki-beans-14oz,2025-11-28 16:31:56
Sam Su Gab San Brown Sweet Rice 10lb,$25.99,In Stock,/collections/all/products/sam-su-gab-san-brown-sweet-rice-10lb,2025-11-28 16:31:56
Sam Su Gab San Sweet Rice 10lb,$24.99,In Stock,/collections/all/products/sam-su-gab-san-sweet-rice-10lb,2025-11-28 16:31:56
Sam Su Gab San Sushi Rice 10lb,$24.29,In Stock,/collections/all/products/sam-su-gab-san-sushi-rice-10lb,2025-11-28 16:31:56
Sam Su Gab San Sushi Rice 5lb,$12.99,In Stock,/collections/all/products/sam-su-gab-san-sushi-rice-5lb,2025-11-28 16:31:56
Kokuho Rose Sushi Rice 10lb,$26.99,In Stock,/collections/all/products/kokuho-rose-premium-quality-california-grown-sushi-rice-10lbs,2025-11-28 16:31:56
Nishiki Premium Grade Rice 15lb,$34.99,In Stock,/collections/all/products/nishiki-premium-grade-rice-15lbs,2025-11-28 16:31:56
Ichimasa Chikuwa (Fish Cake) 3.96oz,$3.29,In Stock,/collections/all/products/ichimasa-chikuwafish-cake-3-96oz,2025-11-28 16:31:56
Hansang Beef Leg Bone Extract 1.38lb,$9.99,In Stock,/collections/all/products/hansang-beef-leg-bone-extract-22-0oz,2025-11-28 16:31:56
Hansang Fermented Soybean Paste Stew Stock 140g x 3 packs,$9.99,In Stock,/collections/all/products/hansang-fermented-soybean-paste-stew-stock-140g-x-3-packs,2025-11-28 16:31:56
Havista Shanxi Planed 38.8oz,$10.49,In Stock,/collections/all/products/havista-shanxi-planed-38-8oz,2025-11-28 16:31:56
Pulmuone Jumbo Kimchi & Pork Dumplings 630g,$16.49,In Stock,/collections/all/products/pulmuone-jumbo-kimchi-pork-dumplings-630g,2025-11-28 16:31:56
Choripdong Roasted Laver with Grape Oil 12 packs 60g,$8.79,In Stock,/collections/all/products/choripdong-roasted-laver-with-grape-oil-12-packs-60g,2025-11-28 16:31:56
Yamasa Soy Sauce Less Salt 33.8fl.oz,$12.29,In Stock,/collections/all/products/yamasa-soy-sauce-less-salt-1l,2025-11-28 16:31:56
"Nissui Baked Wheat Cakes with Octopus (Takoyaki) 20 pcs, 400g",$10.99,In Stock,/collections/all/products/nissui-baked-wheat-cakes-with-octopus-takoyaki-20-pcs-400g,2025-11-28 16:31:56
Yamagataya Nori Zenkei 50Sht 4.46Oz,$21.99,In Stock,/collections/all/products/yaki-sushi-nori-50-sheets,2025-11-28 16:31:56
Jongga Stir-Fried Kimchi 190g,$6.79,In Stock,/collections/all/products/jongga-stir-fried-kimchi-190g,2025-11-28 16:31:56
Dongwon Vienna Sausage 8oz,$6.79,In Stock,/collections/all/products/dongwon-vienna-sausage-8oz,2025-11-28 16:31:56
Synear Pork & Leek Dumpling 16oz,$7.29,In Stock,/collections/all/products/synear-pork-leek-dumpling-16oz,2025-11-28 16:31:56
Choripdong Frozen Pumpkin Bun 15.5oz,$9.49,In Stock,/collections/all/products/choripdong-frozen-pumpkin-bun-440g,2025-11-28 16:31:56
Jinga Sweet Red Bean Porridge 500g,$9.49,In Stock,/collections/all/products/jinga-sweet-red-bean-porridge-500g,2025-11-28 16:31:56
Hansang Mungbean Pancake 15.87oz,$10.49,In Stock,/collections/all/products/hansang-mungbean-pancake-450g,2025-11-28 16:31:56
Choripdong Imitation Scallop Meat 1.1lb,$7.79,In Stock,/collections/all/products/choripdong-imitation-scallop-meat-500g,2025-11-28 16:31:56
Sun Noodle Tan Tan Ramen 13.9oz,$9.99,In Stock,/collections/all/products/sun-noodle-tan-tan-ramen-13-9oz,2025-11-28 16:31:56
Sun Noodle Shoyu Ramen 12.5oz,$9.99,In Stock,/collections/all/products/sun-noodle-shoyu-ramen-12-5oz,2025-11-28 16:31:56
Sun Noodle Miso Ramen 13.2oz,$9.99,In Stock,/collections/all/products/sun-noodle-miso-ramen-13-2oz,2025-11-28 16:31:56
Shirakiku Edamame Shelled 14.1oz,$5.49,In Stock,/collections/all/products/shirakiku-edamame-shelled-400g,2025-11-28 16:31:56
Kibun Oden Set(S) Assorted Fish Cakes 15.27oz,$13.29,In Stock,/collections/all/products/kibun-oden-sets-assorted-fish-cakes-433g,2025-11-28 16:31:56
Euro Classic Authentic Brioche Burger Buns 10.58oz,$6.99,In Stock,/collections/all/products/euro-classic-authentic-brioche-burger-buns-300g,2025-11-28 16:31:56
H Mart Spicy Chicken Soup Kit,$16.99,In Stock,/collections/all/products/hansang-spicy-chicken-vegetable-kits-with-sauce-3-08lb,2025-11-28 16:31:56
Hansang Beef and Vegetable Soup 19.4oz,$9.99,In Stock,/collections/all/products/hansang-beef-and-vegetable-soup-19-4oz,2025-11-28 16:31:56
Havista Lanzhou Fresh Noodles 38.8oz,$10.49,In Stock,/collections/all/products/havista-lanzhou-fresh-noodles-38-8g,2025-11-28 16:31:56
Havista Shanxi Pull Noodles 38.8oz,$10.49,In Stock,/collections/all/products/havista-shanxi-pull-noodles-38-8oz,2025-11-28 16:31:56
Pulmuone Jjamppong Noodle Soup Kit 12.8oz,$10.99,In Stock,/collections/all/products/pulmuone-jjamppong-noodle-soup-kit-362g,2025-11-28 16:31:56
"Wang Korean Knife-Cut Fresh Noodle, Brown Rice 2.2lb",$10.99,In Stock,/collections/all/products/wang-korean-knife-cut-fresh-noodle-brown-rice-2-2lb,2025-11-28 16:31:56
Wang Korean Fresh Noodle (Udon) 2.2lb,$10.99,In Stock,/collections/all/products/wang-korean-fresh-noodleudon-2-2lb,2025-11-28 16:31:56
Napa Half Cabbage 1.9lb,$3.99,In Stock,/collections/all/products/h-mart-napa-cabbagehalf,2025-11-28 16:31:56
Pomelo 1 Each,$9.99,In Stock,/collections/all/products/pomelo,2025-11-28 16:31:56
Fresh Garlic 5 Pcs 5oz,$3.99,In Stock,/collections/all/products/fresh-garlic-5-pcs-227g,2025-11-28 16:31:56
Jongga White Kimchi (Baek Kimchi) 17.6oz,$10.99,In Stock,/collections/all/products/jongga-white-kimchi-500g,2025-11-28 16:31:56
Tobagi Country Style Premium Kimchi with Oyster 12oz,$9.99,In Stock,/collections/all/products/tobagi-country-style-premium-kimchi-with-oyster-12oz,2025-11-28 16:31:56
Tobagi Country Style Sliced Kimchi 12oz (340.1g),$8.99,In Stock,/collections/all/products/tobagi-country-style-sliced-kimchi-12oz,2025-11-28 16:31:56
Jongga Whole Cabbage Kimchi (Poggi Kimchi) 35oz (1kg),$20.99,In Stock,/collections/all/products/jongga-whole-cabbage-kimchi-1kg,2025-11-28 16:31:56
Tobagi Country Style Fresh Kimchi 24oz,$13.19,In Stock,/collections/all/products/tobagi-country-style-fresh-kimchi-24oz,2025-11-28 16:31:56
CJ Bibigo Sliced Kimchi 500g,$10.99,In Stock,/collections/all/products/cj-bibigo-sliced-kimchi-500g,2025-11-28 16:31:56
Jinga Mung Bean Pancakes 14oz,$9.99,In Stock,/collections/all/products/veggie-bean-pancakes-14oz,2025-11-28 16:31:56
Jinga Stir-Fried Fish Cake 11oz,$8.49,In Stock,/collections/all/products/jinga-panfried-fish-cake-11oz,2025-11-28 16:31:56
Ottogi Wheat Noodle Wild Round 900g,$10.99,In Stock,/collections/all/products/ottogi-wheat-noodle-wild-round-900g,2025-11-28 16:31:56
Lotte Ice Yogurt 850ml,$10.99,In Stock,/collections/all/products/lotte-ice-yogurt-850ml,2025-11-28 16:31:56
1000 Year Kimchi Sliced Kimchi 26oz,$17.79,In Stock,/collections/all/products/1000-year-kimchi-sliced-kimchi-26oz,2025-11-28 16:31:56
Choripdong Salted Kelp 400g,$2.79,In Stock,/collections/all/products/choripdong-salted-kelp-400g,2025-11-28 16:31:56
Jinga Salted Spicy Pollock (S) 5oz,$10.99,In Stock,/collections/all/products/salted-fermented-pollock-tripekoreans-5oz,2025-11-28 16:31:56
Jinga Braised Tofu 16oz,$7.99,In Stock,/collections/all/products/jinga-stewed-tofu-16oz,2025-11-28 16:31:56
Shibanuma Ponzu Yuzu Katsuo 10.15oz,$12.29,In Stock,/collections/all/products/shibanuma-ponzu-yuzu-katsuo-300ml,2025-11-28 16:31:56
Morita Mirin Honmirin Jyozo 16.6oz,$5.99,In Stock,/collections/all/products/morita-mirin-honmirin-jyozo-500ml,2025-11-28 16:31:56
Shirakiku Marutomo Soba Straight Soup Base 12.17oz,$6.79,In Stock,/collections/all/products/shirakiku-marutomo-soba-straight-soup-base-360ml,2025-11-28 16:31:56
Shirakiku Sushi Sauce 18oz,$7.79,In Stock,/collections/all/products/shirakiku-sushi-sauce-510g,2025-11-28 16:31:56
Shirakiku Teriyaki Sauce 18oz,$7.79,In Stock,/collections/all/products/shirakiku-teriyaki-sauce-510g,2025-11-28 16:31:56
Shirakiku Oyster Sauce 18oz,$7.79,In Stock,/collections/all/products/shirakiku-oyster-sauce-510g,2025-11-28 16:31:56
Wan Ja Shan Premium Rice Vinegar 10oz,$4.49,In Stock,/collections/all/products/wan-ja-shan-premium-rice-vinegar-300ml,2025-11-28 16:31:56
Maggi Seasoning 6.7oz,$6.29,In Stock,/collections/all/products/maggi-seasoning-200ml,2025-11-28 16:31:56
Mizkan Ponzu Citrus Seasoned Soy Sauce 12oz,$6.29,In Stock,/collections/all/products/mizkan-ponzu-citrus-seasoned-soy-sauce-355ml,2025-11-28 16:31:56
Jinga Spicy Radish Kimchi(S) 6oz,$4.49,In Stock,/collections/all/products/jinga-radish-kimchis-6oz-1,2025-11-28 16:31:56
Jinga Radish Kimchi(S) 6oz,$4.49,In Stock,/collections/all/products/jinga-radish-kimchis-6oz,2025-11-28 16:31:56
Jinga Seasoned Dried Squid(S) 2oz,$7.99,In Stock,/collections/all/products/jinga-seasones-sliced-squids-2oz,2025-11-28 16:31:56
Jinga Seasoned Pickled Cucumber(S) 4oz,$4.79,In Stock,/collections/all/products/jinga-seasoned-pickled-cucumbers-4oz,2025-11-28 16:31:56
Jinga Assorted Korean Pancakes 12oz,$9.99,In Stock,/collections/all/products/jinga-assorted-korean-pancakes-12oz,2025-11-28 16:31:56
Jinga Kimchi Pancakes 12oz,$8.99,In Stock,/collections/all/products/jinga-kimchi-pancakes-12oz,2025-11-28 16:31:56
Pulmuone Spicy Jjolmyun Noodle Kit 16.2oz,$9.99,In Stock,/collections/all/products/pulmuone-spicy-jjolmyun-noodle-kit-16-2oz,2025-11-28 16:31:56
Jongga Traditional Cut Cabbage Kimchi 500g,$9.99,In Stock,/collections/all/products/jongga-traditional-cut-cabbage-kimchi-500g,2025-11-28 16:31:56
Haioreum Pickled Radish Wrap Omija Five Berry 12.34oz,$3.39,In Stock,/collections/all/products/haioreum-pickled-radish-wrap-omija-five-berry-350g,2025-11-28 16:31:56
Hansang Pork Back-Bone Stew with Dried Radish 700g,$16.49,In Stock,/collections/all/products/hansang-pork-back-bone-stew-with-dried-radish-700g,2025-11-28 16:31:56
Hansang Cold Noodle with Spicy Sauce 560g,$8.79,In Stock,/collections/all/products/hansang-cold-noodle-with-spicy-sauce-560g,2025-11-28 16:31:56
O! Noodle Chajang Noodle 22.57oz,$8.29,In Stock,/collections/all/products/o-noodle-chajang-noodle-22-57oz,2025-11-28 16:31:56
O! Noodle Tempura Udon Noodle 17.14oz,$7.79,In Stock,/collections/all/products/o-noodle-tempura-udon-noodle-17-14oz,2025-11-28 16:31:56
O! Noodle Buckwheat Fresh Noodle 2.2lb,$7.79,In Stock,/collections/all/products/o-noodle-buckwheat-fresh-noodle-2-2lb,2025-11-28 16:31:56
Choripdong Pickled Radish Sliced 14.1oz,$4.99,In Stock,/collections/all/products/choripdong-pickled-radish-sliced-400g,2025-11-28 16:31:56
Choripdong Cold Noodles 2.24lb,$8.79,In Stock,/collections/all/products/choripdong-cold-noodles-2-24lb,2025-11-28 16:31:56
Pulmuone Korean Style Noodles with Black Bean Sauce 22.57oz,$10.49,In Stock,/collections/all/products/pulmuone-korean-style-noodles-with-black-bean-sauce-22-57oz,2025-11-28 16:31:56
"Wang Korea Korean Knife-Cut Fresh Noodle, Green Tea 28.6oz",$10.99,In Stock,/collections/all/products/korean-knife-cut-fresh-noodle-green-tea-28-6oz,2025-11-28 16:31:56
Wang Korean Fresh Noodle (Somen) 2.2lb,$10.99,In Stock,/collections/all/products/wang-korean-fresh-noodlesomen-2-2lb,2025-11-28 16:31:56
Hakubaku Organic Soba 9.5oz,$5.49,In Stock,/collections/all/products/hakubaku-organic-soba-269g,2025-11-28 16:31:56
Wang Seafood Flavor Udon 636g,$8.29,In Stock,/collections/all/products/wang-seafood-flavor-udon-636g,2025-11-28 16:31:56
Jinga Korean Omelette(S) 6oz,$4.79,In Stock,/collections/all/products/jinga-korean-omelettes-6oz,2025-11-28 16:31:56
Jongga Traditional Korean Cut Cabbage Kimchi 35oz (1kg),$18.99,In Stock,/collections/all/products/jongga-traditional-korean-cut-cabbage-kimchi-1kg,2025-11-28 16:31:56
Sempio Soy Sauce Jin S Rich & Mellow 930ml,$7.29,In Stock,/collections/all/products/sempio-soy-sauce-jin-s-rich-mellow-930ml,2025-11-28 16:31:56
Sugimoto Organic Tea Daily Matcha for Drinking & Cooking 2oz,$15.49,In Stock,/collections/all/products/sugimoto-tea-daily-matcha-for-drinking-cooking,2025-11-28 16:31:56
Lotte Snow Ice Coffee Shake 800ml,$10.99,In Stock,/collections/all/products/lotte-snow-ice-coffee-shake-800ml,2025-11-28 16:31:56
Choripdong Roasted Laver with Sunflower Seed Oil 12 Packs,$9.99,In Stock,/collections/all/products/choripdong-roasted-laver-with-sunflower-seed-oil-12-packs,2025-11-28 16:31:56
"Takaokaya Yaki Sushi Nori Sushihane 30 Sheets, 63g",$14.99,In Stock,/collections/all/products/takaokaya-yaki-sushi-nori-sushihane-30-sheets-63g,2025-11-28 16:31:56
Orga Land Organic Seasoned Sea Snack 22g X 3 Packs,$10.99,In Stock,/collections/all/products/orga-land-organic-seasoned-sea-snack-22g-x-3-packs,2025-11-28 16:31:56
Shirakiku Inaka Soba Japanese Style Buckwheat Noodles 16oz,$6.79,In Stock,/collections/all/products/shirakiku-inaka-soba-japanese-style-buckwheat-noodles-454g,2025-11-28 16:31:56
Yamamotoyama Matcha Sencha Premium Green Tea 36g,$9.99,In Stock,/collections/all/products/yamamotoyama-matcha-sencha-premium-green-tea-36g,2025-11-28 16:31:56
Roland Pad Thai Rice Stick Noodles 14oz,$6.29,In Stock,/collections/all/products/roland-pad-thai-rice-stick-noodles-400g,2025-11-28 16:31:56
Gunter's Pure Honey Clover 16oz,$9.99,In Stock,/collections/all/products/gunters-pure-honey-clover,2025-11-28 16:31:56
Windex Glass Cleaner Original 680ml,$7.99,In Stock,/collections/all/products/windex-glass-cleaner-original-680ml,2025-11-28 16:31:56
Shrimp Inari,$7.49,In Stock,/collections/all/products/shrimp-inari,2025-11-28 16:31:56
Spicy Chicken Onigiri,$3.99,In Stock,/collections/all/products/spicy-chicken,2025-11-28 16:31:56
Cha Shu Bun,$4.99,In Stock,/collections/all/products/cha-shu-bun,2025-11-28 16:31:56
Shrimp Summer Roll,$7.99,In Stock,/collections/all/products/shrimp-summer-roll,2025-11-28 16:31:56
Vegetable Kimbap,$9.49,In Stock,/collections/all/products/vegetable-kimbap,2025-11-28 16:31:56
Vegetable Seaweed Roll,$4.99,In Stock,/collections/all/products/vegetable-seaweed-roll,2025-11-28 16:31:56
Vegetable Spring Rolls,$4.99,In Stock,/collections/all/products/vegetable-spring-rolls,2025-11-28 16:31:56
Bb.Q Chicken Secret Sauce Boneless,$14.99,In Stock,/collections/all/products/secret-spicy-boneless,2025-11-28 16:31:56
Long Kow Ichi Ban Soul Q Noodles 300g,$6.79,In Stock,/collections/all/products/long-kow-ichi-ban-soul-q-noodles-300g,2025-11-28 16:31:56
Choripdong Vermicelli (Oriental Style Noodle) Pre-Cut 1lb,$5.49,In Stock,/collections/all/products/choripdong-vermicelli-oriental-style-noodle-pre-cut-453g,2025-11-28 16:31:56
Choripdong Vermicelli (Oriental Style Noodle) 12oz,$4.99,In Stock,/collections/all/products/choripdong-vermicelli-340g,2025-11-28 16:31:56
Shirakiku Dried Noodles Chuka Soba 8oz,$2.79,In Stock,/collections/all/products/shirakiku-dried-noodles-chuka-soba-227g,2025-11-28 16:31:56
Calbee Shrimp Chips Hot Garlic 3.3oz,$4.99,In Stock,/collections/all/products/calbee-shrimp-chips-hot-garlic-94g,2025-11-28 16:31:56
Roland Brown Rice Vermicelli Gluten Free 250g,$6.29,In Stock,/collections/all/products/roland-brown-rice-vermicelli-gluten-free-250g,2025-11-28 16:31:56
Roland Rice Vermicelli Gluten Free 8.8oz,$7.79,In Stock,/collections/all/products/roland-rice-vermicelli-gluten-free-250g,2025-11-28 16:31:56
Surasang Kimchi Base 16oz,$9.49,In Stock,/collections/all/products/surasang-kimchi-base-453g,2025-11-28 16:31:56
Surasang Topokki Sauce 16.93oz,$12.29,In Stock,/collections/all/products/surasang-topokki-sauce-480g,2025-11-28 16:31:56
Sempio Apple Vinegar 500ml,$5.29,In Stock,/collections/all/products/sempio-apple-vinegar-500ml,2025-11-28 16:31:56
Ottogi Apple Vinegar 500ml,$5.49,In Stock,/collections/all/products/ottogi-apple-vinegar-500ml,2025-11-28 16:31:56
Ottogi Plum Vinegar 500ml,$5.49,In Stock,/collections/all/products/ottogi-plum-vinegar-500ml,2025-11-28 16:31:56
Sempio Stir-Fry Soy Sauce 930ml,$8.79,In Stock,/collections/all/products/sempio-stir-fry-soy-sauce-930ml,2025-11-28 16:31:56
Sempio Seasoning Soy Sauce 860ml,$8.79,In Stock,/collections/all/products/sempio-seasoning-soy-sauce-930ml,2025-11-28 16:31:56
Sempio Soy Sauce Jin Gold F3 Rich and Savory 500ml,$4.49,In Stock,/collections/all/products/sempio-soy-sauce-jin-gold-f3-rich-and-savory-500ml,2025-11-28 16:31:56
Lee Kum Kee Gluten Free Soy Sauce 16.9fl.oz,$8.29,In Stock,/collections/all/products/lee-kum-kee-gluten-free-soy-sauce-500ml,2025-11-28 16:31:56
Yamasa Brewed Soy Sauce 33.8fl.oz,$8.79,In Stock,/collections/all/products/yamasa-brewed-soy-sauce-1000ml,2025-11-28 16:31:56
Chung Jung One Premium Soy Sauce 6 Months Naturally Brewed 840ml,$11.79,In Stock,/collections/all/products/chungjungone-premium-soy-sauce-6-months-naturally-brewed-840ml,2025-11-28 16:31:56
Surasang Soybean Paste Fermented 450g,$10.99,In Stock,/collections/all/products/surasang-soybean-paste-fermented-450g,2025-11-28 16:31:56
Wang Roasted Black Bean Paste 1.1lb,$8.29,In Stock,/collections/all/products/wang-roasted-black-bean-paste-500g,2025-11-28 16:31:56
"Wang Black Bean Paste, Fermented 450g",$7.79,In Stock,/collections/all/products/wang-black-bean-paste-fermented-450g,2025-11-28 16:31:56
Sempio Soy Sauce Jin Gold F3 Rich and Savory 930ml,$8.79,In Stock,/collections/all/products/sempio-soy-sauce-jin-gold-f3,2025-11-28 16:31:56
Jinshan Zhenjiang Vinegar 550ml,$6.79,In Stock,/collections/all/products/jinshan-zhenjiang-vinegar-550ml,2025-11-28 16:31:56
Eiwa Hello Kitty Tropical Mango Marshmallow 3.1oz,$4.49,In Stock,/collections/all/products/eiwa-hello-kitty-tropical-mango-marshmallow,2025-11-28 16:31:56
Morinaga Hi-Chew Sweet & Sour 12.7oz,$10.39,In Stock,/collections/all/products/hi-chew-sweet-sour-360g,2025-11-28 16:31:56
ABC Bear Fruitery Jelly Mango Flavor 710g,$14.99,In Stock,/collections/all/products/abc-bear-fruitery-jellymango-710g,2025-11-28 16:31:56
Hapi Spicy Sriracha Flavored Peas 9.9oz,$8.79,In Stock,/collections/all/products/hapi-spicy-sriracha-flavored-peas-280g,2025-11-28 16:31:56
Hapi Hot Wasabi Flavored Peas 9.9oz,$8.79,In Stock,/collections/all/products/hapi-hot-wasabi-flavored-peas-280g,2025-11-28 16:31:56
"Wang Mild Soy Bean Paste, Fermented 15.87oz",$9.99,In Stock,/collections/all/products/wang-mild-soy-bean-paste-fermented-450g,2025-11-28 16:31:56
Morita Yuki Mirin Type 16.6oz,$9.99,In Stock,/collections/all/products/morita-yuki-mirin-type-500ml,2025-11-28 16:31:56
Shirakiku Ponzu Seasoning Sauce 12oz,$6.79,In Stock,/collections/all/products/shirakiku-ponzu-seasoning-sauce-355ml,2025-11-28 16:31:56
Sempio Hot Pepper Paste Classic 500g,$7.79,In Stock,/collections/all/products/sempio-hot-pepper-paste-classic-500g,2025-11-28 16:31:56
Haio Very Hot Rice Red Pepper Paste 500g,$6.29,In Stock,/collections/all/products/haio-very-hot-rice-red-pepper-paste-500g,2025-11-28 16:31:56
Shirakiku Gochujang Korean Hot Sauce 18oz,$7.79,In Stock,/collections/all/products/shirakiku-gochujang-korean-hot-sauce-510g,2025-11-28 16:31:56
Ottogi Vinegared Red Pepper Paste 300g,$7.79,In Stock,/collections/all/products/ottogi-vinegared-red-pepper-paste-300g,2025-11-28 16:31:56
Sempio Naturally Brewed Soy Sauce 701 930ml,$8.79,In Stock,/collections/all/products/sempio-naturally-brewed-soy-sauce-701-930ml,2025-11-28 16:31:56
Beksul Plum Syrup 36.18oz,$17.99,In Stock,/collections/all/products/beksul-apricot-syrup-36-18oz,2025-11-28 16:31:56
Morita Cooking Sake 33.8fl.oz,$9.99,In Stock,/collections/all/products/morita-cooking-sake-1000ml,2025-11-28 16:31:56
"Ottogi Jin Ramen Spicy 120g x 4 Packs, 480g",$7.79,In Stock,/collections/all/products/ottogi-jin-ramen-spicy-120g-x-4pks-480g,2025-11-28 16:31:56
Gyukaku Japanese Bbq Seasoning Soy Sauce 7.4oz,$4.99,In Stock,/collections/all/products/gyukaku-japanese-bbq-seasoning-soy-sauce-7-4oz,2025-11-28 16:31:56
Gyukaku Koku Uma Shoyu Dare 7.4oz,$4.99,In Stock,/collections/all/products/gyukaku-koku-uma-shoyu-dare-7-4oz,2025-11-28 16:31:56
Ebara Tare Yakiniku Mild 600g,$15.49,In Stock,/collections/all/products/ebara-tare-yakiniku-mild-600g,2025-11-28 16:31:56
Heinz Tomato Ketchup 20oz,$6.79,In Stock,/collections/all/products/heinz-tomato-ketchup-567g,2025-11-28 16:31:56
Lee Kum Kee Sweet Bean Sauce (Sauce for Peking Duck) 13.4oz,$5.49,In Stock,/collections/all/products/lee-kum-kee-sweet-bean-saucesauce-for-peking-duck-380g,2025-11-28 16:31:56
Kikkoman Wasabi Sauce 9.25oz,$7.79,In Stock,/collections/all/products/kikkoman-wasabi-sauce-262g,2025-11-28 16:31:56
Chung Jung One Seafood & Oyster Sauce 250g,$8.29,In Stock,/collections/all/products/chungjungone-seafood-oyster-sauce-250g,2025-11-28 16:31:56
Spicy Pork Rice Bowl,$12.99,In Stock,/collections/all/products/spicy-pork-bowl,2025-11-28 16:31:56
Gyu Don Rice Bowl,$11.99,In Stock,/collections/all/products/gyudon,2025-11-28 16:31:56
Bulgogi Bowl,$12.99,In Stock,/collections/all/products/bulgogi-bowl,2025-11-28 16:31:56
Baked Pork Belly Rice Bowl,$12.99,In Stock,/collections/all/products/baked-pork-belly-bowl,2025-11-28 16:31:56
Lotte Sweet Corn  5ct 140ml,$12.79,In Stock,/collections/all/products/lotte-sweet-corn-700ml,2025-11-28 16:31:56
Seasoned Squid Kimbap,$9.49,In Stock,/collections/all/products/seasoned-squid-kimbap,2025-11-28 16:31:56
Bbq Bulgogi Kimbap,$9.99,In Stock,/collections/all/products/bbq-bulgogi-kimbap,2025-11-28 16:31:56
Rice Cake Tteokbokki,$9.99,In Stock,/collections/all/products/tteokbokki,2025-11-28 16:31:56
Man Mi Bakery Walnut Cake 8oz,$9.99,In Stock,/collections/all/products/man-mi-bakery-walnut-cake,2025-11-28 16:31:56
Lee Kum Kee Less Sodium Soy Sauce 5.1fl.oz,$4.49,In Stock,/collections/all/products/lee-kum-kee-less-sodium-soy-sauce-150ml,2025-11-28 16:31:56
Lee Kum Kee Spare Rib Sauce 8.5oz,$3.99,In Stock,/collections/all/products/lee-kum-kee-spare-rib-sauce-240g,2025-11-28 16:31:56
Lee Kum Kee Sriracha Mayo 15fl.oz,$8.79,In Stock,/collections/all/products/lee-kum-kee-sriracha-mayo-445ml,2025-11-28 16:31:56
Lee Kum Kee Vegetarian Stir-Fry Sauce 18oz,$7.29,In Stock,/collections/all/products/lee-kum-kee-vegetarian-stir-fry-sauce-18oz,2025-11-28 16:31:56
Lee Kum Kee Premium Soy Sauce (No Preservatives Added) 16.9fl.oz,$5.49,In Stock,/collections/all/products/lee-kum-kee-premium-soy-sauce-500ml,2025-11-28 16:31:56
Lee Kum Kee Organic Premium Soy Sauce 16.9fl.oz,$7.79,In Stock,/collections/all/products/lee-kum-kee-organic-premium-soy-sauce-500ml,2025-11-28 16:31:56
Lee Kum Kee Mushroom Flavored Dark Soy Sauce 16.9fl.oz,$4.99,In Stock,/collections/all/products/lee-kum-kee-mushroom-flavored-dark-soy-sauce-500ml,2025-11-28 16:31:56
Lee Kum Kee Less Sodium Soy Sauce 16.9fl.oz,$7.79,In Stock,/collections/all/products/lee-kum-kee-less-sodium-soy-sauce-500ml,2025-11-28 16:31:56
Lee Kum Kee Kumchun Brand Soy Sauce 16.9fl.oz,$2.79,In Stock,/collections/all/products/lee-kum-kee-kumchun-brand-soy-sauce-500ml,2025-11-28 16:31:56
Lee Kum Kee Korean Barbecue Sauce 13oz,$6.79,In Stock,/collections/all/products/lee-kum-kee-korean-barbecue-sauce-370g,2025-11-28 16:31:56
Lee Kum Kee Hoisin Sauce 20oz,$6.29,In Stock,/collections/all/products/lee-kum-kee-hoisin-sauce-567g,2025-11-28 16:31:56
Lee Kum Kee Chili Oil 7fl.oz,$5.49,In Stock,/collections/all/products/lee-kum-kee-chili-oil-207ml,2025-11-28 16:31:56
Lee Kum Kee Chicken Marinade 14oz,$6.29,In Stock,/collections/all/products/lee-kum-kee-chicken-marinade-410ml,2025-11-28 16:31:56
Lee Kum Kee Black Pepper Sauce 8.1oz,$6.29,In Stock,/collections/all/products/lee-kum-kee-black-pepper-sauce-230g,2025-11-28 16:31:56
Kikkoman Thai Style Peanut Sauce 9oz,$6.79,In Stock,/collections/all/products/kikkoman-thai-style-peanut-sauce-9oz,2025-11-28 16:31:56
Kikkoman Usukuchi Light Shoyu 17oz,$7.79,In Stock,/collections/all/products/kikkoman-usukuchi-light-shoyu-500ml,2025-11-28 16:31:56
Kikkoman Sukiyaki Sauce 10fl.oz,$7.79,In Stock,/collections/all/products/kikkoman-sukiyaki-sauce-296ml,2025-11-28 16:31:56
Choripdong Peeled Mung Bean 2lb,$9.49,In Stock,/collections/all/products/choripdong-peeled-mung-bean-2lb,2025-11-28 16:31:56
Choripdong Corn Starch 2.2lb,$6.79,In Stock,/collections/all/products/choripdong-corn-starch-2-2lb,2025-11-28 16:31:56
Haioreum Pickled Radish Wrap Sweet and Sour 350g,$3.99,In Stock,/collections/all/products/haioreum-pickled-radish-wrap-sweet-and-sour-350g,2025-11-28 16:31:56
Moon Valley Organics Foaming Herbal Hand Soap Grapefruit Thyme 8.8oz,$10.49,In Stock,/collections/all/products/moon-valley-organics-foaming-herbal-hand-soap-grapefruit-thyme-260-2ml,2025-11-28 16:31:56
Gatsby Moving Rubber Cool Wet 2.8oz,$12.99,In Stock,/collections/all/products/gatsby-moving-rubber-cool-wet-2-8oz,2025-11-28 16:31:56
Gatsby Moving Rubber Spiky Edge 2.8oz,$16.99,In Stock,/collections/all/products/gatsby-moving-rubber-spiky-edge-2-8oz,2025-11-28 16:31:56
"Choripdong Roasted Multi Laver Set 5g x 12 pks, 60g",$8.79,In Stock,/collections/all/products/choripdong-roasted-laver-set-5g-x-12-pks-60g,2025-11-28 16:31:56
Tampax Super 10 Tampons,$5.49,In Stock,/collections/all/products/tampax-super-10-tampons,2025-11-28 16:31:56
Moon Valley Organics Foaming Herbal Hand Soap Mint Lavender 8.8oz,$10.99,In Stock,/collections/all/products/moon-valley-organics-foaming-herbal-hand-soap-mint-lavender-260-2ml,2025-11-28 16:31:56
Moon Valley Organics Foaming Herbal Hand Soap Lemon Rosemary 8.8oz,$10.49,In Stock,/collections/all/products/moon-valley-organics-foaming-herbal-hand-soap-lemon-rosemary-260-2ml,2025-11-28 16:31:56
Moon Valley Organics Foaming Herbal Hand Soap Orange Spice 8.8oz,$10.49,In Stock,/collections/all/products/moon-valley-organics-foaming-herbal-hand-soap-orange-spice-260-2ml,2025-11-28 16:31:56
Little Sheep Hot Pot Soup Base Spicy Flavor 8.29oz,$7.29,In Stock,/collections/all/products/little-sheep-hot-pot-soup-base-hot-flavor-235g,2025-11-28 16:31:56
Beksul Cheiljemyunso Korean Chopped Noodle 900g,$8.79,In Stock,/collections/all/products/beksul-cheiljemyunso-korean-chopped-noodle-900g,2025-11-28 16:31:56
Chung Jung One Mild Ssamjang Original Seasoned Soybean Paste 6oz,$3.99,In Stock,/collections/all/products/chungjungone-mild-ssamjang-original-seasoned-soybean-paste-170g,2025-11-28 16:31:56
Beksul Original Pure Sesame Oil 160ml,$8.79,In Stock,/collections/all/products/beksul-original-pure-sesame-oil-160ml,2025-11-28 16:31:56
Ottogi Curry Mild 100g,$5.49,In Stock,/collections/all/products/ottogi-curry-mild-100g,2025-11-28 16:31:56
Wei-Chuan Organic Black Soybean 14oz,$4.99,In Stock,/collections/all/products/wei-chuan-organic-black-soybean-396g,2025-11-28 16:31:56
Wei-Chuan Organic Millet 14oz,$4.99,In Stock,/collections/all/products/wei-chuan-organic-millet-396g,2025-11-28 16:31:56
Yamasa Sukiyaki Senka 16.9oz,$12.29,In Stock,/collections/all/products/yamasa-sukiyaki-senka-500ml,2025-11-28 16:31:56
Red Rose Spring Roll Skin 345g,$4.49,In Stock,/collections/all/products/red-rose-spring-roll-skin-345g,2025-11-28 16:31:56
Hakubaku Organic Ramen 9.5oz,$5.49,In Stock,/collections/all/products/hakubaku-organic-ramen-269g,2025-11-28 16:31:56
Dongsuh Corn Tea 150g,$4.49,In Stock,/collections/all/products/dongsuh-corn-tea-150g,2025-11-28 16:31:56
Choripdong Roasted Seaweed with Green Tea 50g,$5.49,In Stock,/collections/all/products/choripdong-roasted-seaweed-with-green-tea-50g,2025-11-28 16:31:56
Choung Soo Mul Naengmyeon Oriental Style Noodle 25.4oz,$8.29,In Stock,/collections/all/products/choung-soo-mul-naengmyeon-oriental-style-noodle-720g,2025-11-28 16:31:56
Ottogi 3Min. Curry Spicy 190g,$4.99,In Stock,/collections/all/products/ottogi-3min-curry-spicy-190g,2025-11-28 16:31:56
Morinaga Hi-Chew Superfruit Mix Candy 3.17oz,$3.79,In Stock,/collections/all/products/morinaga-hi-chew-superfruit-mix-candy-90g,2025-11-28 16:31:56
Long Kow Dough Sliced Dried Noodles 300g,$6.79,In Stock,/collections/all/products/longkow-dough-sliced-dried-noodles-300g,2025-11-28 16:31:56
Laoganma Hot Chili Sauce 280g,$6.29,In Stock,/collections/all/products/laoganma-hot-chili-sauce-280g,2025-11-28 16:31:56
Lee Kum Kee Chili Bean Sauce (Toban Djan) 8oz,$5.49,In Stock,/collections/all/products/lee-kum-kee-chili-bean-sauce-toban-djan-226g,2025-11-28 16:31:56
Dongsuh Barley Tea 150g,$4.49,In Stock,/collections/all/products/dongsuh-barley-tea-150g,2025-11-28 16:31:56
Nishiki Premium Grade Brown Rice 2lb,$7.79,In Stock,/collections/all/products/nishiki-premium-grade-brown-rice-2lb,2025-11-28 16:31:56
"Choripdong Boryung Daechun Roasted Laver 12 packs, 60g",$8.79,In Stock,/collections/all/products/choripdong-boryung-daechun-roasted-laver-12-packs-60g,2025-11-28 16:31:56
Chung Jung One Hot Pepper Bean Paste (Very Hot) 7.05oz,$7.29,In Stock,/collections/all/products/chungjungone-hot-pepper-bean-paste-very-hot-200g,2025-11-28 16:31:56
WuFuYuan Color Tapioca Pearl 250g,$4.49,In Stock,/collections/all/products/wufuyuan-color-tapioca-pearl-250g,2025-11-28 16:31:56
Kikkoman Black Bean Sauce with Garlic 8.7oz,$7.79,In Stock,/collections/all/products/kikkoman-black-bean-sauce-with-garlic-246g,2025-11-28 16:31:56
Huy Fong Sambal Oelek Ground Fresh Chili Paste 18oz,$6.79,In Stock,/collections/all/products/huy-fong-sambal-oelek-ground-fresh-chili-paste-510g,2025-11-28 16:31:56
Dongwon Sesame Oil 160ml,$7.29,In Stock,/collections/all/products/dongwon-sesame-oil-160ml,2025-11-28 16:31:56
Choripdong Vinegar 500ml,$3.99,In Stock,/collections/all/products/choripdong-vinegar-500ml,2025-11-28 16:31:56
Chung Jung One Rice Syrup 700g,$8.79,In Stock,/collections/all/products/chungjungone-rice-syrup-700g,2025-11-28 16:31:56
Huy Fong Sambal Oelek Ground Fresh Chili Paste 8oz,$3.79,In Stock,/collections/all/products/huy-fong-sambal-oelek-ground-fresh-chili-paste-226g,2025-11-28 16:31:56
Laoganma Chili Oil Beancurd 9.17oz,$5.49,In Stock,/collections/all/products/laoganma-chili-oil-beancurd-260g,2025-11-28 16:31:56
Kikkoman Traditionally Brewed Tamari Soy Sauce 10oz,$6.79,In Stock,/collections/all/products/kikkoman-traditionally-brewed-tamari-soy-sauce-296ml,2025-11-28 16:31:56
Kikkoman Oyster Sauce 12.6oz,$3.99,In Stock,/collections/all/products/kikkoman-oyster-sauce-357g,2025-11-28 16:31:56
Kikkoman Chili Ponzu Citrus Seasoned Dressing & Sauce 10oz,$5.49,In Stock,/collections/all/products/kikkoman-chili-ponzu-citrus-seasoned-dressing-sauce-296ml,2025-11-28 16:31:56
CJ Korean Bbq Chicken & Pork Marinade Original Sauce 1.1lb,$7.49,In Stock,/collections/all/products/cj-korean-bbq-chicken-pork-marinade-original-sauce-480g,2025-11-28 16:31:56
Bull-Dog Worcestershire Sauce 10.1oz,$5.49,In Stock,/collections/all/products/bulldog-worcestershire-sauce-300ml,2025-11-28 16:31:56
Himorn Peanut Rice Paper Roll Sauce 8.1oz,$8.79,In Stock,/collections/all/products/himorn-peanut-rice-paper-roll-sauce-230g,2025-11-28 16:31:56
Thai Kitchen Pad Thai Sauce 8oz,$12.29,In Stock,/collections/all/products/thai-kitchen-pad-thai-sauce-236ml,2025-11-28 16:31:56
Hakubaku Organic Cha Soba 7oz,$4.99,In Stock,/collections/all/products/hakubaku-organic-cha-soba-200g,2025-11-28 16:31:56
Hakubaku Organic Udon 9.5oz,$5.49,In Stock,/collections/all/products/hakubaku-organic-udon-269g,2025-11-28 16:31:56
Haechandle Spicy Ssamjang Seasoned Soybean Paste 450g,$9.99,In Stock,/collections/all/products/haechandle-spicy-ssamjang-seasoned-soybean-paste-450g,2025-11-28 16:31:56
Chung Jung One Soy Bean Paste (Shellfish & Anchovy) 450g,$10.99,In Stock,/collections/all/products/chungjungone-soy-bean-pasteshellfish-anchovy-450g,2025-11-28 16:31:56
Chung Jung One Cooking Oligo Syrup 700g,$7.29,In Stock,/collections/all/products/chungjungone-cooking-oligo-syrup-700g,2025-11-28 16:31:56
"Chung Jung One Hot Pepper Paste Tubes (60g x 3 Tubes), 180g",$9.49,In Stock,/collections/all/products/chungjungone-hot-pepper-paste-tubes-180g-60g-x-3-tubes,2025-11-28 16:31:56
Ottogi Sesame Flavor Noodle Bowl 110g,$4.49,In Stock,/collections/all/products/ottogi-sesame-flavor-noodle-bowl-110g,2025-11-28 16:31:56
Nongshim Kimchi Flavor Noodle Soup 480g,$9.99,In Stock,/collections/all/products/nongshim-kimchi-flavor-noodle-soup-480g,2025-11-28 16:31:56
Ottogi Jin Ramen Cup Noodle Mild 110g,$3.29,In Stock,/collections/all/products/ottogi-jin-ramen-cup-noodle-mild-110g,2025-11-28 16:31:56
Pulmuone Oyster Jjampong Ramen 394g,$9.99,In Stock,/collections/all/products/pulmoune-oyster-jjampong-ramen-394g,2025-11-28 16:31:56
Yamamotoyama Oolong Tea 32g,$5.49,In Stock,/collections/all/products/yamamotoyama-oolong-tea-32g-1,2025-11-28 16:31:56
Wei-Chuan Dumpling Sauce 230g,$4.99,In Stock,/collections/all/products/wei-chuan-dumpling-sauce-230g,2025-11-28 16:31:56
Kasugai Watermelon Gummy Candy 107g,$3.79,In Stock,/collections/all/products/kasugai-watermelon-gummy-candy-107g,2025-11-28 16:31:56
Ottogi Corn Soup Mix 80g,$5.49,In Stock,/collections/all/products/ottogi-corn-soup-mix-80g,2025-11-28 16:31:56
Choripdong Roasted Seaweed with Grape Seed Oil 50g,$9.99,In Stock,/collections/all/products/choripdong-roasted-seaweed-with-grape-seed-oil-50g,2025-11-28 16:31:56
Shirakiku Dried Kelp Dashi Kombu 2oz,$3.99,In Stock,/collections/all/products/shirakiku-dried-kelp-dashi-kombu-57g,2025-11-28 16:31:56
Morinaga Hi-Chew Mixed Soft Candy Soda Pop 2.82oz,$3.79,In Stock,/collections/all/products/morinaga-hi-chew-mixed-soft-candy-soda-pop-80g,2025-11-28 16:31:56
Haidilao Spicy Sauce for Stir-Fry Spicy Flavor 7.8oz,$6.79,In Stock,/collections/all/products/haidilao-basic-stir-fry-sauce-spicy-flavor-220g,2025-11-28 16:31:56
Ottogi Jin Ramen Mild Multi 480g,$7.79,In Stock,/collections/all/products/ottogi-jin-ramen-mild-480g,2025-11-28 16:31:56
Kewpie Deep-Roasted Sesame Dressing 8oz,$7.79,In Stock,/collections/all/products/kewpie-deep-roasted-sesame-dressing-236ml,2025-11-28 16:31:56
Nongshim Neoguri Stir-Fry Noodles Spicy Seafood Flavor 548g,$16.99,In Stock,/collections/all/products/nongshim-neoguri-stir-fry-noodles-spicy-seafood-flavor-548g,2025-11-28 16:31:56
Lee Kum Kee Seasoned Soy Sauce for Seafood 14oz,$6.29,In Stock,/collections/all/products/lee-kum-kee-seasoned-soy-sauce-for-seafood-410ml,2025-11-28 16:31:56
Shirakiku Japanese Style Noodle Somen 2.2lb,$8.29,In Stock,/collections/all/products/shirakiku-japanese-style-noodle-somen-2-2lb,2025-11-28 16:31:56
Dynasty Jasmine Brown Rice 2lb,$4.49,In Stock,/collections/all/products/dynasty-jasmine-brown-rice-2lbs,2025-11-28 16:31:56
Choripdong Black Rice 2lb,$10.99,In Stock,/collections/all/products/choripdong-black-rice-2lb,2025-11-28 16:31:56
Choripdong Brown Sweet Rice 2lb,$7.29,In Stock,/collections/all/products/choripdong-brown-sweet-rice-2lb,2025-11-28 16:31:56
Kyong Gi Me Organic Short Grain Sushi Rice 2lb,$13.99,In Stock,/collections/all/products/kyong-gi-me-organic-short-grain-sushi-rice-2lbs,2025-11-28 16:31:56
Lee Kum Kee Thai Style Sweet Chili Sauce 18oz,$6.29,In Stock,/collections/all/products/lee-kum-kee-thai-style-sweet-chili-sauce-510g,2025-11-28 16:31:56
Marukan Genuine Brewed Rice Vinegar 12oz,$5.49,In Stock,/collections/all/products/marukan-genuine-brewed-rice-vinegar-355ml,2025-11-28 16:31:56
Obok Chunjang Black Bean Paste 500g,$4.49,In Stock,/collections/all/products/obok-chunjang-black-bean-paste-500g,2025-11-28 16:31:56
Otafuku Okonomi Sauce 17.6oz,$9.49,In Stock,/collections/all/products/otafuku-okonomi-sauce-500g,2025-11-28 16:31:56
Ottogi Corn Syrup 700g,$7.29,In Stock,/collections/all/products/ottogi-corn-syrup-700g,2025-11-28 16:31:56
Shirakiku Cooking Sweet Rice Wine 13.52oz,$5.49,In Stock,/collections/all/products/shirakiku-cooking-sweet-rice-wine-400ml,2025-11-28 16:31:56
Wei-Chuan Dumpling Sauce Hot 230g,$4.99,In Stock,/collections/all/products/wei-chuan-dumpling-sauce-hot-230g-1,2025-11-28 16:31:56
Choripdong Brown Rice 2lb,$6.99,In Stock,/collections/all/products/choripdong-brown-rice-2lb,2025-11-28 16:31:56
Lotte Custard Cream Cake 276g,$10.99,In Stock,/collections/all/products/lotte-custard-cream-cake-276g,2025-11-28 16:31:56
Ottogi Premium Roasted Sesame Oil 320ml,$15.49,In Stock,/collections/all/products/ottogi-premium-roasted-sesame-oil-320ml,2025-11-28 16:31:56
Ottogi Brown Rice Vinegar 500ml,$5.49,In Stock,/collections/all/products/ottogi-brown-rice-vinegar-500ml,2025-11-28 16:31:56
Lombardi Avocado Oil 500ml,$13.29,In Stock,/collections/all/products/lombardi-avocado-oil-500ml,2025-11-28 16:31:56
Lee Kum Kee Chili Bean Sauce (Toban Djan) 13oz,$7.79,In Stock,/collections/all/products/lee-kum-kee-chili-bean-sauce-toban-djan-368g,2025-11-28 16:31:56
Hansang Perilla Seed Oil 320ml,$10.49,In Stock,/collections/all/products/hansang-perilla-seed-oil-320ml,2025-11-28 16:31:56
Hansang Sesame Oil 160ml,$5.49,In Stock,/collections/all/products/hansang-sesame-oil-160ml,2025-11-28 16:31:56
Jinmi Black Bean Paste 300g,$2.79,In Stock,/collections/all/products/jinmi-black-bean-paste-300g,2025-11-28 16:31:56
Kikkoman Sweet Soy Sauce for Rice 10fl.oz,$7.79,In Stock,/collections/all/products/kikkoman-sweet-soy-sauce-for-rice-296ml,2025-11-28 16:31:56
Samyang Buldak Carbonara Hot Chicken Flavor Sauce 200g,$8.79,In Stock,/collections/all/products/samyang-buldak-carbonara-hot-chicken-flavor-sauce-200g,2025-11-28 16:31:56
Yamasa Brewed Soy Sauce 17oz,$5.49,In Stock,/collections/all/products/yamasa-brewed-soy-sauce-500ml,2025-11-28 16:31:56
S&B Tasty Soymilk & Corn Stew Sauce Mix 160g,$6.79,In Stock,/collections/all/products/s-b-tasty-soymilk-corn-stew-sauce-mix-160g,2025-11-28 16:31:56
Dongwon Tuna Light Standard 150g (Pack of 4),$17.79,In Stock,/collections/all/products/dongwon-tuna-light-standard-600g,2025-11-28 16:31:56
Erawan Oriental Style Noodle (Size XL) 16oz,$3.99,In Stock,/collections/all/products/erawan-oriental-style-noodle-size-extra-large-454g,2025-11-28 16:31:56
Erawan Oriental Style Noodle (Size L) 16oz,$2.79,In Stock,/collections/all/products/erawan-oriental-style-noodle-size-l-454g,2025-11-28 16:31:56
Ottogi Wheat Extra Thin Round Noodle 900g,$9.99,In Stock,/collections/all/products/ottogi-wheat-extra-thin-round-noodle-900g,2025-11-28 16:31:56
Nongshim Shin Bowl Noodle Soup Gourmet Spicy Bundle 86g x 12 Packs,$29.49,In Stock,/collections/all/products/nongshim-shin-bowl-noodle-soup-gourmet-spicy-bundle-86g-x-12-packs,2025-11-28 16:31:56
Little Sheep Mushroom Soup Base for Hot Pot 4.93oz,$7.29,In Stock,/collections/all/products/little-sheep-mushroom-soup-base-for-hot-pot-140g,2025-11-28 16:31:56
House Foods Java Curry Hot 6.52oz,$7.79,In Stock,/collections/all/products/house-foods-java-curry-hot-185g,2025-11-28 16:31:56
House Foods Vermont Curry Mild 8.11oz,$8.29,In Stock,/collections/all/products/house-foods-vermont-curry-mild-230g,2025-11-28 16:31:56
Ottogi 3Min. Black Bean Sauce 160g,$4.99,In Stock,/collections/all/products/ottogi-3min-black-bean-sauce-160g,2025-11-28 16:31:56
Ottogi Rice Porridge with Egg & Vegetable 285g,$7.79,In Stock,/collections/all/products/ottogi-rice-porridge-with-egg-vegetable-285g,2025-11-28 16:31:56
Hakubaku Organic Somen 9.5oz,$5.49,In Stock,/collections/all/products/hakubaku-organic-somen-269g,2025-11-28 16:31:56
Shirakiku Japanese Style Noodles Udon 35.27oz,$8.29,In Stock,/collections/all/products/shirakiku-japanese-style-noodles-udon-1kg,2025-11-28 16:31:56
Shirakiku Japanese Style Buck Wheat Noodle 28.21oz,$8.29,In Stock,/collections/all/products/shirakiku-japanese-style-buck-wheat-noodle-800g,2025-11-28 16:31:56
Chung Jung One 100% Korean Hot Pepper Paste 1.1lb,$17.29,In Stock,/collections/all/products/chungjungone-100-korean-hot-pepper-paste-500g,2025-11-28 16:31:56
"Chung Jung One Hot Pepper Paste 1.1lb, Mild",$9.99,In Stock,/collections/all/products/chungjungone-hot-pepper-paste-500g-mild,2025-11-28 16:31:56
CJ Bulgogi Marinade Korean BBQ Original Sauce 1.1lb,$7.29,In Stock,/collections/all/products/cj-bulgogi-marinade-korean-bbq-original-sauce-500g,2025-11-28 16:31:56
"Nongshim Shin Ramyun Noodle Soup 120g x 16 Pkgs, 1.92kg",$27.49,In Stock,/collections/all/products/nongshim-shin-ramyun-noodle-soup-120g-x-16-pkgs-1-92kg,2025-11-28 16:31:56
Tai Mung Bean Vermicelli 6.3oz,$2.79,In Stock,/collections/all/products/tai-mung-bean-longkou-vermicelli-180g,2025-11-28 16:31:56
Shirakiku Inaka Udon Japanese Style Noodles 16oz,$6.29,In Stock,/collections/all/products/shirakiku-inaka-udon-japanese-style-noodles-454g,2025-11-28 16:31:56
Sinbo Canton Noodles (Dried Shrimp) Oriental Style (Thin) 375g,$2.79,In Stock,/collections/all/products/sinbo-canton-noodles-dried-shrimp-oriental-style-thin-375g,2025-11-28 16:31:56
Erawan Oriental Style Noodle (Size S) 16oz,$3.99,In Stock,/collections/all/products/erawan-oriental-style-noodle-size-s-454g,2025-11-28 16:31:56
Long Kow Hsin Chun Rice Noodles 200g,$7.29,In Stock,/collections/all/products/long-kow-hsin-chun-rice-noodles-200g,2025-11-28 16:31:56
Ottogi Wheat Noodle Thin Round 900g,$10.49,In Stock,/collections/all/products/ottogi-wheat-noodle-thin-round-900g,2025-11-28 16:31:56
S&B Tasty Hayashi Rice Japanese Gravy Mix 5.6oz,$6.79,In Stock,/collections/all/products/s-b-tasty-hayashi-rice-japanese-gravy-mix-160g,2025-11-28 16:31:56
Crd Daechun Vegetable Laver 2/1.41Oz,$6.79,In Stock,/collections/all/products/choripdong-vegetable-laver-40g-1-1-special,2025-11-28 16:31:56
Crd Daechun Chilli Laver 2/2.82Oz,$6.79,In Stock,/collections/all/products/choripdong-daechun-chili-laver-40g-x-2-packs,2025-11-28 16:31:56
Youki Shisen Tobanjan Seasoning 225g,$12.29,In Stock,/collections/all/products/youki-shisen-tobanjan-seasoning-225g,2025-11-28 16:31:56
Yamasa Organic Tamari Soy Sauce 5oz,$9.99,In Stock,/collections/all/products/yamasa-organic-tamari-soy-sauce-148ml,2025-11-28 16:31:56
Yamasa Brewed Soy Sauce 5oz,$4.49,In Stock,/collections/all/products/yamasa-brewed-soy-sauce-148ml,2025-11-28 16:31:56
Yamasa Brewed Less Salt Soy Sauce 5oz,$4.99,In Stock,/collections/all/products/yamasa-brewed-less-salt-soy-sauce-148ml,2025-11-28 16:31:56
Mizkan Ginger Flavored Dressing 8.4oz,$9.99,In Stock,/collections/all/products/mizkan-ginger-flavored-dressing-248ml,2025-11-28 16:31:56
Marukan Lite Seasoned Rice Vinegar 12oz,$5.49,In Stock,/collections/all/products/marukan-lite-seasoned-rice-vinegar-355ml,2025-11-28 16:31:56
Maille Old Style Mustard 8.5oz,$8.79,In Stock,/collections/all/products/maille-old-style-mustard-243g,2025-11-28 16:31:56
Lee Kum Kee Hoisin Sauce 8.5oz,$4.99,In Stock,/collections/all/products/lee-kum-kee-hoisin-sauce-240g,2025-11-28 16:31:56
Lee Kum Kee Chili Garlic Sauce 8oz,$6.29,In Stock,/collections/all/products/lee-kum-kee-chili-garlic-sauce-226g,2025-11-28 16:31:56
Kikkoman Unagi Sushi Sauce 11.8oz,$6.79,In Stock,/collections/all/products/kikkoman-unagi-sushi-sauce-335g,2025-11-28 16:31:56
Kikkoman Sweet Soy Glaze 11.8oz,$6.79,In Stock,/collections/all/products/kikkoman-sweet-soy-glaze-335g,2025-11-28 16:31:56
Kikkoman Traditionally Brewed Organic Soy Sauce 10fl.oz,$8.79,In Stock,/collections/all/products/kikkoman-traditionally-brewed-organic-soy-sauce-296ml,2025-11-28 16:31:56
Morinaga Hi-Chew Mixed-Soft Candy Tropical Mix 12.7oz,$10.39,In Stock,/collections/all/products/morinaga-hi-chew-mixed-soft-candy-tropical-mix-360g,2025-11-28 16:31:56
Ottogi Vermont Curry Gold Mild 100g,$8.29,In Stock,/collections/all/products/ottogi-vermont-curry-gold-mild-100g,2025-11-28 16:31:56
Ottogi Curry Hot 100g,$5.49,In Stock,/collections/all/products/ottogi-curry-hot-100g,2025-11-28 16:31:56
Ottogi 3Min. Curry Sauce Medium  190g,$4.99,In Stock,/collections/all/products/ottogi-3min-curry-sauce-medium-190g,2025-11-28 16:31:56
House Foods Vermont Curry Medium Hot 8.11oz,$8.29,In Stock,/collections/all/products/house-foods-vermont-curry-medium-hot-230g,2025-11-28 16:31:56
S&B Tasty Curry Medium Hot 7oz,$6.79,In Stock,/collections/all/products/s-b-tasty-curry-medium-hot-200g,2025-11-28 16:31:56
S&B Golden Curry Sauce with Vegetables Hot 8.1oz,$5.49,In Stock,/collections/all/products/s-b-golden-curry-sauce-with-vegetables-230g,2025-11-28 16:31:56
S&B Curry Sauce with Vegetables Hot 7.4oz,$3.29,In Stock,/collections/all/products/s-b-curry-sauce-with-vegetables-hot-210g,2025-11-28 16:31:56
S&B Curry Sauce with Vegetables Mild 7.4oz,$3.29,In Stock,/collections/all/products/s-b-curry-sauce-with-vegetables-mild-210g,2025-11-28 16:31:56
Sempio Seasoning Soy Sauce 500ml,$5.49,In Stock,/collections/all/products/sempio-seasoning-soy-sauce-500ml,2025-11-28 16:31:56
Shirakiku All Natural Yuzu Extract 6.7oz,$17.79,In Stock,/collections/all/products/shirakiku-all-natural-yuzu-extract-200ml,2025-11-28 16:31:56
Shirakiku Tonkatsu Sauce Vegetable & Fruit Sauce 18oz,$7.79,In Stock,/collections/all/products/shirakiku-tonkatsu-sauce-vegetable-fruit-sauce-510g,2025-11-28 16:31:56
Shirakiku Cooking Wine 13.52oz,$5.49,In Stock,/collections/all/products/shirakiku-cooking-wine-400ml,2025-11-28 16:31:56
Ottogi Sesame Oil 80ml,$6.79,In Stock,/collections/all/products/ottogi-sesame-oil-80ml,2025-11-28 16:31:56
Otafuku Yakisoba Sauce 17.6oz,$10.99,In Stock,/collections/all/products/otafuku-yakisoba-sauce-500g,2025-11-28 16:31:56
Mizkan Yuzu Flavored Dressing 8.4oz,$9.99,In Stock,/collections/all/products/mizkan-yuzu-flavored-dressing-248ml,2025-11-28 16:31:56
Mizkan Sesame Flavored Dressing 8.4oz,$9.99,In Stock,/collections/all/products/mizkan-sesame-flavored-dressing-250ml,2025-11-28 16:31:56
Little Sheep Hot Pot Soup Base Plain Flavor 4.59oz,$7.29,In Stock,/collections/all/products/little-sheep-hot-pot-soup-base-plain-flavor-130g,2025-11-28 16:31:56
Wei-Chuan Organic Soybeans 14oz,$4.99,In Stock,/collections/all/products/wei-chuan-organic-soybeans-396g,2025-11-28 16:31:56
Huy Fong Sriracha Hot Chili Sauce 28oz,$10.99,In Stock,/collections/all/products/huy-fong-sriracha-hot-chili-sauce-793g,2025-11-28 16:31:56
Lee Kum Kee Chiu Chow Style Chili Oil 7.2oz,$7.29,In Stock,/collections/all/products/lee-kum-kee-chiu-chow-style-chili-oil-205g,2025-11-28 16:31:56
Mizkan Creamy Sesame Dressing 8.4oz,$9.99,In Stock,/collections/all/products/mizkan-creamy-sesame-dressing-250ml,2025-11-28 16:31:56
CJ Chicken and Pork Marinade Korean Bbq Original Sauce (Hot & Spicy Flavor) 500g,$7.79,In Stock,/collections/all/products/cj-chicken-and-pork-marinade-korean-bbq-original-saucehot-spicy-flavor-500g,2025-11-28 16:31:56
Lotte Milkis Carbonated Drink Original Flavor 250ml x 6 Cans,$8.79,In Stock,/collections/all/products/lotte-milkis-carbonated-drink-original-flavor-250ml-x-6pk,2025-11-28 16:31:56
Kasugai Frutia Yuzu Gummy Candy 3.59oz,$3.79,In Stock,/collections/all/products/kasugai-frutia-yuzu-gummy-candy-102g,2025-11-28 16:31:56
Milkita Vanilla Shake Candy 120g,$3.79,In Stock,/collections/all/products/milkita-vanilla-shake-candy-120g,2025-11-28 16:31:56
Milkita Honeydew Shake Candy 120g,$3.79,In Stock,/collections/all/products/milkita-honeydew-shake-candy-120g,2025-11-28 16:31:56
Milkita Chocolate Shake Candy 120g,$3.39,In Stock,/collections/all/products/milkita-chocolate-shake-candy-120g,2025-11-28 16:31:56
Milkita Banana Shake Candy 4.23oz,$3.79,In Stock,/collections/all/products/milkita-banana-shake-candy-120g,2025-11-28 16:31:56
Lotte Chewing Candy Milk 79g,$4.69,In Stock,/collections/all/products/lotte-chewing-candy-milk-79g,2025-11-28 16:31:56
Eiwa Hello Kitty Tropical Pineapple Marshmallow 3.1oz,$3.79,In Stock,/collections/all/products/eiwa-hello-kitty-tropical-pineapple-marshmallow-90g,2025-11-28 16:31:56
Songwha Korean Red Ginseng Hard Candy 100g,$3.99,In Stock,/collections/all/products/songhwa-korean-red-ginseng-hard-candy-100g,2025-11-28 16:31:56
Tony's Chocolonely 70% Dark Chocolate 180g,$8.79,In Stock,/collections/all/products/tonys-chocolonely-70-dark-chocolate-180g,2025-11-28 16:31:56
Tony's Chocolonely 32% Milk Chocolate 180g,$8.79,In Stock,/collections/all/products/tonys-chocolonely-32-milk-chocolate-180g,2025-11-28 16:31:56
Tony's Chocolonely 32% Milk Chocolate Caramel Sea Salt 180g,$8.79,In Stock,/collections/all/products/tonys-chocolonely-32-milk-chocolate-caramel-sea-salt-180g,2025-11-28 16:31:56
Tony's Chocolonely 51% Dark Chocolate Almond Sea Salt 180g,$8.79,In Stock,/collections/all/products/tonys-chocolonely-dark-chocolate-almond-sea-salt-180g,2025-11-28 16:31:56
S&B Golden Curry Sauce with Vegetables Medium Hot 8.1oz,$5.49,In Stock,/collections/all/products/s-b-golden-curry-sauce-with-vegetables-medium-hot-230g,2025-11-28 16:31:56
S&B Golden Curry Sauce with Vegetables Mild 8.1oz,$5.49,In Stock,/collections/all/products/s-b-golden-curry-sauce-with-vegetables-mild,2025-11-28 16:31:56
S&B Golden Curry Sauce with Vegetables Extra Hot 8.1oz,$5.49,In Stock,/collections/all/products/s-b-golden-curry-sauce-with-vegetables-extra-hot,2025-11-28 16:31:56
Ottogi Premium Vermont Curry Hot 200g,$8.79,In Stock,/collections/all/products/ottogi-premium-vermont-curry-hot-200g,2025-11-28 16:31:56
Lee Kum Kee Sauce for Sichuan Style Mabo Tofu Hot 70g,$3.29,In Stock,/collections/all/products/lee-kum-kee-sauce-for-sichuan-style-mabo-tofu-70g,2025-11-28 16:31:56
Lee Kum Kee Sauce for Mabo Tofu Medium Hot 70g,$3.29,In Stock,/collections/all/products/lee-kum-kee-sauce-for-mabo-tofu-70g,2025-11-28 16:31:56
Ottogi Curry Medium 100g,$5.49,In Stock,/collections/all/products/ottogi-curry-medium-100g,2025-11-28 16:31:56
Ottogi 3Min. Spicy Sauce with Octopus 150g,$5.49,In Stock,/collections/all/products/ottogi-3min-spicy-sauce-with-octopus-150g,2025-11-28 16:31:56
Ottogi 3Min. Hashed Brown Sauce 180g,$4.99,In Stock,/collections/all/products/ottogi-3min-hashed-brown-sauce-180g,2025-11-28 16:31:56
Ottogi Vegetable Cream Soup 80g,$6.29,In Stock,/collections/all/products/ottogi-vegetable-cream-soup-80g,2025-11-28 16:31:56
House Foods Vermont Curry Hot 8.11oz,$8.29,In Stock,/collections/all/products/house-foods-vermont-curry-hot-230g,2025-11-28 16:31:56
House Foods Kokumaru Curry Medium Hot 4.93oz,$6.79,In Stock,/collections/all/products/house-foods-kokumaru-curry-medium-hot-140g,2025-11-28 16:31:56
House Foods Kokumaro Curry Hot 4.93oz,$6.79,In Stock,/collections/all/products/house-foods-kokumaro-curry-hot-140g,2025-11-28 16:31:56
House Foods Java Curry Medium Hot 6.52oz,$8.29,In Stock,/collections/all/products/house-foods-java-curry-medium-hot-185g,2025-11-28 16:31:56
Ching Yeh Pork Fu 4oz,$6.79,In Stock,/collections/all/products/ching-yeh-pork-fu-4oz,2025-11-28 16:31:56
Morinaga Hi-Chew Kiwi 1.76oz,$1.69,In Stock,/collections/all/products/morinaga-hi-chew-kiwi-1-76oz,2025-11-28 16:31:56
Ottogi Sweet Pumpkin Porridge 10.05oz,$6.29,In Stock,/collections/all/products/ottogi-sweet-pumpkin-porridge-10-05oz,2025-11-28 16:31:56
Havista Traditional Potato Starch Stripe 12oz,$5.49,In Stock,/collections/all/products/havista-traditional-potato-starch-stripe-340g,2025-11-28 16:31:56
Shirakiku Japanese Style Buckwheat Noodles 31.8oz,$9.99,In Stock,/collections/all/products/shirakiku-japanese-style-buckwheat-noodles-900g,2025-11-28 16:31:56
Synear Sesame Rice Ball 16oz,$6.79,In Stock,/collections/all/products/synear-sesame-rice-ball-454g,2025-11-28 16:31:56
Synear Black Glutinous Black Sesame Rice 454g,$6.79,In Stock,/collections/all/products/synear-black-glutinous-black-sesame-rice-454g,2025-11-28 16:31:56
Jane-Jane Imitation Lobster Ball 8oz,$5.99,In Stock,/collections/all/products/jane-jane-imitation-lobster-ball-8oz,2025-11-28 16:31:56
Choripdong Leek Dumpling 2.87lb,$11.49,In Stock,/collections/all/products/choripdong-leek-dumpling-2-87lb,2025-11-28 16:31:56
Choripdong Vermicelli Dumpling 1.1lb,$5.49,In Stock,/collections/all/products/choripdong-vermicelli-dumpling-500g,2025-11-28 16:31:56
Hansang Kimchi Pancake 450g,$8.79,In Stock,/collections/all/products/hansang-kimchi-pancake-450g,2025-11-28 16:31:56
Wang Fish Cake (Square Type) 920g,$12.99,In Stock,/collections/all/products/wang-fish-cakesquare-type-920g,2025-11-28 16:31:56
Choripdong Vegetable Dumpling 2.87lb,$10.49,In Stock,/collections/all/products/choripdong-vegetable-dumpling-2-87lb,2025-11-28 16:31:56
88 Rice Cake Black Bean Sauce 1.23lb,$8.79,In Stock,/collections/all/products/88-rice-cake-black-bean-sauce-560g,2025-11-28 16:31:56
Hansang Bite-Size Dumplings Pork & Vegetable 1.5lb,$15.49,In Stock,/collections/all/products/hansang-bite-size-dumplings-pork-vegetable-680g,2025-11-28 16:31:56
Hansang Crispy Dumplings Pork & Vegetable 1.5lb,$11.79,In Stock,/collections/all/products/hansang-crispy-dumplings-pork-vegetable-680g,2025-11-28 16:31:56
Hansang Kimchi Dumpling 640g,$10.99,In Stock,/collections/all/products/hansang-kimchi-dumpling-640g,2025-11-28 16:31:56
Hansang Shrimp Big Gyoza Dumpling 1.23lb,$10.49,In Stock,/collections/all/products/hansang-shrimp-big-gyoza-dumpling-560g,2025-11-28 16:31:56
Hansang Vegetable Dumpling 640g,$9.49,In Stock,/collections/all/products/hansang-vegetable-dumpling-640g,2025-11-28 16:31:56
Choripdong Kimchi Dumpling with Pork 1.8lb,$15.49,In Stock,/collections/all/products/choripdong-kimchi-dumpling-with-pork-816g,2025-11-28 16:31:56
Hansang Spicy Veggie Dumpling 640g,$9.49,In Stock,/collections/all/products/hansang-spicy-veggie-dumpling-640g,2025-11-28 16:31:56
Hansang Sweet Veggie Dumpling 1.4lb,$12.29,In Stock,/collections/all/products/hansang-sweet-veggie-dumpling-1-4lb,2025-11-28 16:31:56
Pulmuone Flat Dumplings 700g,$14.99,In Stock,/collections/all/products/pulmuone-flat-dumplings-700g,2025-11-28 16:31:56
Pulmuone Kimchi Dumplings 720g,$14.29,In Stock,/collections/all/products/pulmuone-kimchi-dumplings-720g,2025-11-28 16:31:56
Surasang Leek Gyoza 16oz,$5.49,In Stock,/collections/all/products/surasang-leek-gyoza-454g,2025-11-28 16:31:56
Hansang Beef Bulgogi Stew with Mushrooms 600g,$18.79,In Stock,/collections/all/products/hansang-beef-bulgogi-stew-with-mushrooms-600g,2025-11-28 16:31:56
Surasang Korean Spicy Noodle Soup 462g,$11.79,In Stock,/collections/all/products/surasang-korean-spicy-noodle-soup-462g,2025-11-28 16:31:56
Surasang Korean Seafood Noodle Soup 460g,$11.79,In Stock,/collections/all/products/surasang-korean-seafood-noodle-soup-460g,2025-11-28 16:31:56
Itsuki Udon 627g,$7.79,In Stock,/collections/all/products/itsuki-udon-630g,2025-11-28 16:31:56
Wang Kimchi Flavor Udon 639g,$8.29,In Stock,/collections/all/products/wang-kimchi-flavor-udon-639g,2025-11-28 16:31:56
Pulmuone Tempura Udon Kit 16oz,$11.99,In Stock,/collections/all/products/pulmuone-tempura-udon-kit-486g,2025-11-28 16:31:56
O! Noodle Fresh Flat Noodle (Seafood Flavor) 440g,$7.29,In Stock,/collections/all/products/o-noodle-fresh-flat-noodleseafood-flavor-440g,2025-11-28 16:31:56
O! Noodle Fresh Flat Noodle (Kimchi Flavor) 15.52oz,$7.29,In Stock,/collections/all/products/o-noodle-fresh-flat-noodlekimchi-flavor-440g,2025-11-28 16:31:56
O! Noodle Champong Noodle 15.51oz,$6.79,In Stock,/collections/all/products/o-noodle-champong-noodle-15-51oz,2025-11-28 16:31:56
Hansang Spicy Sausage Stew Stock 420g,$10.99,In Stock,/collections/all/products/hansang-spicy-sausage-stew-stock-420g,2025-11-28 16:31:56
Hansang Soybean Paste Stew Stock 420g,$8.29,In Stock,/collections/all/products/hansang-soybean-paste-stew-stock-420g,2025-11-28 16:31:56
CJ Soybean Paste Seasoning 14.8oz,$10.99,In Stock,/collections/all/products/cj-soybean-paste-seasoning-14-8oz,2025-11-28 16:31:56
CJ Foods Korean-Style Chewy Noodles 16oz,$9.99,In Stock,/collections/all/products/cj-foods-korean-style-chewy-noodles-16oz,2025-11-28 16:31:56
House Foods Chinese Mabo Tofu Sauce Medium Hot 5.29oz,$6.79,In Stock,/collections/all/products/house-foods-chinese-mabo-tofu-sauce-medium-hot-150g,2025-11-28 16:31:56
House Foods Chinese Mabo Tofu Sauce Mild 5.29oz,$6.79,In Stock,/collections/all/products/house-foods-chinese-mabo-tofu-sauce-150g,2025-11-28 16:31:56
House Foods Chinese Mabo Tofu Sauce Hot 5.29oz,$7.79,In Stock,/collections/all/products/house-foods-chinese-mabo-tofu-sauce-hot-150g,2025-11-28 16:31:56
House Foods Curry Sauce with Vegetables Mild 7.4oz,$7.79,In Stock,/collections/all/products/house-foods-curry-sauce-with-vegetables-mild-200g,2025-11-28 16:31:56
House Foods Curry Sauce with Vegetables Hot 7.4oz,$6.29,In Stock,/collections/all/products/house-foods-curry-sauce-with-vegetables-hot-200g,2025-11-28 16:31:56
House Foods Curry Sauce with Vegetables Medium Hot 7.4oz,$6.29,In Stock,/collections/all/products/house-foods-curry-sauce-with-vegetables-200g,2025-11-28 16:31:56
House Foods Vermont Curry Hot 4.05oz,$5.49,In Stock,/collections/all/products/house-foods-vermont-curry-hot-115g,2025-11-28 16:31:56
House Foods Vermont Curry Medium Hot 4.05oz,$5.49,In Stock,/collections/all/products/house-foods-vermont-curry-medium-hot-115g,2025-11-28 16:31:56
House Foods Vermont Curry Mild 4.05oz,$5.49,In Stock,/collections/all/products/house-foods-vermont-curry-mild-115g,2025-11-28 16:31:56
S&B Japanese Style Curry Sauce with Vegetables Medium Hot 7.4oz,$3.29,In Stock,/collections/all/products/s-b-japanese-style-curry-sauce-with-vegetables-medium-hot-210g,2025-11-28 16:31:56
S&B Tasty Curry Mix Mild 7oz,$6.79,In Stock,/collections/all/products/s-b-tasty-curry-mix-mild-200g,2025-11-28 16:31:56
S&B Taste Curry Mix Hot 7oz,$6.79,In Stock,/collections/all/products/s-b-taste-curry-mix-hot-200g,2025-11-28 16:31:56
Wang Salted Mackerel Fillet 1.79lb,$27.99,In Stock,/collections/all/products/wang-salted-mackerel-fillet-1-79lb,2025-11-28 16:31:56
Choripdong Frozen Salted Mackerel Fillet 1lb,$14.49,In Stock,/collections/all/products/choripdong-frozen-salted-mackerel-fillet-1lb,2025-11-28 16:31:56
Shirakiku Top Grade Broiled Eel 9oz,$17.99,In Stock,/collections/all/products/shirakiku-top-grade-broiled-eel-255g,2025-11-28 16:31:56
Yamasa Red Kamaboko 6oz,$7.79,In Stock,/collections/all/products/yamasa-red-kamaboko-170g,2025-11-28 16:31:56
Wang Miss Bong Fish Sausage (Fish Cake) 340g,$9.99,In Stock,/collections/all/products/wang-miss-bong-fish-sausagefish-cake-340g,2025-11-28 16:31:56
CJ Bibigo Dotom Pork & Vegetable Mini Patty 16oz,$12.09,In Stock,/collections/all/products/cj-bibigo-dotom-pork-vegetable-mini-patty-16oz,2025-11-28 16:31:56
Shirakiku Kani Kamaboko Premium Gold Imitation Crab Stick 1.1lb,$8.79,In Stock,/collections/all/products/shirakiku-kani-kamaboko-premium-gold-imitation-crab-stick-500g,2025-11-28 16:31:56
CJ Bibigo Radish Kimchi Fried Rice 18oz,$12.29,In Stock,/collections/all/products/cj-bibigo-radish-kimchi-fried-rice-18oz,2025-11-28 16:31:56
Hansang Spicy Beef and Vegetable Soup 550g,$14.29,In Stock,/collections/all/products/hansang-spicy-beef-and-vegetable-soup,2025-11-28 16:31:56
Ajinomoto Vegetable Gyoza Dumplings 8.89oz,$7.29,In Stock,/collections/all/products/ajinomoto-vegetable-gyoza-dumplings-252g,2025-11-28 16:31:56
Organic Cut Peeled Carrots 1lb,$3.99,In Stock,/collections/all/products/organic-cut-peeled-carrots-1lb,2025-11-28 16:31:56
Organic Gala Apple 1 Each,$2.49,In Stock,/collections/all/products/organic-gala-apple,2025-11-28 16:31:56
Amerihua Peeled Garlic 1lb,$9.99,In Stock,/collections/all/products/amerihua-peeled-garlic-1lb,2025-11-28 16:31:56
Organic Cello Carrots 2lb,$3.99,In Stock,/collections/all/products/organic-cello-carrots,2025-11-28 16:31:56
Idaho Potatoes 5lb,$5.99,In Stock,/collections/all/products/idaho-potatoes-5lb,2025-11-28 16:31:56
Yellow Onion 2lb,$2.99,In Stock,/collections/all/products/yellow-onion-2lb,2025-11-28 16:31:56
Korean Singo Pear 1 Each,$6.29,In Stock,/collections/all/products/korean-singo-pear,2025-11-28 16:31:56
Hansang Soybean Paste Stew with Pork 1.1lb,$10.99,In Stock,/collections/all/products/hansang-soybean-paste-stew-with-pork-1-1lb,2025-11-28 16:31:56
Jinga Vegetable Porridge 500g,$9.49,In Stock,/collections/all/products/jinga-vegetable-porridge-500g,2025-11-28 16:31:56
Tobagi Country Style Green Onion Kimchi 12oz,$11.99,In Stock,/collections/all/products/tobagi-country-style-green-onion-kimchi-12oz,2025-11-28 16:31:56
O! Grain Premium Organic Brown Sweet Rice 3.5lb,$25.29,In Stock,/collections/all/products/o-grain-premium-organic-brown-sweet-rice-3-5lb,2025-11-28 16:31:56
O! Grain Premium Organic Brown Rice 3.5lb,$20.99,In Stock,/collections/all/products/o-grain-premium-organic-brown-rice-3-5lb,2025-11-28 16:31:56
O! Grain Premium Organic Rice 3.5lb,$21.99,In Stock,/collections/all/products/o-grain-premium-organic-rice-3-5lb,2025-11-28 16:31:56
Sam Su Gab San Brown Sweet Rice 4.4lb,$11.99,In Stock,/collections/all/products/sam-su-gab-san-4-4lb,2025-11-28 16:31:56
Sam Su Gab San Brown Rice 4.4lb,$10.99,In Stock,/collections/all/products/sam-su-gab-san-brown-rice-4-4lb,2025-11-28 16:31:56
Shirakiku Calrose Rice 5lb,$12.99,In Stock,/collections/all/products/shirakiku-calrose-rice-5lbs,2025-11-28 16:31:56
Sukina Sushi Rice 4.4lb,$14.29,In Stock,/collections/all/products/sukina-sushi-rice-4-4lb,2025-11-28 16:31:56
Tsurunoko Chutsubu Kuromame Na 4.23oz,$4.49,In Stock,/collections/all/products/tsurunoko-chutsubu-kuromame-na-120g,2025-11-28 16:31:56
AGF Cafe Latory Green Tea Latte 72g,$8.79,In Stock,/collections/all/products/agf-cafe-latory-green-tea-latte-72g,2025-11-28 16:31:56
Harney & Sons Japanese Sencha 1.4oz,$10.99,In Stock,/collections/all/products/harney-sons-japanese-sencha-40g,2025-11-28 16:31:56
Haio Ginger Tea with Honey 2.2lb,$11.79,In Stock,/collections/all/products/haio-ginger-tea-with-honey-2-2lb,2025-11-28 16:31:56
Haio Ume Plum Tea 2.2lb,$11.79,In Stock,/collections/all/products/haio-ume-plum-tea-2-2lb,2025-11-28 16:31:56
Yamamotoyama Green Tea 32g,$5.49,In Stock,/collections/all/products/yamamotoyama-green-tea-32g,2025-11-28 16:31:56
Yamamotoyama Genmai-Cha 48g,$5.49,In Stock,/collections/all/products/yamamotoyama-genmai-cha-48g,2025-11-28 16:31:56
Maeda-En Matcha Green Tea Powder Culinary Quality 1oz,$12.79,In Stock,/collections/all/products/maeda-en-matcha-green-tea-powder-culinary-quality-28g,2025-11-28 16:31:56
Ito En Matcha Green Tea Unsweetened Powder 56g,$19.79,In Stock,/collections/all/products/ito-en-matcha-green-tea-unsweetened-powder-56g,2025-11-28 16:31:56
Brons Coffee Brown Sugar Latte Powder 200g,$6.29,In Stock,/collections/all/products/brons-coffee-brown-sugar-latte-powder-200g,2025-11-28 16:31:56
Choripdong Brown Rice Green Tea 150g,$9.99,In Stock,/collections/all/products/choripdong-brown-rice-green-tea-150g,2025-11-28 16:31:56
Choripdong Polygonatum Tea 120g,$13.29,In Stock,/collections/all/products/choripdong-polygonatum-tea-120g,2025-11-28 16:31:56
Choripdong Roasted Barley Tea 2lb,$7.29,In Stock,/collections/all/products/choripdong-roasted-barley-tea-2lb,2025-11-28 16:31:56
Choripdong Roasted Corn Tea 2lb,$7.79,In Stock,/collections/all/products/choripdong-roasted-corn-tea-2lb,2025-11-28 16:31:56
Yamamotoyama Jasmine Tea 32g,$5.49,In Stock,/collections/all/products/yamamotoyama-jasmine-tea-32g,2025-11-28 16:31:56
"Maxim Mocha Gold Mild Coffee Mix 20 Sticks, 240g",$7.79,In Stock,/collections/all/products/maxim-mocha-gold-mild-240g,2025-11-28 16:31:56
"Maxim Arabica 100 Coffee Mix 20 Sticks, 236g",$9.99,In Stock,/collections/all/products/maxim-arabica-100-236g,2025-11-28 16:31:56
Mud Coffee Mudtrucker Blend 340g,$19.99,In Stock,/collections/all/products/mud-coffee-mudtrucker-blend-340g,2025-11-28 16:31:56
Mud Coffee Mojo Espresso Blend 340g,$19.99,In Stock,/collections/all/products/mud-coffee-mojo-espresso-blend-340g,2025-11-28 16:31:56
Maxim Kanu Dark Roast Americano 27g,$15.49,In Stock,/collections/all/products/maxim-kanu-dark-roast-americano-27g,2025-11-28 16:31:56
Nokchawon Green Tea Powder 50g,$11.79,In Stock,/collections/all/products/l,2025-11-28 16:31:56
Hamasaen Green Tea Powder Omatcha 40g,$7.79,In Stock,/collections/all/products/hamasaen-green-tea-powder-omatcha-40g,2025-11-28 16:31:56
Ito En Matcha Green Tea Sweet Matcha 120g,$17.29,In Stock,/collections/all/products/ito-en-matcha-green-tea-sweet-matcha-120g,2025-11-28 16:31:56
Greenmax Yam & Multi Grains Cereal 14.8oz,$9.49,In Stock,/collections/all/products/greenmax-yam-multi-grains-cereal,2025-11-28 16:31:56
Macchairi Konacha Marushichi Suzuki Br. 250g,$7.79,In Stock,/collections/all/products/macchairi-konacha-marushichi-suzuki-br-250g,2025-11-28 16:31:56
Ito En Mugicha Barley Tea 14.3oz,$9.49,In Stock,/collections/all/products/ito-en-mugicha-barley-tea-405g,2025-11-28 16:31:56
"Twinings of London Herbal Tea Pure Peppermint 20 Tea Bags, 40g",$6.79,In Stock,/collections/all/products/twinings-pure-peppermint-40g,2025-11-28 16:31:56
"Twinings of London Herbal Tea Lemon & Ginger 20 Tea Bags, 30g",$6.79,In Stock,/collections/all/products/twinings-lemon-ginger-30g,2025-11-28 16:31:56
"Twinings of London Green Tea 20 Tea Bags, 40g",$6.79,In Stock,/collections/all/products/twinings-green-tea-40g,2025-11-28 16:31:56
Ito En Oi Ocha Matcha Genmaicha 40g,$8.79,In Stock,/collections/all/products/ito-en-oi-ocha-matcha-genmaicha-40g,2025-11-28 16:31:56
Ito En Oi Ocha Green Tea 40g,$8.79,In Stock,/collections/all/products/ito-en-oi-ocha-green-tea-40g,2025-11-28 16:31:56
Ito En Genmaicha Green Tea with Roasted Rice 10.6oz,$15.49,In Stock,/collections/all/products/ito-en-genmaicha-green-tea-with-roasted-rice-300g,2025-11-28 16:31:56
Ito En Matcha Green Tea Traditional 30g,$9.49,In Stock,/collections/all/products/ito-en-matcha-green-tea-traditional-30g,2025-11-28 16:31:56
Giraldo Farms Amaretto 50g,$7.79,In Stock,/collections/all/products/giraldo-farms-amaretto-50g,2025-11-28 16:31:56
Giraldo Farms Hazelnut 50g,$7.79,In Stock,/collections/all/products/giraldo-farms-hazelnut-50g,2025-11-28 16:31:56
Ito En Matcha Green Tea Jasmine 30g,$9.49,In Stock,/collections/all/products/ito-en-matcha-green-tea-jasmine-30g,2025-11-28 16:31:56
Ito En Matcha Green Tea Lemongrass 30g,$9.49,In Stock,/collections/all/products/ito-en-matcha-green-tea-lemongrass-30g,2025-11-28 16:31:56
Ito En Matcha Green Tea Ginger 30g,$9.49,In Stock,/collections/all/products/ito-en-matcha-green-tea-ginger-30g,2025-11-28 16:31:56
Fatbuster Original Blend 34g,$6.79,In Stock,/collections/all/products/fatbuster-original-blend-34g,2025-11-28 16:31:56
Fatbuster Green Tea Flavor 34g,$6.79,In Stock,/collections/all/products/fatbuster-green-tea-34g,2025-11-28 16:31:56
Dynasty Roasted Green Tea Hoji-Cha 32g,$4.49,In Stock,/collections/all/products/dynasty-roasted-green-tea-32g,2025-11-28 16:31:56
Dynasty Green Tea 32g,$5.49,In Stock,/collections/all/products/dynasty-green-tea-32g,2025-11-28 16:31:56
Dynasty Oolong Tea 32g,$5.49,In Stock,/collections/all/products/dynasty-oolong-tea-32g,2025-11-28 16:31:56
Dynasty Ginseng Tea 32g,$4.99,In Stock,/collections/all/products/dynasty-ginseng-tea-32g,2025-11-28 16:31:56
Maxim Mocha Gold Mild Coffee 175g,$19.79,In Stock,/collections/all/products/maxim-mocha-gold,2025-11-28 16:31:56
Maxim Original Coffee 175g,$19.79,In Stock,/collections/all/products/maxim-original-coffee-175g,2025-11-28 16:31:56
"Maxim Original Coffee Mix 100 Sticks, 41.62oz",$30.79,In Stock,/collections/all/products/maxim-original,2025-11-28 16:31:56
"Maxim Mocha Gold Mild Coffee Mix 100 Sticks, 42.33oz",$30.79,In Stock,/collections/all/products/maxim-mocha-gold-mild-1-200g,2025-11-28 16:31:56
Izzy's Organic Blue Agave Premium Organic Sweetener 664g,$10.49,In Stock,/collections/all/products/izzys-organic-blue-agave-premium-organic-sweetener-664g,2025-11-28 16:31:56
Gunter's Pure Honey Golden 16oz,$9.99,In Stock,/collections/all/products/gunters-pure-honey-golden-454g,2025-11-28 16:31:56
Gunter's Pure Honey Wildflower 16oz,$9.99,In Stock,/collections/all/products/gunters-pure-honey-wildflower-454g,2025-11-28 16:31:56
Jinga Assorted Korean Rice Cakes (S),$7.49,In Stock,/collections/all/products/assorted-korean-rice-cakess,2025-11-28 16:31:56
Mini Rice Cakes W/ Red Bean 12oz,$6.49,In Stock,/collections/all/products/assorted-gyeongdan,2025-11-28 16:31:56
Korean Pork Hock,$25.99,In Stock,/collections/all/products/korean-pork-hock,2025-11-28 16:31:56
Seafood Green Onion Pancake,$4.99,In Stock,/collections/all/products/seafood-mixed-pancake,2025-11-28 16:31:56
Pork Chicken Gyoza,$4.99,In Stock,/collections/all/products/pork-chicken-gyoza,2025-11-28 16:31:56
Tuna Mayo Onigiri,$3.99,In Stock,/collections/all/products/tuna-mayo,2025-11-28 16:31:56
Mini Kimbap,$9.99,In Stock,/collections/all/products/mini-kimbap,2025-11-28 16:31:56
Tuna Kimbap,$9.99,In Stock,/collections/all/products/tuna-kimbap,2025-11-28 16:31:56
Spam Kimbap,$9.49,In Stock,/collections/all/products/spam-kimbap,2025-11-28 16:31:56
Crab Meat Kimbap,$9.49,In Stock,/collections/all/products/crab-meat-kimbap,2025-11-28 16:31:56
Grilled Salmon Rice Bowl,$13.99,In Stock,/collections/all/products/grilled-salmon-bowl,2025-11-28 16:31:56
Spicy Bulgogi Rice Bowl,$11.99,In Stock,/collections/all/products/spicy-bulgogi-bowl,2025-11-28 16:31:56
Bb.Q Chicken Hot Spicy Boneless,$14.99,In Stock,/collections/all/products/bb-q-chicken-3,2025-11-28 16:31:56
Bb.Q Chicken Golden Original Boneless,$14.99,In Stock,/collections/all/products/bb-q-chicken-2,2025-11-28 16:31:56
Bb.Q Chicken Honey Garlic Boneless,$14.99,In Stock,/collections/all/products/bb-q-chicken-1,2025-11-28 16:31:56
Bb.Q Chicken Honey Garlic Wing,$16.99,In Stock,/collections/all/products/bb-q-chicken-honey-garlic-wing,2025-11-28 16:31:56
Tobagi Country Style Cubed Radish Kimchi 12oz,$8.99,In Stock,/collections/all/products/tobagi-country-style-cubed-radish-kimchi-12oz,2025-11-28 16:31:56
Tobagi Country Style Fresh Kimchi 10oz,$7.49,In Stock,/collections/all/products/tobagi-country-style-fresh-kimchi-10oz,2025-11-28 16:31:56
Jongga Cut Radish Kimchi (Kaktugi) 16.6oz,$10.99,In Stock,/collections/all/products/jongga-cut-radish-kimchi-500g,2025-11-28 16:31:56
Tobagi Country Style Cubed Radish Kimchi 26oz,$13.99,In Stock,/collections/all/products/tobagi-country-style-cubed-radish-kimchi-26oz,2025-11-28 16:31:56
Jinga Surimi Pancakes 12oz,$9.49,In Stock,/collections/all/products/jinga-surimi-pancakes-12oz,2025-11-28 16:31:56
1000 Year Kimchi Vegan Kimchi 26oz,$18.79,In Stock,/collections/all/products/1000-year-kimchi-vegan-kimchi-26oz,2025-11-28 16:31:56
Tobagi Country Style Premium Kimchi with Oyster 26oz,$16.99,In Stock,/collections/all/products/tobagi-country-style-premium-kimchi-with-oyster-26oz,2025-11-28 16:31:56
Tobagi Country Style Whole Cabbage Kimchi 4lbs,$25.99,In Stock,/collections/all/products/tobagi-country-style-whole-cabbage-kimchi-3lbs,2025-11-28 16:31:56
Tobagi Country Style Sliced Kimchi 3lbs (1.36kg),$22.99,In Stock,/collections/all/products/tobagi-country-style-sliced-kimchi-3lbs,2025-11-28 16:31:56
Jinga Glass Noodles with Vegetables 16oz,$9.49,In Stock,/collections/all/products/jinga-korean-noodles-with-veggie-16oz,2025-11-28 16:31:56
Jinga Braised Lotus Root 4oz,$6.49,In Stock,/collections/all/products/jinga-seasoned-lotus-root-4oz,2025-11-28 16:31:56
Jinga Japanese Style Seaweed Salad 4oz,$4.49,In Stock,/collections/all/products/jinga-japanese-style-seaweed-salad-4oz,2025-11-28 16:31:56
Jinga Bibimbap Vegetables 16oz,$12.99,In Stock,/collections/all/products/jinga-bibimbap-vegetables-16oz,2025-11-28 16:31:56
Jinga Tri Color Side Dishes 5oz,$5.99,In Stock,/collections/all/products/jinga-tri-color-korean-side-dishes-5oz,2025-11-28 16:31:56
Jinga Vegetable Trios 11oz,$10.99,In Stock,/collections/all/products/jinga-vegetable-trio-11oz,2025-11-28 16:31:56
Jinga Stir-Fried Tiny Anchovies 2oz,$8.49,In Stock,/collections/all/products/jinga-panfried-small-anchovy-2oz,2025-11-28 16:31:56
Jinga Panfried Crispy Shrimp 2oz,$7.49,In Stock,/collections/all/products/jinga-panfried-crispy-shrimp-2oz,2025-11-28 16:31:56
Jinga Stir-Fried Anchovies (S) 2oz,$7.99,In Stock,/collections/all/products/jinga-panfried-anchovy-2oz,2025-11-28 16:31:56
Jinga Salted Spicy Oyster 4oz,$9.99,In Stock,/collections/all/products/jinga-seasoned-oysters-korean-4oz,2025-11-28 16:31:56
Jinga Braised Black Beans 4oz,$5.29,In Stock,/collections/all/products/jinga-stir-fried-black-beans-4oz,2025-11-28 16:31:56
Jinga Stir-Fried Tiny Anchovies(Spicy) 2oz,$8.49,In Stock,/collections/all/products/jinga-stir-fried-jiri-anchovy-2oz,2025-11-28 16:31:56
Jinga Acorn Jelly Dipping Sauce 25oz,$8.99,In Stock,/collections/all/products/jinga-acorn-jelly-dipping-sauce-25oz,2025-11-28 16:31:56
Jinga Four Color Korean Side Dishes 5oz,$5.99,In Stock,/collections/all/products/jinga-four-color-korean-side-dishes,2025-11-28 16:31:56
Jinga Grilled Mackerel 9oz,$12.49,In Stock,/collections/all/products/grilled-mackarel-9oz,2025-11-28 16:31:56
Jinga Stir-Fried Fish Cake 4oz,$4.79,In Stock,/collections/all/products/panfried-fish-cake-4oz,2025-11-28 16:31:56
Jinga Salted Spicy Squid 5oz,$7.49,In Stock,/collections/all/products/seasoned-squid-5oz,2025-11-28 16:31:56
Jinga Seasoned Thin Dried Squid(S) 1oz,$7.99,In Stock,/collections/all/products/jinga-stire-fried-dried-squid-slices-1oz,2025-11-28 16:31:56
Jinga Salted Spicy Small Octopus 5oz,$11.99,In Stock,/collections/all/products/jinga-seasoned-baby-octopus-5oz,2025-11-28 16:31:56
Jinga Seasoned Cucumber 4oz,$5.49,In Stock,/collections/all/products/seasoned-cucumber-4oz,2025-11-28 16:31:56
Jinga Seasoned Picled Radish (S) 4oz,$4.99,In Stock,/collections/all/products/jinga-seasoned-radish-4oz,2025-11-28 16:31:56
Jinga Stir Fried Anchovy with Nuts 2oz,$6.49,In Stock,/collections/all/products/jinga-stir-fried-anchovy-with-nuts-2oz,2025-11-28 16:31:56
Jinga White Fish Pancakes 12oz,$11.99,In Stock,/collections/all/products/jinga-white-fish-pancakes,2025-11-28 16:31:56
Mizkan Fermented Soybeans with Seasoning Sauce 4.7oz,$3.29,In Stock,/collections/all/products/mizkan-fermented-soybeans-with-seasoning-sauce44-5g,2025-11-28 16:31:56
"Twinings of London Herbal Tea Pure Camomile 20 Tea Bags, 30g",$6.79,In Stock,/collections/all/products/twinnings-pure-camomile-1-06oz30g,2025-11-28 16:31:56
Haio Soybean Paste 1.1lb,$3.99,In Stock,/collections/all/products/haio-soybean-paste-1-1lb500g,2025-11-28 16:31:56
Wan Ja Shan Mild Sodium Dumpling Sauce 200ml,$5.49,In Stock,/collections/all/products/wan-ja-shan-mild-sodium-dumpling-sauce-200ml,2025-11-28 16:31:56
Spicy King Dan Dan Noodle Sauce 8oz,$4.49,In Stock,/collections/all/products/spicy-king-dan-dan-noodle-sauce-8oz227g,2025-11-28 16:31:56
Marukan Organic Rice Vinegar 12oz,$7.79,In Stock,/collections/all/products/marukan-organic-rice-vinegar-12oz355ml,2025-11-28 16:31:56
Sempio Soy Sauce Naturally Brewed 501 930ml,$8.79,In Stock,/collections/all/products/sempio-soy-sauce-naturally-brewed-930ml,2025-11-28 16:31:56
Sempio Soy Sauce for Soup 29.08oz,$6.79,In Stock,/collections/all/products/sempio-soy-sauce-for-soup-31-4oz,2025-11-28 16:31:56
Nishiki Sushi Vinegar 10oz,$5.49,In Stock,/collections/all/products/nishiki-sushi-vinegar-10oz300ml,2025-11-28 16:31:56
Marukan Seasoned Gourmet Rice Vinegar 24oz,$8.79,In Stock,/collections/all/products/marukan-seasoned-gourmet-rice-vinegar-710ml,2025-11-28 16:31:56
Tabasco Milder Than Original Green Pepper Sauce 2fl.oz,$3.29,In Stock,/collections/all/products/tabasco-milder-than-original-2oz59ml,2025-11-28 16:31:56
San-J Organic Shoyu Brewed Soy Sauce 10fl.oz,$6.79,In Stock,/collections/all/products/san-j-organic-shoyu-brewed-soy-sauce-296ml,2025-11-28 16:31:56
San-J Tamari Brewed Soy Sauce Gluten Free 10fl.oz,$6.29,In Stock,/collections/all/products/san-j-tamari-brewed-soy-sauce-296ml,2025-11-28 16:31:56
San-J Gluten Free Teriyaki Stir-Fry & Marinade 10fl.oz,$6.79,In Stock,/collections/all/products/san-j-gluten-free-teriyaki-stir-fry-marinade-296ml,2025-11-28 16:31:56
San-J Gluten Free Mongolian Stir-Fry & Marinade 10fl.oz,$7.29,In Stock,/collections/all/products/san-j-gluten-free-mongolian-stir-fry-marinade-296ml,2025-11-28 16:31:56
Ottogi Perilla Oil 320ml,$21.99,In Stock,/collections/all/products/ottogi-perilla-oil-320ml,2025-11-28 16:31:56
Otafuku Takoyaki Sauce 10.6oz,$7.29,In Stock,/collections/all/products/otafuku-takoyaki-sauce-300g,2025-11-28 16:31:56
Lee Kum Kee Peppercorn Chili Oil 3.9fl.oz,$4.49,In Stock,/collections/all/products/lee-kum-kee-peppercorn-chili-oil-115ml,2025-11-28 16:31:56
Lee Kum Kee Panda Brand Green Label Oyster Sauce 18oz,$5.49,In Stock,/collections/all/products/lee-kum-kee-panda-brand-green-label-oyster-sauce-18oz,2025-11-28 16:31:56
Lee Kum Kee Hoisin Sauce 14oz,$5.99,In Stock,/collections/all/products/lee-kum-kee-hoisin-sauce-397g,2025-11-28 16:31:56
Ottogi Tomato Ketchup 500g,$8.29,In Stock,/collections/all/products/ottogi-tomato-ketchup-500g,2025-11-28 16:31:56
Lee Kum Kee Black Bean Garlic Sauce 13oz,$7.29,In Stock,/collections/all/products/lee-kum-kee-black-bean-garlic-sauce-368g,2025-11-28 16:31:56
Chung Jung One Tonkatsu Sauce 250g,$4.99,In Stock,/collections/all/products/chungjungone-tonkatsu-sauce-250g,2025-11-28 16:31:56
Kikkoman Plum Sauce 9.3oz,$7.79,In Stock,/collections/all/products/kikkoman-plum-sauce-265g,2025-11-28 16:31:56
Hellmann's Real Mayonnaise 11.05oz,$8.79,In Stock,/collections/all/products/hellmanns-real-mayonnaise-340ml,2025-11-28 16:31:56
Chung Jung One Corn Syrup 700g,$6.79,In Stock,/collections/all/products/chungjungone-corn-syrup-700g,2025-11-28 16:31:56
Chung Jung One Cooking Syrup 700g,$6.79,In Stock,/collections/all/products/chungjungone-cooking-syrup-700g,2025-11-28 16:31:56
Chung Jung One Brown Rice Vinegar 500ml,$4.99,In Stock,/collections/all/products/chungjungone-brown-rice-vinegar-500ml,2025-11-28 16:31:56
Beksul Original Pure Sesame Oil 320ml,$15.49,In Stock,/collections/all/products/beksul-original-pure-sesame-oil-320ml,2025-11-28 16:31:56
Bragg Organic Apple Cider Vinegar 16oz,$7.79,In Stock,/collections/all/products/bragg-organic-apple-cider-vinegar-473ml,2025-11-28 16:31:56
Havista Chinese Cooking Wine 750ml,$5.49,In Stock,/collections/all/products/havista-chinese-cooking-wine-750ml,2025-11-28 16:31:56
Greenation Rice Red Pepper Paste 1.1lb,$5.49,In Stock,/collections/all/products/greenation-rice-red-pepper-paste-500g,2025-11-28 16:31:56
Chung Jung One Soy Sauce Naturally Brewed 840ml,$9.99,In Stock,/collections/all/products/chungjungone-soy-sauce-naturally-brewed-840ml,2025-11-28 16:31:56
Chung Jung One Rice Oligo Syrup 700g,$8.29,In Stock,/collections/all/products/chungjungone-rice-oligo-syrup-700g,2025-11-28 16:31:56
Filippo Berio Extra Virgin Olive Oil 16.9oz,$17.79,In Stock,/collections/all/products/filippo-berio-extra-virgin-olive-oil-500ml,2025-11-28 16:31:56
San Pellegrino Melograno & Arancia 330ml,$1.99,In Stock,/collections/all/products/copy-of-sanpellegrino-limonata-330ml,2025-11-28 16:31:56
Cantelope 1 each,$8.99,In Stock,/collections/all/products/cantelope-1ea,2025-11-28 16:31:56
Dry Coconut 1 Each,$2.99,In Stock,/collections/all/products/young-coconut,2025-11-28 16:31:56
Pomegranate 1 Each,$6.99,In Stock,/collections/all/products/pomegranate,2025-11-28 16:31:56
Anise 1 bunch,$3.49,In Stock,/collections/all/products/anise,2025-11-28 16:31:56
Pineapple 1 Each,$4.99,In Stock,/collections/all/products/pineapple,2025-11-28 16:31:56
Aloe Vera Leaf 1 each,$1.49,In Stock,/collections/all/products/aloe-vera-leaf,2025-11-28 16:31:56
Haitai Crushed Pear Drink 238ml,$2.79,In Stock,/collections/all/products/haitai-crushed-pear-drink-238ml,2025-11-28 16:31:56
Foco Juice Coconut Juice 11.8fl.oz,$2.79,In Stock,/collections/all/products/foco-juice-coconut-juice-11-8oz,2025-11-28 16:31:56
Lotte Sac Sac Orange 8.05fl.oz,$2.29,In Stock,/collections/all/products/lotte-sac-sac-orange-8-05oz,2025-11-28 16:31:56
"Pulmuone Spicy Jjolmyun 4Pk, 17.3oz",$9.99,In Stock,/collections/all/products/pulmuone-spicy-jjolmyun-4pk-17-3oz,2025-11-28 16:31:56
"Pulmuone Mild Ramen 4 Packs, 13.6oz",$9.99,In Stock,/collections/all/products/pulmuone-mild-ramen-4pk-13-6oz,2025-11-28 16:31:56
Meiji Choco Rich Strawberry Chocolate Sand 3.4oz,$6.29,In Stock,/collections/all/products/meiji-choco-rich-strawberry-chocolate-sand,2025-11-28 16:31:56
Haioreum Peeled Roasted Chestnuts 3.52oz,$2.79,In Stock,/collections/all/products/haioreum-peeled-roasted-chestnuts-3-52oz,2025-11-28 16:31:56
Meiji Macadamia Chocolate 2.52oz,$6.79,In Stock,/collections/all/products/meiji-choco-macadamia-nuts-chocolate-2-36oz,2025-11-28 16:31:56
Meiji Almond Chocolate 3.1oz,$6.29,In Stock,/collections/all/products/meiji-choco-almond-chocolate,2025-11-28 16:31:56
Miko Brand Sweet Miso Paste Less Sodium Non-GMO 1.1lb,$9.99,In Stock,/collections/all/products/miko-brand-sweet-miso-paste-less-dosium-non-gmo-17-6oz,2025-11-28 16:31:56
Marukome Organic Miso Reduced Sodium 13.2oz,$10.49,In Stock,/collections/all/products/marukome-organic-miso-reduced-sodium-13-2oz,2025-11-28 16:31:56
Hikari Miso Organic Mild Sodium Miso 17.6oz,$15.49,In Stock,/collections/all/products/hikari-miso-organic-mild-sodium-miso-17-6oz,2025-11-28 16:31:56
Hikari Miso Organic White Miso 17.6oz,$15.99,In Stock,/collections/all/products/hikari-miso-organic-white-miso-17-6oz,2025-11-28 16:31:56
Hikari Miso Organic Red Miso 17.6oz,$15.99,In Stock,/collections/all/products/hikari-miso-organic-red-miso-17-6oz,2025-11-28 16:31:56
Hanamaruki Soybean Paste Red Type 17.6oz,$7.79,In Stock,/collections/all/products/hanamaruki-soybean-paste-red-type-17-6oz,2025-11-28 16:31:56
Hanamaruki Soybean Paste White Type 17.6oz,$7.79,In Stock,/collections/all/products/hanamaruki-soybean-paste-white-type-17-6oz,2025-11-28 16:31:56
Miko Brand Mild Miso Paste Non-GMO 25% Less Sodium 1.1lb,$9.99,In Stock,/collections/all/products/miko-brand-mild-miso-paste-non-gmo-30-less-sodium-17-6oz,2025-11-28 16:31:56
Miko Brand Dashi Miso Paste Non-GMO 1.1lb,$9.99,In Stock,/collections/all/products/miko-brand-dashi-miso-paste-non-gmo-17-6oz,2025-11-28 16:31:56
Miko Brand Awase Miso Paste Non-GMO 1.1lb,$8.79,In Stock,/collections/all/products/miko-brand-awase-miso-paste-non-gmo-17-6oz,2025-11-28 16:31:56
Shirakiku Awase Miso Paste White & Red 26.45oz,$9.99,In Stock,/collections/all/products/shirakiku-awase-miso-paste-white-red-26-45oz,2025-11-28 16:31:56
KCC Miso Dashi Kappo (Miso with Dashi Stock) 500g,$8.79,In Stock,/collections/all/products/kcc-central-miso-paste-with-dashi-stock-17-6oz,2025-11-28 16:31:56
Chungwoo Mochi Chocolate Cookie 240g,$7.79,In Stock,/collections/all/products/chungwoo-mochi-chocolate-cookie-240g,2025-11-28 16:31:56
Orion Potato Chip Original 137g,$7.29,In Stock,/collections/all/products/orion-potato-chip-original-137g,2025-11-28 16:31:56
Crown Caramel Maple Corn Snack 154g,$5.49,In Stock,/collections/all/products/crown-caramel-maple-corn-snack-154g,2025-11-28 16:31:56
Nongshim Drumstick Chip Nuget 130g,$6.79,In Stock,/collections/all/products/nongshim-drumstick-chip-nuget-130g,2025-11-28 16:31:56
Haitai Sweet Potato Osatsu Snack 100g,$7.79,In Stock,/collections/all/products/haitai-sweet-potato-osatsu-snack-145g,2025-11-28 16:31:56
Calbee Takoyaki Ball 3.17oz,$3.99,In Stock,/collections/all/products/calbee-takoyaki-ball-3-17oz,2025-11-28 16:31:56
Chungwoo Chocolate Rice Cake Cookie 258g,$7.79,In Stock,/collections/all/products/chungwoo-chocolate-rice-cake-cookie-258g,2025-11-28 16:31:56
Chungwoo Bronoir Brownie Chocochip Cookie 6.98 oz,$7.79,In Stock,/collections/all/products/chungwoo-bronoir-chocochip-cookie-198g,2025-11-28 16:31:56
Lotte Binch Biscuits 204g,$8.29,In Stock,/collections/all/products/lotte-binch-biscuits-204g,2025-11-28 16:31:56
SFC Bio Jeju Hanrabong Sparkling 350ml,$1.79,In Stock,/collections/all/products/sfc-jeju-hanrabong-sparkling-350ml,2025-11-28 16:31:56
SFC Bio Sparkling Watermelon 350ml,$1.79,In Stock,/collections/all/products/sfc-watermelon-soda-350ml,2025-11-28 16:31:56
SFC Bio Sparkling Melon 350ml,$1.79,In Stock,/collections/all/products/sfc-melon-flavoured-soda-350ml,2025-11-28 16:31:56
Lotte Milkis Carbonated Drink Melon 250ml,$2.29,In Stock,/collections/all/products/lotte-milkis-melon-250ml,2025-11-28 16:31:56
Lotte 2% Refreshing Water 8.12oz,$2.29,In Stock,/collections/all/products/lotte-2-refreshing-water-8-12oz,2025-11-28 16:31:56
Tomomasu Mango Soda 300ml,$3.99,In Stock,/collections/all/products/tomomasu-mango-soda-300ml,2025-11-28 16:31:56
Kirin Afternoon Tea Straight Tea 1.5L,$8.79,In Stock,/collections/all/products/kirin-afternoon-tea-straight-tea-1-5l,2025-11-28 16:31:56
Sangaria Strawberry Milk Tea 8.96oz,$3.29,In Stock,/collections/all/products/sangria-strawberry-milk-tea-9-9oz,2025-11-28 16:31:56
Moshi Yuzu Sparkling Drink Yuzu Unsweetened 12oz,$4.49,In Stock,/collections/all/products/moshi-yuzu-sparkling-drink-yuzu-unsweetened-12oz,2025-11-28 16:31:56
Moshi Yuzu Sparkling Drink Yuzu Red Shiso & Apple 12oz,$4.49,In Stock,/collections/all/products/moshi-yuzu-sparkling-drink-yuzu-shiso-apple-12oz,2025-11-28 16:31:56
Moshi Yuzu Sparkling Drink Yuzu White Peach 12oz,$4.49,In Stock,/collections/all/products/moshi-yuzu-sparkling-drink-yuzu-white-peach-12oz,2025-11-28 16:31:56
Moshi Yuzu Sparkling Drink Yuzu 12oz,$4.49,In Stock,/collections/all/products/moshi-yuzu-sparkling-drink-yuzu-12oz,2025-11-28 16:31:56
Lotte Chilsung Cider 250ml,$2.29,In Stock,/collections/all/products/lotte-chilsung-cider-250ml,2025-11-28 16:31:56
Lotte Milkis Carbonated Drink Banana 250ml,$2.29,In Stock,/collections/all/products/lotte-milkis-banana-250ml,2025-11-28 16:31:56
Happy Clover Swiss Roll Cake Strawberry 7.05oz,$8.29,In Stock,/collections/all/products/happy-clover-swiss-roll-cake-strawberry-7-05oz,2025-11-28 16:31:56
Happy Clover Swiss Roll Cake Old Fashion 7.05oz,$8.79,In Stock,/collections/all/products/happy-clover-swiss-roll-cake-old-fashion-7-05oz,2025-11-28 16:31:56
Happy Clover Swiss Roll Cake Marble 7.05oz,$8.29,In Stock,/collections/all/products/happy-clover-swiss-roll-cake-marble-7-05oz,2025-11-28 16:31:56
Happy Clover Swiss Roll Cake White 7.05oz,$8.79,In Stock,/collections/all/products/happy-clover-swiss-roll-cake-white-7-05oz,2025-11-28 16:31:56
Organic Girl Baby Arugula 5oz,$5.99,In Stock,/collections/all/products/organic-girl-baby-arugula-5oz,2025-11-28 16:31:56
Cauliflower 1 each,$4.99,In Stock,/collections/all/products/ocean-mist-cauliflower,2025-11-28 16:31:56
Queen Victoria Boston Lettuce 5.8oz,$3.99,In Stock,/collections/all/products/queen-victoria-boston-lettuce,2025-11-28 16:31:56
Paramount Baby Sweet Broccolini 1 Bunch,$5.99,In Stock,/collections/all/products/paramount-sweet-broccolini,2025-11-28 16:31:56
House Foods Chinese Extra Soon Tofu 12oz,$2.99,In Stock,/collections/all/products/house-foods-chinese-extra-soon-tofu-12oz,2025-11-28 16:31:56
Cal Organic Cilantro 1 Bunch,$2.79,In Stock,/collections/all/products/cal-organic-organic-cilantro,2025-11-28 16:31:56
Jinga Ginger Puree 6oz,$8.99,In Stock,/collections/all/products/jinga-ginger-puree-6oz,2025-11-28 16:31:56
Chayote 1 each,$1.29,In Stock,/collections/all/products/chayote,2025-11-28 16:31:56
Organic Girl Super Greens 5oz,$5.99,In Stock,/collections/all/products/organic-girl-super-greens-5oz,2025-11-28 16:31:56
Sunkist Organic Navel Orange 1 Each,$2.49,In Stock,/collections/all/products/sunkist-organic-navel-oranges,2025-11-28 16:31:56
Ocean Mist Iceberg Lettuce,$3.99,In Stock,/collections/all/products/ocean-mist-iceberg-lettuce,2025-11-28 16:31:56
Purple Yam 1lb,$4.49,In Stock,/collections/all/products/h-mart-purple-yam,2025-11-28 16:31:56
Bloom Fresh Premium Goldenberry 4.4oz,$5.49,In Stock,/collections/all/products/bloom-fresh-premium-goldenberry-3-8oz,2025-11-28 16:31:56
Pulmuone Organic Tofu Soft 14oz,$2.99,In Stock,/collections/all/products/pulmuone-organic-tofu-soft-15-5oz,2025-11-28 16:31:56
Organic White Mushrooms 8oz,$3.99,In Stock,/collections/all/products/phillips-gourmet-organic-white-mushrooms-8oz,2025-11-28 16:31:56
Brussels Sprouts 10oz,$5.49,In Stock,/collections/all/products/goodness-gardens-brussels-sprouts-10oz,2025-11-28 16:31:56
Organic Mini Cucumber 14oz,$7.99,In Stock,/collections/all/products/mamamia-organic-mini-cucumber-14oz,2025-11-28 16:31:56
Lime Leaves,$5.99,In Stock,/collections/all/products/lime-leaves,2025-11-28 16:31:56
House Foods Tofu Shirataki Fettuccine 8oz,$3.99,In Stock,/collections/all/products/house-foods-tofu-shirataki-fettuccine-8oz,2025-11-28 16:31:56
Organic Girl 50/50 Spring Mix Baby Spinach 5oz,$5.99,In Stock,/collections/all/products/organic-girl-50-50-spring-mix-baby-spinach-5oz,2025-11-28 16:31:56
Sunshine Farms One Dozen Cage Free Medium Eggs,$5.99,In Stock,/collections/all/products/sunshine-farm-cage-free-medium-eggs-dz,2025-11-28 16:31:56
Land O Lakes Large Brown Eggs Grade A 12 Eggs,$6.49,In Stock,/collections/all/products/land-o-lakes-all-natural-brown-large-eggs-dz,2025-11-28 16:31:56
House Foods Tofu Shirataki Angel Hair 8oz,$3.99,In Stock,/collections/all/products/house-foods-tofu-shirataki-angel-hair-8oz,2025-11-28 16:31:56
Organic Girl Baby Spring Mix 5oz,$5.99,In Stock,/collections/all/products/organic-girl-baby-spring-mix-5oz,2025-11-28 16:31:56
Sugar Snap Pea 0.55lb,$3.49,In Stock,/collections/all/products/sugar-snap-peas,2025-11-28 16:31:56
Havista Fried Bean Curd 200g,$4.29,In Stock,/collections/all/products/havista-fried-bean-curd-200g,2025-11-28 16:31:56
Korean King Oyster Mushroom 1 Bag,$5.49,In Stock,/collections/all/products/whimori-king-oyster-mushroom-bag-s-korea,2025-11-28 16:31:56
Sunkist Minneola Orange,$1.49,In Stock,/collections/all/products/sunkist-minneola-oranges,2025-11-28 16:31:56
Jalapeno Pepper 1lb,$3.49,In Stock,/collections/all/products/h-mart-jalapeno,2025-11-28 16:31:56
Snow White Alfalfa Sprout 3.25oz,$2.49,In Stock,/collections/all/products/snow-white-alfalfa-sprout-3-25oz,2025-11-28 16:31:56
Phillips Gourmet Organic Shiitake 3.5oz,$7.99,In Stock,/collections/all/products/phillips-gourmet-org-shiitake-3-5oz,2025-11-28 16:31:56
"South Bay Fresh Radishes, USA 6oz",$1.29,In Stock,/collections/all/products/south-bay-fresh-radishes-usa-6oz,2025-11-28 16:31:56
Cabbage Savoy 2.5lb,$4.99,In Stock,/collections/all/products/cabbage-savoy,2025-11-28 16:31:56
House Foods Tofu Shirataki Spaghetti 8oz,$3.99,In Stock,/collections/all/products/house-foods-tofu-shirataki-spaghetti-8oz,2025-11-28 16:31:56
Jinga Garlic Puree 16oz,$13.99,In Stock,/collections/all/products/jinga-garlic-puree-china,2025-11-28 16:31:56
Hokuto Organic Maitake 100g,$4.49,In Stock,/collections/all/products/hokuto-organic-maitake-100g,2025-11-28 16:31:56
Atulfo Mangoes 1 each,$3.99,In Stock,/collections/all/products/atlulfo-mangoes,2025-11-28 16:31:56
House Foods BCD Soon Tofu Soup Kit Plain 13oz,$4.99,In Stock,/collections/all/products/house-foods-bcd-soon-tofu-plain-13oz,2025-11-28 16:31:56
Organic Hot House Cucumbers 1 Each,$4.49,In Stock,/collections/all/products/organic-hot-house-cucumbers,2025-11-28 16:31:56
Kale Greens 1 Bunch,$2.49,In Stock,/collections/all/products/h-mart-kale-greens,2025-11-28 16:31:56
Romain Lettuce 1 Bunch,$3.99,In Stock,/collections/all/products/h-mart-romain-lettuce,2025-11-28 16:31:56
House Foods Organic Tofu Medium Firm 14oz,$3.99,In Stock,/collections/all/products/house-foods-organic-tofu-medium-firm-14oz,2025-11-28 16:31:56
House Foods Soon Tofu Extra Soft 12oz,$2.99,In Stock,/collections/all/products/house-foods-soon-tofu-extra-soft-12oz,2025-11-28 16:31:56
Phillips Gourmet Organic Baby Bello Mushrooms 8oz,$5.99,In Stock,/collections/all/products/phillips-gourmet-organic-baby-bello-mushrooms-8oz,2025-11-28 16:31:56
Pulmuone Organic Tofu Silken 14oz,$2.99,In Stock,/collections/all/products/pulmuone-organic-tofu-silken-14oz,2025-11-28 16:31:56
Sunshine Farms Cage Free Large Brown 6 Eggs,$5.99,In Stock,/collections/all/products/sunshine-farm-cage-free-large-brown-6eggs,2025-11-28 16:31:56
Fresh Shredded Scallion 1 Pack,$3.99,In Stock,/collections/all/products/h-mart-korean-seasoned-sl-green-onion,2025-11-28 16:31:56
Nagaimo Yam 0.9lb,$5.49,In Stock,/collections/all/products/h-mart-nagaimo,2025-11-28 16:31:56
Mixed Pepper 1.32lb,$7.49,In Stock,/collections/all/products/h-mart-mix-pepper,2025-11-28 16:31:56
White Beech Mushroom 150g,$2.99,In Stock,/collections/all/products/finc-white-beech-mushroom-150g,2025-11-28 16:31:56
House Foods Tokusen Kinugosi Tofu Extra Soft 10oz,$3.49,In Stock,/collections/all/products/house-foods-tokusen-kinugosi-tofu-extra-soft10oz,2025-11-28 16:31:56
Okra 0.7lb,$4.29,In Stock,/collections/all/products/okra,2025-11-28 16:31:56
Hansang Rice Cake Sliced 2.2lb,$4.99,In Stock,/collections/all/products/hansang-rice-cake-2-2lb,2025-11-28 16:31:56
Green Seedless Grapes,$12.77,In Stock,/collections/all/products/lady-green-seedless,2025-11-28 16:31:56
American Leeks 1 bunch,$5.29,In Stock,/collections/all/products/american-leeks,2025-11-28 16:31:56
House Foods Organic Tofu Firm 14oz,$3.99,In Stock,/collections/all/products/house-foods-organic-tofu-firm-14oz,2025-11-28 16:31:56
Hokuto Bunashimeji Shimeji 3.5oz,$4.49,In Stock,/collections/all/products/hokuto-bunashimeji-organic-3-5oz,2025-11-28 16:31:56
Sweet Broccolini 1 Bunch,$5.49,In Stock,/collections/all/products/baby-broccolini,2025-11-28 16:31:56
Lemongrass 0.64lb,$4.47,In Stock,/collections/all/products/h-mart-lemon-grass,2025-11-28 16:31:56
Sunshine Farms Fresh Quail Eggs 18 Quail Eggs,$4.99,In Stock,/collections/all/products/windy-ridge-farms-fresh-quail-eggs-18-quail-eggs,2025-11-28 16:31:56
American Chive,$4.99,In Stock,/collections/all/products/h-mart-american-chive,2025-11-28 16:31:56
House Foods Organic Atsuage Tofu Cutlet 6.5oz,$4.49,In Stock,/collections/all/products/house-foods-org-atsuage-tofu-cutlet-6-5oz,2025-11-28 16:31:56
Delicious Apple 1 Each,$1.79,In Stock,/collections/all/products/h-mart-red-delicious-apple,2025-11-28 16:31:56
Driscolls Organic Strawberries 16oz,$8.29,In Stock,/collections/all/products/driscolls-organic-strawberries-16oz,2025-11-28 16:31:56
Basil,$3.99,In Stock,/collections/all/products/basil,2025-11-28 16:31:56
Winter Melon 1.5lb,$3.49,In Stock,/collections/all/products/h-mart-winter-melons,2025-11-28 16:31:56
Zespri Sungold Kiwi 1lb,$7.99,In Stock,/collections/all/products/zespri-sungold-kiwi-1lb,2025-11-28 16:31:56
Guans Fresh Woodear Mushroom 6oz,$4.99,In Stock,/collections/all/products/guans-fresh-woodear-mushroom-6oz,2025-11-28 16:31:56
Kabocha Whole 3.1lb,$7.99,In Stock,/collections/all/products/h-mart-kabocha,2025-11-28 16:31:56
Korean Pepper 0.45lb,$3.79,In Stock,/collections/all/products/h-mart-korean-pepper,2025-11-28 16:31:56
Organic Girl Baby Spinach 5oz,$5.99,In Stock,/collections/all/products/organic-girl-baby-spinach-5oz,2025-11-28 16:31:56
Husked Baby Corn 8oz,$4.49,In Stock,/collections/all/products/husked-baby-corn-8oz,2025-11-28 16:31:56
Enoki Mushroom 200g,$5.49,In Stock,/collections/all/products/enoki-mushroom-200g,2025-11-28 16:31:56
Pulmuone Premium Tofu Silken 16oz,$2.49,In Stock,/collections/all/products/pulmuone-premium-tofu-silken-16oz,2025-11-28 16:31:56
Sunshine Farms Cage Free Large Brown 12 Eggs,$4.99,In Stock,/collections/all/products/sunshine-farm-large-brown-12eggs,2025-11-28 16:31:56
Driscolls Organic Blackberry 6oz,$7.49,In Stock,/collections/all/products/driscolls-organic-blackberry-6oz,2025-11-28 16:31:56
Wawa Choy 1.1lb,$3.79,In Stock,/collections/all/products/h-mart-wawa-choy,2025-11-28 16:31:56
Driscolls Organic Raspberries 6oz,$7.49,In Stock,/collections/all/products/driscolls-organic-raspberries-6oz,2025-11-28 16:31:56
Dole Mini Cut Carrots 16oz,$1.99,In Stock,/collections/all/products/dole-mini-cut-carrots-16oz,2025-11-28 16:31:56
Brussel Spinach 1 Bunch,$3.29,In Stock,/collections/all/products/h-mart-brusel-spinach,2025-11-28 16:31:56
Pulmuone Organic Two Cup Tofu Firm 15.5oz,$3.49,In Stock,/collections/all/products/pulmuone-organic-two-cup-tofu-firm-15-5oz,2025-11-28 16:31:56
Asparagus,$4.49,In Stock,/collections/all/products/gdm-asparagus,2025-11-28 16:31:56
Shiso Leaf,$6.99,In Stock,/collections/all/products/shiso-leaf,2025-11-28 16:31:56
Sunshine Organic Medium Eggs 18 Eggs,$9.99,In Stock,/collections/all/products/sunchine-organic-medium-eggs-18eggs,2025-11-28 16:31:56
Mint,$3.99,In Stock,/collections/all/products/mint,2025-11-28 16:31:56
Baby Banana 1.84lb,$4.58,In Stock,/collections/all/products/baby-banana,2025-11-28 16:31:56
Krisp Pak Fresh Cello Spinach 10oz,$4.49,In Stock,/collections/all/products/krisp-pak-fresh-cello-spinach-10oz,2025-11-28 16:31:56
Korean Pears 3ct,$14.99,In Stock,/collections/all/products/korean-singo-pears-3ct,2025-11-28 16:31:56
Dole Fresh Whole Carrots 2lb,$2.99,In Stock,/collections/all/products/dole-fresh-whole-carrots-16oz,2025-11-28 16:31:56
Pineapple Cut,$4.49,In Stock,/collections/all/products/pineapple-cut-fruit,2025-11-28 16:31:56
5X6 Tomato 1.3lb,$3.99,In Stock,/collections/all/products/5x6-tomatoes,2025-11-28 16:31:56
Large White Mushroom 10oz,$3.99,In Stock,/collections/all/products/giorgio-gourmet-large-white-mushroom-10oz,2025-11-28 16:31:56
Korean Leek 1 Bunch,$5.99,In Stock,/collections/all/products/korean-leek,2025-11-28 16:31:56
Plain Parsley 1 Bunch,$1.49,In Stock,/collections/all/products/parsley-plain,2025-11-28 16:31:56
Mango 1 Each,$3.99,In Stock,/collections/all/products/h-mart-mango,2025-11-28 16:31:56
Driscolls Blackberries 6oz,$4.99,In Stock,/collections/all/products/driscolls-blackberries-6oz,2025-11-28 16:31:56
Seafood Mushrooms 5.3oz,$3.99,In Stock,/collections/all/products/guans-seafood-mushrooms-5-3oz,2025-11-28 16:31:56
Granny Smith Apple 1 Each,$1.79,In Stock,/collections/all/products/granny-smith-apple,2025-11-28 16:31:56
Papaya Cut,$4.99,In Stock,/collections/all/products/papaya-cut-fruit,2025-11-28 16:31:56
Sunshine Farms Large White Half Dozen Eggs,$4.49,In Stock,/collections/all/products/sunshine-farm-large-white-1-2dz-eggs,2025-11-28 16:31:56
Driscolls Organic Blueberries 6oz,$4.99,In Stock,/collections/all/products/driscolls-organic-blueberries-6oz,2025-11-28 16:31:56
Gai Lan Chinese Brocoli 0.64lb,$3.99,In Stock,/collections/all/products/h-mart-gai-lan-chinese-brocoli,2025-11-28 16:31:56
Sunshine Farms Large 18 Eggs 36oz,$9.99,In Stock,/collections/all/products/sunshine-large-white-foam-18eggs-36oz,2025-11-28 16:31:56
Shallots Onion 0.4lb,$2.49,In Stock,/collections/all/products/shallots-onion,2025-11-28 16:31:56
Hansang Rice Cake for Tteokbokki 500g,$3.29,In Stock,/collections/all/products/hansang-rice-cake-for-tteokbokki-500g,2025-11-28 16:31:56
Sook Gat (Crown Daisy) 0.7lb,$3.99,In Stock,/collections/all/products/h-mart-sook-gat,2025-11-28 16:31:56
Pulmuone Organic Two Cup Tofu Soft 15.5oz,$3.49,In Stock,/collections/all/products/pulmuone-organic-two-cup-tofu-soft-15-5oz,2025-11-28 16:31:56
Driscolls Raspberries 6oz,$9.49,In Stock,/collections/all/products/driscolls-rasberries-6oz,2025-11-28 16:31:56
Shiitake Mushrooms 3.5oz,$4.99,In Stock,/collections/all/products/phillips-gourmet-shiitake-mushrooms-usa-3-5oz,2025-11-28 16:31:56
Driscolls Limited Edition Blueberries 11oz,$19.99,In Stock,/collections/all/products/driscolls-limited-edition-blueberries-11oz,2025-11-28 16:31:56
Hansang Rice Cake Sliced 1.1lb,$2.99,In Stock,/collections/all/products/hansang-rice-cake-sliced-1-1lb,2025-11-28 16:31:56
Thai Basil,$3.99,In Stock,/collections/all/products/thai-basil,2025-11-28 16:31:56
Sand Pears 1.5lb,$4.71,In Stock,/collections/all/products/golden-sand-pears,2025-11-28 16:31:56
Driscolls Blueberries 1 Dry Pint,$8.99,In Stock,/collections/all/products/driscolls-blueberries-1dry-pint,2025-11-28 16:31:56
Bean Leaf 0.34lb,$5.25,In Stock,/collections/all/products/h-mart-bean-leaf,2025-11-28 16:31:56
Green Leaf Lettuce 1 Bunch,$3.49,In Stock,/collections/all/products/h-mart-green-leaf-lettuce,2025-11-28 16:31:56
Finc Brown Beech Mushroom 150g,$2.99,In Stock,/collections/all/products/finc-brown-beech-mushroom-150g,2025-11-28 16:31:56
Pink Lady Apple 1 Each,$1.79,In Stock,/collections/all/products/h-mart-pink-lady-apple,2025-11-28 16:31:56
Celery 1 Bunch,$2.99,In Stock,/collections/all/products/h-mart-celery,2025-11-28 16:31:56
Giorgio Baby Bella Mushroom 10oz,$3.99,In Stock,/collections/all/products/giorgio-baby-bella-mushroom-10oz,2025-11-28 16:31:56
Grey Squash 0.9lb,$3.00,In Stock,/collections/all/products/h-mart-grey-squash,2025-11-28 16:31:56
Golden Apple 1 Each,$1.79,In Stock,/collections/all/products/h-mart-golden-apple,2025-11-28 16:31:56
Sunripe Sweet Grape Tomatoes 10oz,$5.99,In Stock,/collections/all/products/sunripe-sweet-grape-tomatoes-10oz,2025-11-28 16:31:56
Red Leaf Lettuce 1 Bunch,$3.99,In Stock,/collections/all/products/h-mart-red-leaf-lettuce,2025-11-28 16:31:56
Pulmuone Organic Tofu Firm 14oz,$2.99,In Stock,/collections/all/products/pulmuone-organic-tofu-firm-14oz,2025-11-28 16:31:56
Pulmuone Premium Tofu Soft 16oz,$2.49,In Stock,/collections/all/products/pulmuone-premium-tofu-soft-16oz,2025-11-28 16:31:56
Stem Tomatoes 1lb,$2.99,In Stock,/collections/all/products/h-mart-stem-tomatoes,2025-11-28 16:31:56
Chinese Eggplant 1.40lb,$3.99,In Stock,/collections/all/products/h-mart-chinese-eggplant,2025-11-28 16:31:56
Mamamia Mini Cucumber 1lb,$6.29,In Stock,/collections/all/products/mamamia-mini-cucumber-1lb,2025-11-28 16:31:56
Watercress 1 Bunch,$1.99,In Stock,/collections/all/products/h-mart-watercress,2025-11-28 16:31:56
Sunshine Farms Organic Large 12 Eggs,$7.49,In Stock,/collections/all/products/sunshine-farm-organic-large-12-eggs,2025-11-28 16:31:56
Pulmuone Premium Tofu Firm 16oz,$2.49,In Stock,/collections/all/products/pulmuone-premium-tofu-firm-16oz,2025-11-28 16:31:56
Cal-Organic Scallions 1 Bunch,$2.99,In Stock,/collections/all/products/cal-organic-scallions,2025-11-28 16:31:56
Chives 1lb,$7.99,In Stock,/collections/all/products/h-mart-chive,2025-11-28 16:31:56
House Foods Premium Tofu Extra Firm 12oz,$2.99,In Stock,/collections/all/products/house-foods-tofu-extra-firm-12oz,2025-11-28 16:31:56
Spinach 1 Bunch,$2.99,In Stock,/collections/all/products/h-mart-bunch-spinich,2025-11-28 16:31:56
Mandarins 3lb,$8.99,In Stock,/collections/all/products/california-clementines-3lb-bag,2025-11-28 16:31:56
Oyster Mushrooms 0.5lb,$7.29,In Stock,/collections/all/products/h-mart-oyster-mushroom,2025-11-28 16:31:56
House Foods BCD Soon Tofu Soup Kit Extra Hot 13oz,$4.99,In Stock,/collections/all/products/house-foods-bcd-soon-tofu-extra-hot-13oz,2025-11-28 16:31:56
Baby Bok Choy 0.97lb,$3.49,In Stock,/collections/all/products/h-mart-baby-bok-choy,2025-11-28 16:31:56
Sunkist Navel Orange 1 Each,$1.99,In Stock,/collections/all/products/sunkist-navel-oranges,2025-11-28 16:31:56
Organic Hass Avocado 1 Each,$3.99,In Stock,/collections/all/products/valvilla-organic-hass-avocados,2025-11-28 16:31:56
Cara Cara Orange 1 Each,$1.99,In Stock,/collections/all/products/h-mart-cara-cara-orange,2025-11-28 16:31:56
House Foods BCD Soon Tofu Soup Kit Medium Hot 13oz,$4.99,In Stock,/collections/all/products/house-foods-bcd-soon-tofu-med-hot-13oz,2025-11-28 16:31:56
Peeled Garlic 0.70lb,$5.59,In Stock,/collections/all/products/h-mart-peeled-garlic,2025-11-28 16:31:56
House Foods BCD Soon Tofu Soup Kit Hot 13oz,$4.99,In Stock,/collections/all/products/house-foods-bcd-soon-tofu-hot-13oz,2025-11-28 16:31:56
House Foods Premium Tofu Medium Firm 14oz,$2.99,In Stock,/collections/all/products/house-foods-tofu-medium-firm-14oz,2025-11-28 16:31:56
Daikon Radish 2.2lb,$3.49,In Stock,/collections/all/products/daikon-radish,2025-11-28 16:31:56
Gala Apple 1 Each,$1.79,In Stock,/collections/all/products/gala-apple,2025-11-28 16:31:56
Driscolls Strawberry 16oz,$5.99,In Stock,/collections/all/products/driscolls-strawberry-16oz,2025-11-28 16:31:56
Korean Radish 2.5lb,$5.99,In Stock,/collections/all/products/korean-radish-moo,2025-11-28 16:31:56
Sweet Potato 0.9lb,$5.99,In Stock,/collections/all/products/h-mart-sweet-potato,2025-11-28 16:31:56
Cucumber 1 Each,$1.99,In Stock,/collections/all/products/cucumber,2025-11-28 16:31:56
House Foods Premium Tofu Firm 14oz,$2.99,In Stock,/collections/all/products/house-foods-tofu-firm-14oz,2025-11-28 16:31:56
House Foods Premium Tofu Soft 14oz,$2.99,In Stock,/collections/all/products/house-food-tofu-soft-14oz,2025-11-28 16:31:56
Hot House Cucumbers 1 Each,$1.99,In Stock,/collections/all/products/hot-house-cucumbers,2025-11-28 16:31:56
Crown Broccoli,$3.99,In Stock,/collections/all/products/crown-broccoli,2025-11-28 16:31:56
Sesame Leaf,$3.99,In Stock,/collections/all/products/sesame-leaf,2025-11-28 16:31:56
Cilantro 1 Bunch,$2.49,In Stock,/collections/all/products/h-mart-cilantro,2025-11-28 16:31:56
Fuji Apple 1 Each,$1.99,In Stock,/collections/all/products/fuji-apple,2025-11-28 16:31:56
"Nature Premium Bean Sprouts, Usa 12oz",$3.49,In Stock,/collections/all/products/nature-premium-bean-sprouts-usa,2025-11-28 16:31:56
Pulmuone Soon Tofu (Extra Soft Tofu) 11oz,$1.99,In Stock,/collections/all/products/pulmuone-all-natural-soon-tofu-11oz,2025-11-28 16:31:56
Honeycrisp Apple 1 Each,$2.49,In Stock,/collections/all/products/honey-crispy-apple,2025-11-28 16:31:56
Banana 2.54lb,$3.00,In Stock,/collections/all/products/banana,2025-11-28 16:31:56
"Raw Nature Soybean Sprouts, Usa 12oz",$2.99,In Stock,/collections/all/products/raw-nature-soybean-sprouts-usa-12oz,2025-11-28 16:31:56
Whole Napa Cabbage 2.7lb,$4.79,In Stock,/collections/all/products/h-mart-napa-cabbage,2025-11-28 16:31:56
Hass Avocado 1 Each,$3.49,In Stock,/collections/all/products/delmonte-hass-avocados,2025-11-28 16:31:56
Lemon 1 Each,$0.89,In Stock,/collections/all/products/sunkist-lemon,2025-11-28 16:31:56
Lime 1 Each,$0.89,In Stock,/collections/all/products/lime,2025-11-28 16:31:56
Scallions 1 Bunch,$1.99,In Stock,/collections/all/products/h-mart-scallions,2025-11-28 16:31:56
H Mart 100% Orange Juice,$5.99,In Stock,/collections/all/products/h-mart-100-orange-juice,2025-11-28 16:31:56
Cornish Hen (Frozen),$12.99,In Stock,/collections/all/products/h-mart-cornish-hen-frozen,2025-11-28 16:31:56
Chicken Legs 1.2lb,$4.29,In Stock,/collections/all/products/chicken-1-4-legs,2025-11-28 16:31:56
Angus Beef Flank Steak 0.9lb,$14.99,In Stock,/collections/all/products/h-mart-beef-flank-steak,2025-11-28 16:31:56
Natural Pork Butt Steak 0.8lb,$12.03,In Stock,/collections/all/products/h-mart-berkshire-pork-butt,2025-11-28 16:31:56
Chicken Party Wings 1.33lb,$6.41,In Stock,/collections/all/products/h-mart-natural-party-wing,2025-11-28 16:31:56
Flamingo Sweet Sausage 12oz,$11.79,In Stock,/collections/all/products/flamingo-sweet-sausage-12oz,2025-11-28 16:31:56
Natural PorkLoin Chop 0.79lb,$11.99,In Stock,/collections/all/products/h-mart-pork-chop,2025-11-28 16:31:56
Beef Honeycomb  Frozen,$11.99,In Stock,/collections/all/products/h-mart-beef-honey-comb-frozen,2025-11-28 16:31:56
Wagyu Beef Sandwich Steak 0.3lb,$8.49,In Stock,/collections/all/products/h-mart-wagyu-beef-sandwich-steak,2025-11-28 16:31:56
Chicken Drumstick Cut 1.09lb,$5.39,In Stock,/collections/all/products/h-mart-fresh-chicken-legs-cut,2025-11-28 16:31:56
Chicken Breast Fillet 1.02lb,$6.49,In Stock,/collections/all/products/h-mart-chicken-breast-fillet,2025-11-28 16:31:56
Prime Beef Eye Round 0.45lb,$8.79,In Stock,/collections/all/products/h-mart-beef-eye-of-round,2025-11-28 16:31:56
Frozen Beef Bone,$7.99,In Stock,/collections/all/products/h-mart-beef-bone,2025-11-28 16:31:56
Beef Boneless Shank 0.8lb,$8.79,In Stock,/collections/all/products/h-mart-beef-shank,2025-11-28 16:31:56
Wagyu Brisket Thin Sliced 0.49lb,$15.68,In Stock,/collections/all/products/h-martwagyu-beef-brisket,2025-11-28 16:31:56
Flamingo Chinese Style Sausage 12oz,$11.49,In Stock,/collections/all/products/flamingo-chinese-style-sausage-12oz,2025-11-28 16:31:56
Fresh Pork Neck Bone 1.6lb,$4.99,In Stock,/collections/all/products/h-mart-pork-neck-bone,2025-11-28 16:31:56
Bnls Short Rib Sliced FZ 0.6lb,$16.99,In Stock,/collections/all/products/h-mart-boneless-short-rib-sliced,2025-11-28 16:31:56
Gourmet Family Berkshire Arabiki Sausage 8oz,$8.99,In Stock,/collections/all/products/gourmet-family-berkshire-arabiki-sausage-8oz,2025-11-28 16:31:56
Wagyu Boneless Short Rib Stew,$16.99,In Stock,/collections/all/products/h-mart-wagyu-boneless-short-rib,2025-11-28 16:31:56
Prime Rib Eye Shabu Shabu 0.37lb,$15.54,In Stock,/collections/all/products/h-mart-fresh-rib-eye-shabu-shabu,2025-11-28 16:31:56
Chicken Tenderloin 0.09lb,$6.49,In Stock,/collections/all/products/h-mart-chicken-tenders,2025-11-28 16:31:56
Fresh Drum stick 1.3lb,$3.99,In Stock,/collections/all/products/h-mart-fresh-drum-stick,2025-11-28 16:31:56
Pork Stew for Soup 0.9lb,$6.49,In Stock,/collections/all/products/h-mart-pork-stew-for-soup,2025-11-28 16:31:56
Natural PorkLoin Tonkatsu 0.55lb,$9.49,In Stock,/collections/all/products/h-mart-pork-loin-for-tonkatsu,2025-11-28 16:31:56
Wagyu Top Blade Steak 0.35lb,$14.99,In Stock,/collections/all/products/h-mart-wagyu-top-blade-steak,2025-11-28 16:31:56
Ground Beef 0.9lb,$5.49,In Stock,/collections/all/products/h-mart-ground-beef,2025-11-28 16:31:56
Chicken Stir Fry 0.9lb,$5.29,In Stock,/collections/all/products/h-mart-chicken-stir-fry,2025-11-28 16:31:56
Wagyu Beef Stew 0.55lb,$9.50,In Stock,/collections/all/products/h-mart-wagyu-beef-stew,2025-11-28 16:31:56
Wagyu Beef Stir Fry 0.5lb,$9.50,In Stock,/collections/all/products/h-mart-wagyu-beef-stirfly,2025-11-28 16:31:56
Prime N.Y Striploin Steak 0.34lb,$9.79,In Stock,/collections/all/products/h-mart-ny-strip-steak,2025-11-28 16:31:56
Wagyu Beef Stew for Curry 0.56lb,$9.51,In Stock,/collections/all/products/h-mart-wagyu-beef-stew-for-curry,2025-11-28 16:31:56
Marinated Chicken 1lb,$9.99,In Stock,/collections/all/products/h-mart-marinated-chicken,2025-11-28 16:31:56
Wagyu Flap Meat 0.25lb,$12.79,In Stock,/collections/all/products/h-mart-wagyu-flap-meat,2025-11-28 16:31:56
Fresh Chicken Breast,$4.99,In Stock,/collections/all/products/h-mart-fresh-chicken-breast,2025-11-28 16:31:56
Boneless Chicken Thigh 1.29lb,$4.99,In Stock,/collections/all/products/h-mart-boneless-chicken-thigh,2025-11-28 16:31:56
Ground Pork 0.97lb,$5.49,In Stock,/collections/all/products/h-mart-ground-pork,2025-11-28 16:31:56
Marinated Pork Shoulder,$9.99,In Stock,/collections/all/products/h-mart-premium-marinated-pork-shoulder,2025-11-28 16:31:56
"Natural Pork Belly 1.5 "" 1.2lb",$14.99,In Stock,/collections/all/products/h-mart-natural-pork-belly-1-5,2025-11-28 16:31:56
Pork Spare Rib 1.5lb,$11.99,In Stock,/collections/all/products/h-mart-pork-spare-rib,2025-11-28 16:31:56
"Pork Skin on Belly 1.5"" Cut 1.3lb",$12.99,In Stock,/collections/all/products/h-mart-sliced-pork-belly-1-1-2,2025-11-28 16:31:56
Berkshire Pork Jowl 0.64lb,$13.99,In Stock,/collections/all/products/h-mart-premont-pork-jowl,2025-11-28 16:31:56
Prime Beef Ribeye Steak 0.5lb,$15.99,In Stock,/collections/all/products/h-mart-beef-ribeye-steak,2025-11-28 16:31:56
Berkshire  Belly Tenderized 0.65lb,$12.99,In Stock,/collections/all/products/h-mart-pork-belly-tenderized,2025-11-28 16:31:56
"Beef Short Rib 2"" Cut 1.8lb",$35.00,In Stock,/collections/all/products/h-mart-beef-short-rib-2-cut,2025-11-28 16:31:56
Beef Sliced Ribeye Bulgogi 0.96lb,$15.99,In Stock,/collections/all/products/h-mart-beef-sliced-rib-eye,2025-11-28 16:31:56
Beef Short Rib LA Style 1.7lb,$33.00,In Stock,/collections/all/products/h-mart-beef-short-rib,2025-11-28 16:31:56
Hot Pot Sliced Beef 0.98lb,$19.59,In Stock,/collections/all/products/h-mart-sliced-beef-for-hot-pot,2025-11-28 16:31:56
Premium Marinated Ribeye Bulgogi,$15.99,In Stock,/collections/all/products/h-mart-premium-marinated-ribeye,2025-11-28 16:31:56
Farmland Fresh Dairies Ultra Pasteurized Heavy Cream One Quart,$12.29,In Stock,/collections/all/products/farmland-heavy-cream-1qt,2025-11-28 16:31:56
Poland Spring Water 500ml x 24 bottles,$18.99,In Stock,/collections/all/products/poland-srping-water-500ml-x-24pk-12l,2025-11-28 16:31:56
Kitchen Basics Original Beef Stock 32oz,$6.29,In Stock,/collections/all/products/kitchen-basics-original-beef-stock-32oz,2025-11-28 16:31:56
Himalayan Chef Himalayan Pink Salt Grinder 4.2oz,$7.79,In Stock,/collections/all/products/himalayan-chef-pink-salt-grinder-3-5oz,2025-11-28 16:31:56
Lactaid 2% Reduced Fat Milk Half Gallon (1.89L),$8.79,In Stock,/collections/all/products/lactaid-2-reduced-fat-milk-1-2gal,2025-11-28 16:31:56
Activia Lowfat Yogurt Strawberry 4 packs x 4oz,$5.49,In Stock,/collections/all/products/dannon-activia-strawberry-4pk-x-4oz,2025-11-28 16:31:56
Thai Kitchen Premium Fish Sauce 6.76oz,$8.29,In Stock,/collections/all/products/thai-kitchen-premium-fish-sauce-6-76oz,2025-11-28 16:31:56
Euro Classic French Cinnamon Raisin Brioche 15.87oz,$7.79,In Stock,/collections/all/products/euro-classic-french-cinnamon-raisin-brioche,2025-11-28 16:31:56
Activia Strawberry Banana Probiotic Drink 7oz,$1.79,In Stock,/collections/all/products/dannon-actv-drnk-strw-ban,2025-11-28 16:31:56
Red Bull Sugar Free 8.4oz,$3.99,In Stock,/collections/all/products/red-bull-sugar-free-8-4oz,2025-11-28 16:31:56
Argo Corn Starch 16oz,$4.49,In Stock,/collections/all/products/argo-corn-starch-16oz,2025-11-28 16:31:56
Spam Teriyaki 12oz,$7.29,In Stock,/collections/all/products/spam-teriyaki-12oz,2025-11-28 16:31:56
Euro Classic Authentic French Cheese & Cream Brioche 14.11oz,$8.79,In Stock,/collections/all/products/euro-classic-cheese-cream-brioche,2025-11-28 16:31:56
Canada Dry Ginger Ale 20oz,$2.79,In Stock,/collections/all/products/canada-dry-ginger-ale-20-oz,2025-11-28 16:31:56
Sprite 20oz,$2.79,In Stock,/collections/all/products/coca-cola-sprite-20-oz,2025-11-28 16:31:56
Euro Classic Authentic French Chocolate Swirl Brioche 14.11oz,$8.79,In Stock,/collections/all/products/euro-classic-chocolates-swirl-brioche,2025-11-28 16:31:56
Pocas OKF Watermelon with Aloe 19.6oz,$3.99,In Stock,/collections/all/products/pocas-ofk-watermelon-with-aloe-19-6oz,2025-11-28 16:31:56
Activia Lowfat Yogurt Peach 4 packs x 4oz,$5.49,In Stock,/collections/all/products/dannon-activia-peach-4pk-x-4oz,2025-11-28 16:31:56
Spam with Tocino Seasoning 12oz,$7.29,In Stock,/collections/all/products/sapm-tocino-12oz,2025-11-28 16:31:56
San Pellegrino Aranciata Rossa 330ml,$2.29,In Stock,/collections/all/products/sanpellegrino-aranciata-rossa-330ml,2025-11-28 16:31:56
Activia Mango Probiotic Drink 7oz,$2.29,In Stock,/collections/all/products/dannon-activa-mango-7oz,2025-11-28 16:31:56
Thai Kitchen Green Curry Paste 4oz,$8.79,In Stock,/collections/all/products/thai-kitchen-green-curry-paste-4oz,2025-11-28 16:31:56
Canada Dry Original 20oz,$2.79,In Stock,/collections/all/products/canada-dry-original-20oz,2025-11-28 16:31:56
Chobani Flip Perfect Peach Cobbler 4.5oz,$2.79,In Stock,/collections/all/products/chobani-flip-perfect-peach-cobbler-5-3oz,2025-11-28 16:31:56
Farmland Fresh Dairies Ultra Pasteurized Half and Half 1 Pint,$3.29,In Stock,/collections/all/products/farmland-half-and-half-1pt,2025-11-28 16:31:56
Monster Energy 16oz,$3.99,In Stock,/collections/all/products/monster-energy-16oz,2025-11-28 16:31:56
Euro Classic French Brioche Style Chocolate Croissant 9.52oz,$5.99,In Stock,/collections/all/products/euro-classic-french-brioche-choco-croissant-9-52-oz,2025-11-28 16:31:56
Knorr Chicken Flavor Bouillon with Other Natural Flavor 8 Cubes 3.1oz,$1.79,In Stock,/collections/all/products/knorr-chicken-bouillon-2-5oz,2025-11-28 16:31:56
Activia Peach Probiotic Drink 7oz,$1.79,In Stock,/collections/all/products/dannon-activia-peach-7oz,2025-11-28 16:31:56
Activia Strawberry Probiotic Drink 7oz,$1.79,In Stock,/collections/all/products/dannon-activia-strawberry-7oz,2025-11-28 16:31:56
Kitchen Basics Unsalted Vegetable Stock 32oz,$6.29,In Stock,/collections/all/products/kitchen-basics-unsalted-vegetable-stock-32oz,2025-11-28 16:31:56
Farmland Fresh Dairies Ultra Pasteurized Half and Half One Quart,$5.49,In Stock,/collections/all/products/farmland-half-and-half-946ml,2025-11-28 16:31:56
Lactaid Whole Milk Half Gallon (1.89L),$8.79,In Stock,/collections/all/products/lactaid-whole-milk-1-2gal,2025-11-28 16:31:56
Horizon Organic Pasture-Raised 2% Reduced Fat Milk 1.89L,$8.79,In Stock,/collections/all/products/horizn-rdcd-fat-milk-og2-up-2,2025-11-28 16:31:56
Chobani Greek Yogurt 2% Milk Fat Strawberry Banana 5.3oz,$2.29,In Stock,/collections/all/products/chobani-2-milk-fat-strawb-banana-5-3oz,2025-11-28 16:31:56
Fiji Natural Artesian Water 500ml,$2.79,In Stock,/collections/all/products/fiji-water-500ml,2025-11-28 16:31:56
Red Bull Energy Drink 12oz,$4.99,In Stock,/collections/all/products/red-bull-energy-drink-12oz,2025-11-28 16:31:56
Chobani Greek Yogurt 0% Milk Fat Vanilla 5.3oz,$2.29,In Stock,/collections/all/products/chobani-0-milk-fat-vanilla-5-3oz,2025-11-28 16:31:56
Chobani Greek Yogurt Mixed Berry Drink 7oz,$3.99,In Stock,/collections/all/products/chobani-mixed-berry-drink-7oz,2025-11-28 16:31:56
Heinz Tomato Ketchup 14oz,$4.99,In Stock,/collections/all/products/heinz-tomato-ketchup-14oz,2025-11-28 16:31:56
Fage Total 0% Milk Fat Yogurt 170g,$2.79,In Stock,/collections/all/products/fage-0-milk-fat-6oz,2025-11-28 16:31:56
Chobani Greek Yogurt 2% Milk Fat Mixed Berry 5.3oz,$2.29,In Stock,/collections/all/products/chobani-2-milk-fat-mixed-berry-5-3oz,2025-11-28 16:31:56
Chobani Greek Yogurt 2% Milk Fat Mango 5.3oz,$2.29,In Stock,/collections/all/products/chobani-2-milk-fat-mango-5-3oz,2025-11-28 16:31:56
Oven Arts Sweet Belgian Waffle 3.5oz,$3.29,In Stock,/collections/all/products/oven-arts-sweet-belgian-waffle-3-5oz,2025-11-28 16:31:56
Chobani Greek Yogurt Strawberry Banana Drink 7oz,$3.99,In Stock,/collections/all/products/chobani-strawberry-banana-drink-7oz,2025-11-28 16:31:56
Coca-Cola 2L,$4.49,In Stock,/collections/all/products/coca-cola-1l,2025-11-28 16:31:56
Chobani Greek Yogurt Mango Drink 7oz,$3.99,In Stock,/collections/all/products/chobani-mango-drink-7oz,2025-11-28 16:31:56
Thai Kitchen Red Curry Paste 4oz,$8.79,In Stock,/collections/all/products/thai-kitchen-red-curry-paste-4oz,2025-11-28 16:31:56
Sprite Lemon Lime Can Soda 12oz,$1.79,In Stock,/collections/all/products/sprite-lemon-lime-can-12oz,2025-11-28 16:31:56
Kitchen Basics Unsalted Chicken Stock 32oz,$6.29,In Stock,/collections/all/products/kitchen-basics-unsalted-chicken-stock-32oz,2025-11-28 16:31:56
Farmland Fresh Dairies 2% Reduced Fat Milk Half Gallon,$6.79,In Stock,/collections/all/products/farmland-2-milk-1-89l,2025-11-28 16:31:56
Roland Fish Sauce 6.76oz,$5.49,In Stock,/collections/all/products/roland-fish-sauce-6-76oz,2025-11-28 16:31:56
Chobani Greek Yogurt Whole Milk Honey & Cream Blended 5.3oz,$2.29,In Stock,/collections/all/products/chobani-whole-milk-honey-cream-5-3oz,2025-11-28 16:31:56
Gunter's Pure Honey Clover 12oz,$6.79,In Stock,/collections/all/products/gunters-pure-honey-clover-12oz,2025-11-28 16:31:56
Farmland Fresh Dairies 2% Reduced Fat Milk One Quart,$3.29,In Stock,/collections/all/products/farmland-2-milk-946ml,2025-11-28 16:31:56
Chobani Greek Yogurt Peach Drink 7oz,$3.99,In Stock,/collections/all/products/chobani-peach-drink-7oz,2025-11-28 16:31:56
Chobani Greek Yogurt 0% Milk Fat Peach 5.3oz,$2.29,In Stock,/collections/all/products/chobani-0-milk-fat-peach-5-3oz,2025-11-28 16:31:56
Red Bull Energy Drink 8.4oz,$3.99,In Stock,/collections/all/products/red-bull-energy-drink-8-4oz,2025-11-28 16:31:56
Chobani Greek Yogurt 0% Milk Fat Strawberry 5.3oz,$2.29,In Stock,/collections/all/products/chobani-0-milk-fat-strawberry-5-3oz,2025-11-28 16:31:56
Harmless Harvest Organic Coconut Water 16oz,$8.29,In Stock,/collections/all/products/harmless-harvest-coconut-water-organic-16oz,2025-11-28 16:31:56
Coca-Cola Diet Coke Bottle 20oz,$2.79,In Stock,/collections/all/products/coca-cola-diet-coke-bottle-20oz,2025-11-28 16:31:56
Kitchen Basics Original Chicken Stock 32oz,$6.29,In Stock,/collections/all/products/kitchen-basics-original-chicken-stock-32oz,2025-11-28 16:31:56
Coca-Cola Bottle 20oz,$2.79,In Stock,/collections/all/products/coca-cola-bottle-20oz,2025-11-28 16:31:56
Chobani Greek Yogurt 0% Milk Fat Plain 5.3oz,$2.29,In Stock,/collections/all/products/chobani-0-milk-fat-plain-5-3oz,2025-11-28 16:31:56
Horizon Organic Pasture-Raised Whole Milk 1.89L,$8.79,In Stock,/collections/all/products/horizn-whole-milk-og2-up,2025-11-28 16:31:56
Coca-Cola Diet Coke Can 12oz,$1.79,In Stock,/collections/all/products/coca-cola-diet-coke-can-12oz,2025-11-28 16:31:56
Coca-Cola Can Soda 12oz,$1.79,In Stock,/collections/all/products/coca-cola,2025-11-28 16:31:56
Farmland Fresh Dairies Whole Milk Half Gallon,$6.79,In Stock,/collections/all/products/farmland-milk-1-89l,2025-11-28 16:31:56
Farmland Fresh Dairies Whole Milk One Quart,$3.29,In Stock,/collections/all/products/farmland-milk-946ml,2025-11-28 16:31:56
Spam 25% Less Sodium 12oz,$8.29,In Stock,/collections/all/products/spam-25-less-sodium-340g,2025-11-28 16:31:56
Spam Lite 12oz,$8.29,In Stock,/collections/all/products/spam-lite,2025-11-28 16:31:56
Euro Classic Authentic Sliced Brioche 17.6oz,$8.29,In Stock,/collections/all/products/euro-classic-french-sliced-brioche,2025-11-28 16:31:56
Poland Spring Water 500ml,$1.29,In Stock,/collections/all/products/poland-spring-water-500ml,2025-11-28 16:31:56
Poland Spring Water 1L,$2.29,In Stock,/collections/all/products/poland-spring-water-1l,2025-11-28 16:31:56
Spam Classic Classic 12oz,$7.29,In Stock,/collections/all/products/spam-classic-12oz,2025-11-28 16:31:56
Lotte Cheetos Smokey Bbq 82g,$4.99,In Stock,/collections/all/products/lotte-cheetos-smokey-bbq-88g,2025-11-28 16:31:56
Calpico Original 11.3oz,$3.29,In Stock,/collections/all/products/calpico-original-11-3oz,2025-11-28 16:31:56
Morinaga Hi-Chew Watermelon 1.76oz,$1.69,In Stock,/collections/all/products/morinaga-hi-chew-watermelon-1-76oz,2025-11-28 16:31:56
"Wei-Chuan Pork, Scallop & Shrimp 21oz",$11.79,In Stock,/collections/all/products/wei-chuan-pork-scallop-shrimp-21oz,2025-11-28 16:31:56
Ottogi Ppushu Ppushu Bbq 90g,$2.29,In Stock,/collections/all/products/ottogi-ppushu-ppushu-bbq-90g,2025-11-28 16:31:56
Lee Kum Kee Premium Dark Soy Sauce 16.9fl.oz,$5.49,In Stock,/collections/all/products/lee-kum-kee-premium-dark-soy-sauce-16-9oz,2025-11-28 16:31:56
Ajinomoto Pork Chicken Gyoza 8.46oz,$7.29,In Stock,/collections/all/products/ajinomoto-pork-chicken-gyoza-8-46oz,2025-11-28 16:31:56
Nissui Salted Edamame 14.1oz,$5.49,In Stock,/collections/all/products/nissui-salted-edamame-14-1oz,2025-11-28 16:31:56
Wei Lih Noodle Jah Jan 5 packs x 90g,$7.79,In Stock,/collections/all/products/wei-lih-noodle-jah-jan-5-90g,2025-11-28 16:31:56
CJ Bbq Sauce Kalbi For Ribs 1.1lb,$7.29,In Stock,/collections/all/products/cj-bbq-sauce-kalbi-for-ribs-1-1lb,2025-11-28 16:31:56
"Wei-Chuan Pork, Napa Cabbage Dumpling 21oz",$9.49,In Stock,/collections/all/products/wei-chuan-pork-napa-cabbage-dumpling-21oz,2025-11-28 16:31:56
Ito En Koicha Unsweetened Tea 500ml,$3.99,In Stock,/collections/all/products/itoen-koicha-unswtnd-tea500ml,2025-11-28 16:31:56
Jinga Pumpkin Porridge 500g,$9.49,In Stock,/collections/all/products/jinga-pumpkin-porridge-500g,2025-11-28 16:31:56
Wei-Chuan Pork Celery & Shrimp 21oz,$11.79,In Stock,/collections/all/products/wei-chuan-pork-celery-shrimp-21oz,2025-11-28 16:31:56
Daifuku Green Tea Mochi 210g,$4.49,In Stock,/collections/all/products/daifuku-green-tea-mochi-210g,2025-11-28 16:31:56
Choripdong Daechun Roasted Laver 3 packs x 5g,$2.29,In Stock,/collections/all/products/choripdong-daechun-rstd-laver-3-5g,2025-11-28 16:31:56
Binggrae Melona Mango 8 Bars x 70ml,$8.79,In Stock,/collections/all/products/binggrae-melona-mango-8-70ml,2025-11-28 16:31:56
CJ Bibigo Classic Dumplings 28oz,$14.99,In Stock,/collections/all/products/cj-bibigo-classic-dumplings-28oz,2025-11-28 16:31:56
Hansang Vegetable Big Gyoza Dumpling 700g,$9.49,In Stock,/collections/all/products/hansang-vege-big-gyoza-dumpling-700g,2025-11-28 16:31:56
"Shirakiku Cooked Rice Gohan 3 packs, 21.15oz",$9.99,In Stock,/collections/all/products/shirakiku-cooked-rice-gohan-3pk-21-15oz,2025-11-28 16:31:56
Lotte Pepero Chocolate Cookie 32g,$2.29,In Stock,/collections/all/products/lotte-pepero-chocolate-cookie-32g,2025-11-28 16:31:56
Calpis Calpico Mango 500ml,$4.49,In Stock,/collections/all/products/calpis-calpico-mango-500ml,2025-11-28 16:31:56
Meiji Kinoko No Yama Milk Chocolate Mushrooms 2.61oz,$5.49,In Stock,/collections/all/products/meiji-baked-wheat-cracker-choco-2-61oz,2025-11-28 16:31:56
"Sapporo Ichiban Miso 1Pk, 3.55oz",$2.29,In Stock,/collections/all/products/sapporo-ichiban-miso-1pk-3-55oz,2025-11-28 16:31:56
Nongshim Onion Ring Snack 1.76oz,$3.99,In Stock,/collections/all/products/nongshim-onion-ring-snacks-1-76oz,2025-11-28 16:31:56
CJ Bibigo Crispy Potstickers 32oz,$15.49,In Stock,/collections/all/products/cj-bibigo-crispy-potstickers-32oz,2025-11-28 16:31:56
Sincere Thai Style Rice Noodle 16oz,$3.29,In Stock,/collections/all/products/sincere-thai-style-rice-noodle-16oz,2025-11-28 16:31:56
Lotte Pepero Choco Filled 50g,$2.29,In Stock,/collections/all/products/lotte-pepero-nude-50g,2025-11-28 16:31:56
Seoul Milk Coffee Milk 6 packs x 200ml,$7.79,In Stock,/collections/all/products/seoul-milk-coffee-milk-6-200ml,2025-11-28 16:31:56
"Sapporo Ichiban Yakisoba 5 packs, 18oz",$7.79,In Stock,/collections/all/products/sapporo-ichiban-yakisoba-5pk-18oz,2025-11-28 16:31:56
Choripdong Handmade Vegetable Dumpling 2.64lb,$10.49,In Stock,/collections/all/products/choripdong-handmade-dumpling-vegetable-2-64lb,2025-11-28 16:31:56
Three Crab Fish Sauce 24oz,$17.29,In Stock,/collections/all/products/three-crab-fish-sauce-24oz,2025-11-28 16:31:56
Kameda Ageichiban Rice Cracker 4.9oz,$8.79,In Stock,/collections/all/products/kameda-ageichiban-rice-cracker-4-9oz,2025-11-28 16:31:56
Nongshim Kimchi Noodle Soup Cup 75g,$2.79,In Stock,/collections/all/products/nongshim-kimchi-noodle-soup-cup-75g,2025-11-28 16:31:56
Laurels Red Bean Rice Ball 7.05oz,$4.99,In Stock,/collections/all/products/laurels-red-bean-rice-ball-7-05oz,2025-11-28 16:31:56
"Hansang Spicy Soft Tofu 3 Packs, 420g",$9.49,In Stock,/collections/all/products/hansang-spicy-soft-tofu-3pk-420g,2025-11-28 16:31:56
Paldo Bibim Men 4.59oz,$2.79,In Stock,/collections/all/products/paldo-bibim-men,2025-11-28 16:31:56
Calbee Seaweed & Salt Potato Chips 2.8oz,$5.49,In Stock,/collections/all/products/calbee-seaweed-salt-potato-chips-2-8oz,2025-11-28 16:31:56
Laurels Peanut Rice Ball 7.05oz,$4.99,In Stock,/collections/all/products/laurel-peanut-rice-ball-7-05oz,2025-11-28 16:31:56
Choripdong Olive Oil Roasted Laver 12 packs x 0.17oz,$8.79,In Stock,/collections/all/products/choripdong-olive-oil-rstd-laver-12-0-17oz,2025-11-28 16:31:56
Dongwon Cooked Black Rice 3 packs x 210g,$9.99,In Stock,/collections/all/products/dongwon-cooked-black-rice-3-210g,2025-11-28 16:31:56
CJ Beef Bone Stock 100g,$8.79,In Stock,/collections/all/products/cj-beef-bone-stock-100g,2025-11-28 16:31:56
Orion Choco Boy 5.07oz,$7.49,In Stock,/collections/all/products/orion-choco-boy-5-07oz,2025-11-28 16:31:56
Ottogi Ppushu Ppushu Bulgogi 90g,$2.29,In Stock,/collections/all/products/ottogi-ppushu-ppushu-beef-90g,2025-11-28 16:31:56
Ito En Matcha Genmaicha Unsweetened 500ml,$3.99,In Stock,/collections/all/products/itoen-matcha-genmaicha-unswtnd-500ml,2025-11-28 16:31:56
Dong-A Pocari Sweat 245ml,$2.29,In Stock,/collections/all/products/donga-pocari-sweat-245ml,2025-11-28 16:31:56
Nongshim Beoljib Pizza Snack 3.17oz,$4.49,In Stock,/collections/all/products/nongshim-beoljib-pizza-snack-3-17oz,2025-11-28 16:31:56
Erawan Oriental Style Noodle (Size M) 16oz,$3.99,In Stock,/collections/all/products/erawan-banh-pho-size-m-16oz,2025-11-28 16:31:56
Domremy Chocolate Souffle Roll 200g,$8.79,In Stock,/collections/all/products/domremy-chocolate-souffle-roll-200g,2025-11-28 16:31:56
Samyang Hot Chicken Cup 70g,$3.29,In Stock,/collections/all/products/samyang-hot-chicken-cup-70g,2025-11-28 16:31:56
Sangaria Royal Milk Tea 265ml,$3.29,In Stock,/collections/all/products/sangaria-royal-milk-tea-265ml,2025-11-28 16:31:56
Lotte Milkis Carbonated Drink Milk & Yogurt Flavor 1.5L,$8.29,In Stock,/collections/all/products/lotte-milkis-1-5l,2025-11-28 16:31:56
Chung Jung One Brown Rice Hot Pepper Paste 1.1lb,$8.29,In Stock,/collections/all/products/chung-jung-one-cjo-hot-pepper-paste-1-1lb,2025-11-28 16:31:56
Nongshim Shrimp Flavored Cracker 14.11oz,$14.29,In Stock,/collections/all/products/nongshim-shrimp-flavored-cracker-14-1oz,2025-11-28 16:31:56
Kikkoman Less Sodium Soy Sauce 5oz,$5.49,In Stock,/collections/all/products/kikkoman-less-sodium-soy-sauce-5oz,2025-11-28 16:31:56
Hapi Wasabi Peas 4.9oz,$5.49,In Stock,/collections/all/products/hapi-wasabi-peas-4-9oz,2025-11-28 16:31:56
Nishiki Premium Grade Rice 2lb,$6.49,In Stock,/collections/all/products/nishiki-premium-grade-rice-32oz,2025-11-28 16:31:56
CJ Cooked White Rice with Soft Tofu Stew 173g,$6.79,In Stock,/collections/all/products/cj-cooked-rice-soft-tofu-stew-173g,2025-11-28 16:31:56
Huang Fei Hong Spicy Peanuts 110g,$4.79,In Stock,/collections/all/products/huang-fei-hong-spicy-peanuts-110g,2025-11-28 16:31:56
Ottogi Ppushu Ppushu Grilled Chicken 90g,$2.29,In Stock,/collections/all/products/ottogi-ppushu-ppushu-grilled-chicken-90g,2025-11-28 16:31:56
Happy Clover Swiss Roll Cake Green Tea 7.05oz,$8.29,In Stock,/collections/all/products/happy-clover-swiss-roll-cake-green-tea-7-05oz,2025-11-28 16:31:56
Taekyung Red Pepper Powder Coarse 1lb,$10.49,In Stock,/collections/all/products/taegyung-red-pepper-powder-coarse-1lb,2025-11-28 16:31:56
Harim Ginseng Chicken Stew 28.21oz,$15.99,In Stock,/collections/all/products/harim-ginseng-chicken-stew-28-21oz,2025-11-28 16:31:56
Morinaga Hi-Chew Acai 1.76oz,$1.69,In Stock,/collections/all/products/morinaga-hi-chew-acai-1-76oz,2025-11-28 16:31:56
Shirakiku Spicy Beef Gyoza 21oz,$9.49,In Stock,/collections/all/products/shirakiku-spicy-beef-gyoza-21oz,2025-11-28 16:31:56
Erawan Rice Vermicelli 16oz,$3.99,In Stock,/collections/all/products/erawan-banh-pho-rice-vermicelli-16oz,2025-11-28 16:31:56
Ohsung Yes Chips Shrimp Garlic 3.35oz,$4.49,In Stock,/collections/all/products/ohsung-yeschips-shrimp-carlic-3-35oz,2025-11-28 16:31:56
D-Plus Coffee Bread 80g,$3.29,In Stock,/collections/all/products/d-plus-coffee-bread-80g,2025-11-28 16:31:56
Samyang Hot Chicken Topopkki Bowl 185g,$7.90,In Stock,/collections/all/products/samyang-hot-chicken-topopkki-bowl-185g,2025-11-28 16:31:56
Kasugai Fruits Mix Gummy 3.59oz,$3.79,In Stock,/collections/all/products/kasugai-fruits-mix-gummy-3-59oz,2025-11-28 16:31:56
Ottogi Ppushu Ppushu Spicy Rice Cake 90g,$2.29,In Stock,/collections/all/products/ottogi-ppushu-ppushu-spicy-rice-cake-90g,2025-11-28 16:31:56
Choripdong Sanuki Udon 7.05oz,$2.79,In Stock,/collections/all/products/choripdong-sanuki-udon-7-05oz,2025-11-28 16:31:56
Woongjin Morning Rice Drink 1.5L,$5.49,In Stock,/collections/all/products/woongjin-morning-rice-1-5l,2025-11-28 16:31:56
Laurels Sesame Black Glutinous Rice Ball 7.05oz,$4.49,In Stock,/collections/all/products/laurels-purple-sesame-black-7-05oz,2025-11-28 16:31:56
Lotte Milkis Carbonated Drink Peach 250ml,$2.29,In Stock,/collections/all/products/lotte-milkis-peach-250ml,2025-11-28 16:31:56
Hansang Fried Seaweed Rolls 1.1lb,$8.49,In Stock,/collections/all/products/hansang-fried-seaweed-rolls-1-1lb,2025-11-28 16:31:56
"Samyang Hot Chicken Cheese 1Pk, 4.94oz",$499.00,In Stock,/collections/all/products/samyang-hot-chicken-cheese-1pk-4-94oz,2025-11-28 16:31:56
Samyang Extra Hot Chicken Multi 700g,$10.99,In Stock,/collections/all/products/samyang-extra-hot-chicken-multi-700g,2025-11-28 16:31:56
AGV Okinawa Brown Eight Treasures 12oz,$2.79,In Stock,/collections/all/products/agv-okinawa-brown-eight-treasures-12oz,2025-11-28 16:31:56
Hansang Cold Noodle Soup 2.2lb,$8.79,In Stock,/collections/all/products/hansang-cold-noodle-soup-2-2lb,2025-11-28 16:31:56
Choripdong Leek Dumpling 1.2lb,$6.29,In Stock,/collections/all/products/choripdong-leek-dumpling-1-2-lb,2025-11-28 16:31:56
Lotte Sweet Corn Ice Cream Sandwich 140ml,$2.79,In Stock,/collections/all/products/lotte-sweet-corn-ice-cream-sandwich-140ml,2025-11-28 16:31:56
Jinga Abalone Porridge 500g,$11.79,In Stock,/collections/all/products/jinga-abalone-porridge-500g,2025-11-28 16:31:56
Maeil Cafe Latte Caramel Macchiato 220ml,$3.29,In Stock,/collections/all/products/maeil-cafe-latte-c-macchiato-220ml,2025-11-28 16:31:56
Nongshim Sweet Potato Snack 1.93oz,$3.29,In Stock,/collections/all/products/nongshim-sweet-potato-snacks-1-93oz,2025-11-28 16:31:56
Pulmuone Soupy Topokki (Spicy) 14.9oz,$8.29,In Stock,/collections/all/products/pulmuone-soupy-sweet-spicy-ddukbokki-14-9oz,2025-11-28 16:31:56
Morinaga Hi-Chew Green Apple 1.76oz,$1.69,In Stock,/collections/all/products/morinaga-hi-chew-green-apple-1-76oz,2025-11-28 16:31:56
Dongwon Tuna Light Standard 5.29oz,$4.99,In Stock,/collections/all/products/dongwon-tuna-light-standard-5-29oz,2025-11-28 16:31:56
Kyong Gi Me Medium Grain Rice 2lb,$5.49,In Stock,/collections/all/products/kyong-gi-me-rice-2lb,2025-11-28 16:31:56
Nissui Edamame 14.1oz,$4.99,In Stock,/collections/all/products/nissui-edamame-14-1oz,2025-11-28 16:31:56
"Sapporo Ichiban Shio 5Pk, 18oz",$7.79,In Stock,/collections/all/products/sapporo-ichiban-shio-5pk-18oz,2025-11-28 16:31:56
Lotte Big Melon Ice Bar 8 Bars x 78.6ml,$9.99,In Stock,/collections/all/products/lotte-big-melon-ice-bar-8-78-6ml,2025-11-28 16:31:56
Samyang Samyang Ramen 120g,$2.79,In Stock,/collections/all/products/samyang-samyang-ramen-120g,2025-11-28 16:31:56
Spring Home Glutinous Rice Ball Sesame Filling 200g,$3.29,In Stock,/collections/all/products/springhome-glutinous-rice-ball-sesame-200g,2025-11-28 16:31:56
Morinaga Hi-Chew Bag Original Mix 3.53oz,$3.79,In Stock,/collections/all/products/morinaga-hi-chew-bag-original-mix-3-53oz,2025-11-28 16:31:56
Haitai Oh Yes 11.88oz,$8.79,In Stock,/collections/all/products/haitai-oh-yes-11-88-oz,2025-11-28 16:31:56
"Sapporo Ichiban Miso 5Pk, 17.75oz",$7.79,In Stock,/collections/all/products/sapporo-ichiban-miso-5pk-17-75oz,2025-11-28 16:31:56
Ito En Jasmine Green Tea 2L,$8.79,In Stock,/collections/all/products/itoen-jasmine-green-tea-2l,2025-11-28 16:31:56
Kadoya Pure Sesame Oil 22.1oz,$19.79,In Stock,/collections/all/products/kadoya-pure-sesame-oil-22-1oz,2025-11-28 16:31:56
Lotte Cheetos Spicy 82g,$4.99,In Stock,/collections/all/products/lotte-cheetos-spicy-88g,2025-11-28 16:31:56
Morinaga Hi-Chew Sweet Sour 3.17oz,$3.79,In Stock,/collections/all/products/morinaga-hi-chew-sweet-sour-3-17oz,2025-11-28 16:31:56
Kasugai Fruitia Lychee Gummy 102g,$3.79,In Stock,/collections/all/products/kasugai-lychee-gummy-102g,2025-11-28 16:31:56
Maeil Biofeel Pineapple 315ml,$1.79,In Stock,/collections/all/products/maeil-biofeel-pineapple-315ml,2025-11-28 16:31:56
Greenhat Lychee Mochi Ice Cream 9oz,$8.79,In Stock,/collections/all/products/greenhat-lychee-mochi-ice-cream-9oz,2025-11-28 16:31:56
Greenhat Earl Grey Mochi Ice Cream 9oz,$8.79,In Stock,/collections/all/products/greenhat-earl-grey-mochi-ice-cream-9oz,2025-11-28 16:31:56
Shirakiku Chicken Gyoza 21oz,$9.49,In Stock,/collections/all/products/shirakiku-chicken-gyoza-21oz,2025-11-28 16:31:56
Twin Marquis Lo Mein Noodles 16oz,$5.49,In Stock,/collections/all/products/twin-marquis-lo-mein-noodles-16oz,2025-11-28 16:31:56
Calbee Hot & Spicy Potato Chips 7oz,$10.49,In Stock,/collections/all/products/calbee-hot-spicy-potato-chips-7oz,2025-11-28 16:31:56
Orion Swingchip Hot Pepper 124g,$6.29,In Stock,/collections/all/products/orion-swingchip-hot-pepper-124g,2025-11-28 16:31:56
Daifuku Korean Pancake Vermicelli 1.1lb,$8.29,In Stock,/collections/all/products/daifuku-kor-pancake-vermicelli-1-1lb,2025-11-28 16:31:56
S&B Golden Curry Medium Hot 3.2oz,$5.49,In Stock,/collections/all/products/s-b-golden-curry-medium-hot-3-2oz,2025-11-28 16:31:56
Nongshim Shrimp Flavored Chips 1.58oz,$3.99,In Stock,/collections/all/products/nongshim-shrimp-flavored-chips-1-58oz,2025-11-28 16:31:56
Kyong Gi Mi Medium Grain Rice 10lb,$16.99,In Stock,/collections/all/products/kyung-gi-mi-rice-10lb,2025-11-28 16:31:56
Nongshim Ansung Noodle Soup Beef & Fermented Bean Flavor 17.6oz,$9.99,In Stock,/collections/all/products/nongshim-ansung-tangmyun-multi-17-6oz,2025-11-28 16:31:56
Hansang Kimchi Stew with Pork & Cabbage 1.33lb,$12.29,In Stock,/collections/all/products/hansang-pork-cabbage-kimchi-stew-1-33lb,2025-11-28 16:31:56
Hansang Beef Broth Soup 1.21lb,$9.99,In Stock,/collections/all/products/hansang-beef-broth-soup-1-21lb,2025-11-28 16:31:56
Huy Fong Sriracha Hot Chili Sauce 17oz,$8.79,In Stock,/collections/all/products/huy-fong-sriracha-hot-chili-sauce-17oz,2025-11-28 16:31:56
Shirakiku Cooked Sticky Rice 7.04oz,$3.99,In Stock,/collections/all/products/shirakiku-cooked-sticky-rice-7-05oz,2025-11-28 16:31:56
Huy Fong Fresh Chili Garlic Sauce 8oz,$4.49,In Stock,/collections/all/products/huy-fong-fresh-chili-garlic-sauce-8oz,2025-11-28 16:31:56
Nongshim Soon Veggie Ramen Multi 448g,$10.99,In Stock,/collections/all/products/nongshim-soon-veggie-ramen-multi-15-8oz,2025-11-28 16:31:56
"Sapporo Ichiban Original 1Pk, 3.5oz",$1.79,In Stock,/collections/all/products/sapporo-ichiban-original-1pk-3-5oz,2025-11-28 16:31:56
S&B Golden Curry Extra Hot 7.8oz,$8.29,In Stock,/collections/all/products/s-b-golden-curry-extra-hot-7-8oz,2025-11-28 16:31:56
Maeil Biofeel Strawberry 315ml,$1.79,In Stock,/collections/all/products/maeil-biofeel-strawberry-315ml,2025-11-28 16:31:56
Haechandle Soy Bean Paste 1.1lb,$4.99,In Stock,/collections/all/products/haechandle-soy-bean-paste-1-1lb,2025-11-28 16:31:56
Laoganma Fried Chili Oil Sauce 9.7oz,$6.79,In Stock,/collections/all/products/laoganma-fried-chili-oil-sauce-9-7oz,2025-11-28 16:31:56
"Ottogi Jin Ramen Mild 1 Pack, 120g",$2.29,In Stock,/collections/all/products/ottogi-jin-ramen-mild-1pk-120g,2025-11-28 16:31:56
Choripdong Kimchi Dumpling 1.2lb,$6.29,In Stock,/collections/all/products/choripdong-kimchi-dumpling-1-2lb,2025-11-28 16:31:56
Kikkoman All Purpose Seasoning Soy Sauce 10fl.oz,$6.79,In Stock,/collections/all/products/kikkoman-soy-sauce-10oz,2025-11-28 16:31:56
CJ Cooked White Rice with Seaweed Soup 165g,$6.79,In Stock,/collections/all/products/cj-cooked-rice-seaweed-suop-165g,2025-11-28 16:31:56
Binggrae Samanco Red Bean 150ml,$2.79,In Stock,/collections/all/products/binggrae-samanco-red-bean-150ml,2025-11-28 16:31:56
Ajinomoto Pork Chicken Gyoza 24.7oz,$15.99,In Stock,/collections/all/products/ajinomoto-pork-chicken-gyoza-24-7oz,2025-11-28 16:31:56
Morinaga Hi-Chew Mango 1.76oz,$1.69,In Stock,/collections/all/products/morinaga-hi-chew-mango-1-76oz,2025-11-28 16:31:56
Ajinomoto Shrimp Shumai 7.93oz,$8.29,In Stock,/collections/all/products/ajinomoto-shrimp-shumai-7-93oz,2025-11-28 16:31:56
"Samyang Extra Hot Chicken 1Pk, 140g",$5.49,In Stock,/collections/all/products/samyang-extra-hot-chicken-1pk-4-93oz,2025-11-28 16:31:56
Kasugai Peach Gummy Candy 107g,$3.79,In Stock,/collections/all/products/kasugai-peach-gummy-candy-107g,2025-11-28 16:31:56
Pulmuone Topokki 16.9oz,$10.99,In Stock,/collections/all/products/pulmuone-sweet-spicy-ddukbokki-16-9oz,2025-11-28 16:31:56
Wanglaoji Herbal Tea 10.5oz,$1.79,In Stock,/collections/all/products/wanglaoji-herbal-tea-10-9oz,2025-11-28 16:31:56
Myriad Cooked Fish Ball 11oz,$12.99,In Stock,/collections/all/products/myriad-cooked-fish-ball-11oz,2025-11-28 16:31:56
Glico Pocky Cookies & Cream 2.47oz,$3.99,In Stock,/collections/all/products/glico-pocky-cookies-cream-2-47oz,2025-11-28 16:31:56
Myriad Cooked Pork Meatball 11oz,$12.99,In Stock,/collections/all/products/myriad-cooked-pork-meatball-11oz,2025-11-28 16:31:56
CJ Cooked White Rice Bowl 12 Bowls x 210g,$22.99,In Stock,/collections/all/products/cj-cooked-white-rice-bowl-12-210g,2025-11-28 16:31:56
Huy Fong Sriracha Hot Chili Sauce 9oz,$5.49,In Stock,/collections/all/products/huy-fong-sriracha-ht-chili-sauce-9oz,2025-11-28 16:31:56
Kyong Gi Mi Medium Grain Rice 15lb,$20.99,In Stock,/collections/all/products/kyung-gi-mi-rice-15lb,2025-11-28 16:31:56
Shirakiku Carbonated Ramune Drink Strawberry 200ml,$3.29,In Stock,/collections/all/products/shirakiku-ramune-drink-strawberry-200ml,2025-11-28 16:31:56
Vitasoy Soy Drink 6 x 250ml,$8.79,In Stock,/collections/all/products/vitasoy-soy-drink-6-250ml,2025-11-28 16:31:56
Chaokoh Coconut Milk 13.5oz,$3.99,In Stock,/collections/all/products/chaokoh-coconut-milk-13-5oz,2025-11-28 16:31:56
Nongshim Shin Ramyun Big Bowl 114g,$4.49,In Stock,/collections/all/products/nongshim-shin-ramyun-big-bowl-114g,2025-11-28 16:31:56
Glico Pocky Cookie & Cream 4.57oz,$7.29,In Stock,/collections/all/products/glico-pocky-cookie-cream-4-57oz,2025-11-28 16:31:56
Brons Brown Sugar Milk Tea Powder 200g,$6.29,In Stock,/collections/all/products/brons-brown-sugar-milk-tea-powder-200g,2025-11-28 16:31:56
Indomie Mi Goreng Noodle Hot Spicy 14.1oz,$5.49,In Stock,/collections/all/products/indomie-mi-goreng-noodle-hot-spicy-14-1o,2025-11-28 16:31:56
Morinaga Hi-Chew Strawberry 1.76oz,$1.69,In Stock,/collections/all/products/morinaga-hi-chew-strawberry-1-76oz,2025-11-28 16:31:56
Glico Pocky Strawberry 2.47oz,$3.99,In Stock,/collections/all/products/gloco-pocky-strawberry-2-47oz,2025-11-28 16:31:56
Shirakiku Vegetable Leek & Pork Gyoza 21oz,$9.49,In Stock,/collections/all/products/shirakiku-vege-leek-pork-gyoza-21oz,2025-11-28 16:31:56
Morinaga Hi-Chew Grape 1.76oz,$1.69,In Stock,/collections/all/products/morinaga-hi-chew-grape-1-76oz,2025-11-28 16:31:56
Cha Cha Roasted Sunflower Seeds Spiced Flavor 250g,$5.49,In Stock,/collections/all/products/cha-cha-rstd-sunflower-seeds-spiced-250g,2025-11-28 16:31:56
"Sapporo Ichiban Chicken 1Pk, 3.5oz",$1.79,In Stock,/collections/all/products/sapporo-ichiban-chicken-1pk-3-5oz,2025-11-28 16:31:56
Lotte Milkis Carbonated Drink Milk Yogurt 250ml,$2.29,In Stock,/collections/all/products/lotte-milkis-milk-yogurt-250ml,2025-11-28 16:31:56
Nongshim Honey Twist Snack 2.64oz,$3.29,In Stock,/collections/all/products/nongshim-honey-twist-snack-2-64oz,2025-11-28 16:31:56
CJ Bibigo Mandu Spicy Pork and Vegetable 24oz,$15.49,In Stock,/collections/all/products/cj-bibigo-mandu-spicy-pork-vege-24oz,2025-11-28 16:31:56
S&B Golden Curry Hot 7.8oz,$8.29,In Stock,/collections/all/products/s-b-golden-curry-hot-7-8oz,2025-11-28 16:31:56
Samyang Ramen Multi 4pack/120g,$12.29,In Stock,/collections/all/products/samyang-ramen-multi-600g,2025-11-28 16:31:56
"Ottogi Jin Ramen Spicy 1 Pack, 120g",$2.29,In Stock,/collections/all/products/ottogi-jin-ramen-spicy-1pk-120g,2025-11-28 16:31:56
"Sapporo Ichiban Original 5Pk, 17.5oz",$7.79,In Stock,/collections/all/products/sapporo-ichiban-original-5pk-17-5oz,2025-11-28 16:31:56
Luobawang Spicy Instant Rice Noodle  315g,$6.79,In Stock,/collections/all/products/luobawang-luo-si-rice-noodle-spicy-315g,2025-11-28 16:31:56
Lee Kum Kee Panda Oyster Sauce 18oz,$6.99,In Stock,/collections/all/products/lee-kum-kee-panda-oyster-sauce-18oz,2025-11-28 16:31:56
Ito En Oi Ocha Green Tea 2L,$8.79,In Stock,/collections/all/products/itoen-oi-ocha-green-tea-2l,2025-11-28 16:31:56
Sekka Premium Medium Grain Rice 4.4lb,$12.99,In Stock,/collections/all/products/sekka-rice-4-4-lb,2025-11-28 16:31:56
Kikkoman Less Sodium Soy Sauce 10oz,$7.79,In Stock,/collections/all/products/kikkoman-less-sodium-soy-sauce-10oz,2025-11-28 16:31:56
Nongshim Shin Ramyun Cup 75g,$2.99,In Stock,/collections/all/products/nongshim-shin-ramyun-cup-75g,2025-11-28 16:31:56
Lotte Big Melon Ice Bar 2.77oz,$1.79,In Stock,/collections/all/products/lotte-big-melon-ice-bar-2-77oz,2025-11-28 16:31:56
Want Want Shelly Senbei 5.29oz,$4.49,In Stock,/collections/all/products/want-want-shelly-senbei-5-29oz,2025-11-28 16:31:56
Myriad Cooked Beef Meatballs 11oz,$12.19,In Stock,/collections/all/products/myriad-cooked-beef-meatballs-11oz,2025-11-28 16:31:56
Shirakiku Carbonated Ramune Drink Lychee 200ml,$3.29,In Stock,/collections/all/products/shirakiku-ramune-drink-lychee-200ml,2025-11-28 16:31:56
Lotte Choco Pie Green Tea 11.85oz,$7.79,In Stock,/collections/all/products/lotte-choco-pie-green-tea-11-85oz,2025-11-28 16:31:56
Twin Marquis Pre Boiled Noodle 16oz,$5.49,In Stock,/collections/all/products/twin-marquis-cooked-noodle-16oz,2025-11-28 16:31:56
Binggrae Samanco Red Bean 4 x 150ml,$8.79,In Stock,/collections/all/products/binggrae-samanco-red-bean-4-150ml,2025-11-28 16:31:56
Shirakiku Pork Gyoza 21oz,$9.49,In Stock,/collections/all/products/shirakiku-pork-gyoza-21oz,2025-11-28 16:31:56
Kokuho Rose Sushi Rice 5lb,$15.99,In Stock,/collections/all/products/kokuho-rose-rice-5lb,2025-11-28 16:31:56
Laoganma Fried Chili in Oil 7.41oz,$7.29,In Stock,/collections/all/products/laoganma-fried-chili-in-oil-7-41oz,2025-11-28 16:31:56
Binggrae Melon Milk Flavored Milk Drink 6 Cartons  x 200ml,$10.99,In Stock,/collections/all/products/binggrae-melon-milk-6-200ml,2025-11-28 16:31:56
S&B Golden Curry Mild 7.8oz,$8.29,In Stock,/collections/all/products/s-b-golden-curry-mild-7-8oz,2025-11-28 16:31:56
CJ Bibigo Mandu Beef Dumpling 24oz,$15.49,In Stock,/collections/all/products/cj-bibigo-mandu-beef-dumpling-24oz,2025-11-28 16:31:56
Dongwon Tuna Hot Pepper Sauce 150g,$4.49,In Stock,/collections/all/products/dongwon-tuna-hot-pepper-sauce-150g,2025-11-28 16:31:56
Shirakiku Carbonated Ramune Drink Original 200ml,$3.29,In Stock,/collections/all/products/shirakiku-ramune-drink-original-200ml,2025-11-28 16:31:56
"Paldo Bibim Men Family Pack 5ea x 4.59oz, 22.95oz",$10.99,In Stock,/collections/all/products/paldo-bibim-men-multi-650g,2025-11-28 16:31:56
Nishiki Premium Grade Rice 5lb,$13.99,In Stock,/collections/all/products/nishiki-rice-5lb,2025-11-28 16:31:56
Samyang Hot Chicken Carbo Big Bowl 105g,$5.99,In Stock,/collections/all/products/samyang-hot-chicken-carbo-big-bowl-105g,2025-11-28 16:31:56
Twin Marquis Udon Noodle 16oz,$4.99,In Stock,/collections/all/products/twin-marquis-udon-16oz,2025-11-28 16:31:56
Tarami Oishii Konjac Jelly Mango Flavor 150g,$2.09,In Stock,/collections/all/products/tarami-jelly-mango-150g,2025-11-28 16:31:56
CJ Duru Duru Vegetable and Pork Dumplings 25oz,$14.99,In Stock,/collections/all/products/cj-duru-duru-vege-pork-dumpling-25oz,2025-11-28 16:31:56
Glico Pocky Matcha 2.47oz,$3.99,In Stock,/collections/all/products/glico-pocky-matcha-2-47oz,2025-11-28 16:31:56
"Sapporo Ichiban Tonkosu 5 packs, 18.5oz",$7.79,In Stock,/collections/all/products/spappro-ichiban-tonkosu-5pk-18-5oz,2025-11-28 16:31:56
Glico Pocky Strawberry 3.81oz,$7.29,In Stock,/collections/all/products/glico-pocky-strawberry-3-81oz,2025-11-28 16:31:56
Wang Korea Bibimbap Go Chu Jang Hot Pepper Paste 500g,$7.79,In Stock,/collections/all/products/wang-hot-pepper-paste-500g,2025-11-28 16:31:56
88 Rice Cake with Sauce Original 1.23lb,$8.79,In Stock,/collections/all/products/88-rice-cake-with-sauce-original-1-23lb,2025-11-28 16:31:56
"Samyang Hot Chicken 1Pk, 140g",$4.99,In Stock,/collections/all/products/samyang-hot-chicken-multi-1pk-4-94oz,2025-11-28 16:31:56
Lotte Sac Sac Grape 238ml,$2.29,In Stock,/collections/all/products/lotte-sac-sac-grape-238ml,2025-11-28 16:31:56
Ottogi Plain Ramen 108g,$1.79,In Stock,/collections/all/products/ottogi-plain-ramen-108g,2025-11-28 16:31:56
Haechandle Hot Pepper Paste Hot 1.1lb,$6.79,In Stock,/collections/all/products/haechandle-medium-pepper-paste-1-1lb,2025-11-28 16:31:56
Taisun Mixed Congee with Okinawa Brown Sugar 340g,$2.29,In Stock,/collections/all/products/taisun-mixed-congee-13-2oz,2025-11-28 16:31:56
Choripdong Gwang Chun Roasted Laver 9+3/0.17oz,$8.79,In Stock,/collections/all/products/choripdong-gwang-chun-rstd-laver-9-3-0-17oz,2025-11-28 16:31:56
Yeshu Coconut Juice 6 X 245ml,$12.29,In Stock,/collections/all/products/yeshu-coconut-juice-6-245ml,2025-11-28 16:31:56
Nongshim Shin Black Noodle Soup 1Pk 4.58oz,$4.49,In Stock,/collections/all/products/nongshim-shin-black-noodle-soup-1pk-4-58-oz,2025-11-28 16:31:56
Nongshim Shrimp Flavored Cracker 2.6oz,$3.99,In Stock,/collections/all/products/nongshim-shrimp-flavored-cracker-2-64oz,2025-11-28 16:31:56
Glico Pocky Almond Crush 1.45oz,$3.99,In Stock,/collections/all/products/glico-pocky-almond-crush-1-45oz,2025-11-28 16:31:56
Haechandle Mild Hot Pepper Paste 1.1lb,$6.79,In Stock,/collections/all/products/haechandle-mild-hot-pepper-paste-1-1lb,2025-11-28 16:31:56
Orion Turtle Chip Corn Soup 80g,$3.29,In Stock,/collections/all/products/orion-turtle-chips-corn-soup-80g,2025-11-28 16:31:56
S&B Golden Curry Medium Hot 7.8oz,$8.29,In Stock,/collections/all/products/s-b-golden-curry-medium-hot-7-8oz,2025-11-28 16:31:56
"Samyang Hot Chicken Carbo 1Pk, 130g",$5.49,In Stock,/collections/all/products/samyang-hot-chicken-carbo-1pk-4-58oz,2025-11-28 16:31:56
Tarami Oishii Konjac Jelly Apple Flavor 150g,$2.09,In Stock,/collections/all/products/tarami-apple-jelly-150g,2025-11-28 16:31:56
Kyong Gi Me Medium Grain Rice 4.4lb,$8.79,In Stock,/collections/all/products/kyong-gi-me-rice-4-4lb,2025-11-28 16:31:56
CJ Cooked White Rice 6 Bowls x 210g,$16.49,In Stock,/collections/all/products/cj-cooked-white-rice-6-210g,2025-11-28 16:31:56
Calbee Shrimp Chips Original 4oz,$5.49,In Stock,/collections/all/products/calbee-shrimp-chips-original-4oz,2025-11-28 16:31:56
CJ Bibigo Mandu Pork & Vegetable Dumpling 32oz,$15.49,In Stock,/collections/all/products/cj-bibigo-mandu-pork-dumlping-32oz,2025-11-28 16:31:56
Ito En Oi Ocha Green Tea 500ml,$3.99,In Stock,/collections/all/products/itoen-oi-ocha-green-tea-500ml,2025-11-28 16:31:56
Binggrae Melona Melon 8 Bars x 70ml,$8.79,In Stock,/collections/all/products/binggrae-melona-melon-8-70ml,2025-11-28 16:31:56
Glico Pocky Chocolate 2.47oz,$3.99,In Stock,/collections/all/products/glico-pocky-chocolate-2-47oz,2025-11-28 16:31:56
WuFuYuan Tapioca Pearl Black Sugar Flavor 250g,$4.49,In Stock,/collections/all/products/wufuyuan-black-tapioca-pearl-8-8oz,2025-11-28 16:31:56
Choripdong Dumpling Wrapper 14oz,$4.99,In Stock,/collections/all/products/choripdong-dumpling-wrapper-14oz,2025-11-28 16:31:56
Lotte Choco Pie 11.85oz,$7.79,In Stock,/collections/all/products/lotte-chocopie-11-85oz,2025-11-28 16:31:56
Shirakiku Sanukiya Udon 2.75lb,$10.49,In Stock,/collections/all/products/shirakiku-sanukiya-udon-2-75lb,2025-11-28 16:31:56
Orion Choco Pie 468g,$7.29,In Stock,/collections/all/products/orion-chocopie-486g,2025-11-28 16:31:56
Kewpie Mayonnaise 15.72oz,$9.49,In Stock,/collections/all/products/kewpie-mayonnaise-17-64oz,2025-11-28 16:31:56
Nongshim Shin Light Air Dried Ramyun 13.6oz,$16.99,In Stock,/collections/all/products/nongshim-shin-light-air-dried-ramyun-13-6oz,2025-11-28 16:31:56
Glico Pocky Chocolate 4.13oz,$7.29,In Stock,/collections/all/products/glico-pocky-chocolate-4-13oz,2025-11-28 16:31:56
Samyang Hot Chicken Carbo Multi 650g,$10.99,In Stock,/collections/all/products/samyang-hot-chicken-carbo-multi-650g,2025-11-28 16:31:56
Nongshim Shin Black Noodle Soup Multi 520g,$15.49,In Stock,/collections/all/products/nongshim-shin-black-noodle-soup-multi-520g,2025-11-28 16:31:56
"Indomie Mi Goreng Fried Noodle 3oz x 5Pks, 15oz",$5.49,In Stock,/collections/all/products/indomie-mi-goreng-fried-noodle-15oz,2025-11-28 16:31:56
Haitai Honey Butter Chip 120g,$7.29,In Stock,/collections/all/products/haitai-honey-butter-chip-120g,2025-11-28 16:31:56
Nongshim Shrimp Flavored Cracker Hot 2.6oz,$3.99,In Stock,/collections/all/products/nongshim-shrimp-flavored-cracker-hot-2-6oz,2025-11-28 16:31:56
CJ Cooked White Rice Bowl 210g,$2.79,In Stock,/collections/all/products/cj-cooked-white-rice-bowl-210g,2025-11-28 16:31:56
Binggrae Strawberry Milk 6 x 200ml,$10.99,In Stock,/collections/all/products/binggrae-strawberry-milk-6-200ml,2025-11-28 16:31:56
Calbee Shrimp Chips Original 8oz,$8.79,In Stock,/collections/all/products/calbee-shrimp-chips-original-8oz,2025-11-28 16:31:56
Samyang Hot Chicken Multi 700g,$11.99,In Stock,/collections/all/products/samyang-hot-chicken-multi-700g,2025-11-28 16:31:56
Kadoya Pure Sesame Oil 11oz,$10.99,In Stock,/collections/all/products/kadoya-pure-sesame-oil-11oz,2025-11-28 16:31:56
Dongwon Luncheon Meat 12oz,$6.29,In Stock,/collections/all/products/dongwon-luncheon-meat-12oz,2025-11-28 16:31:56
Imei Green Onion Pancake 525g,$5.49,In Stock,/collections/all/products/imei-green-onion-pancake-525g,2025-11-28 16:31:56
Orion Turtle Chips Sweet Corn 5.65Oz,$7.29,In Stock,/collections/all/products/orion-turtle-chips-cornsoup-160g,2025-11-28 16:31:56
Kadoya Pure Sesame Oil 5.5oz,$6.29,In Stock,/collections/all/products/kadoya-pure-sesame-oil-5-5oz,2025-11-28 16:31:56
Nongshim Shin Ramyun Noodle Soup 1Pk 120g,$2.99,In Stock,/collections/all/products/nongshim-shin-ramyun-noodle-soup-1pk-120g,2025-11-28 16:31:56
Nongshim Neoguri Ramyun 4.2oz,$2.79,In Stock,/collections/all/products/nongshim-neoguri-ramyun-4-2oz,2025-11-28 16:31:56
Tarami Oishii Konjac Jelly Grape Flavor 150g,$2.49,In Stock,/collections/all/products/tarami-jelly-grape-150g,2025-11-28 16:31:56
Choripdong Frozen Fried Fish Cake 7.61oz,$3.29,In Stock,/collections/all/products/choripdong-frozen-fried-fish-cake-7-61oz,2025-11-28 16:31:56
Nongshim Neoguri Ramyun Multi 480g,$9.99,In Stock,/collections/all/products/nongshim-neoguri-ramyun-multi-480g,2025-11-28 16:31:56
CJ Cooked White Rice 3 Bowls x 210g,$9.49,In Stock,/collections/all/products/cj-cooked-white-rice-3-210g,2025-11-28 16:31:56
Nongshim Chapagetti 4.5oz,$2.79,In Stock,/collections/all/products/nongshim-chapagetti-4-5oz,2025-11-28 16:31:56
Maeil Biofeel Plain 315ml,$1.79,In Stock,/collections/all/products/maeil-biofeel-plain-315ml,2025-11-28 16:31:56
Binggrae Banana Flavored Milk Drink 6 Cartons x 200ml,$10.99,In Stock,/collections/all/products/binggrae-banana-milk-6-200ml,2025-11-28 16:31:56
Shaomei Brown Sugar Boba Ice Cream Bar 11.3oz,$11.79,In Stock,/collections/all/products/xiaomei-brown-sugar-boba-ice-cream-bar-4-80g,2025-11-28 16:31:56
"Nongshim Chapagetti Jjajang Noodles Family Pack 127g x 4 Pkgs, 508g",$9.99,In Stock,/collections/all/products/nongshim-chapagetti-multi-508g,2025-11-28 16:31:56
Nongshim Shin Ramyun Multi 480g,$6.99,In Stock,/collections/all/products/nongshim-shin-ramyun-multi-480g,2025-11-28 16:31:56
