name,price,source
Organic Eggplant Globe,3.99,westside
Organic Carrots Bunch,4.99,westside
Organic Yellow Bananas,0.99,westside
Organic Cucumbers,2.50,westside
Usda Produce Organic Seedless Cucumber,3.99,westside
Organic Avocados,1.25,westside
Organic Avocado,2.00,westside
Organic Cilantro,3.99,westside
Natures Way Organic Parsley,2.99,westside
Carrots Bunch,2.50,westside
Carrots Loose All Sizes,1.29,westside
Organic Green Scallion Onions,2.50,westside
Corn Sweet Yellow,1.25,westside
Loose Beets,1.99,westside
Organic Peppers Bell Green,4.99,westside
Cabbage Green,0.99,westside
Beans String,2.99,westside
Cucumber English Hothouse,1.25,westside
Cucumber Green Ridge Short,1.00,westside
Hass Avocados,1.67,westside
Beans Green French,1.99,westside
Cabbage Red,0.99,westside
Beets Bunch,2.99,westside
Organic Leeks,5.99,westside
Bananas Plantain Macho,1.25,westside
Bananas Yellow,0.69,westside
Organic Kale,6.99,westside
Eggplant,1.29,westside
Napa Cabbage,1.69,westside
Kale Tuscan,5.99,westside
Organic Tomatoes On Vine,5.99,westside
Cactus Pear Prickly Pear,1.25,westside
Organic Grapes White,4.99,westside
Organic Asparagus,8.99,westside
Eggplant Baby,2.49,westside
Lettuce Romaine,3.00,westside
Organic Peppers Yellow,7.99,westside
Iceberg Lettuce,4.99,westside
Organic Red Leaf,5.99,westside
Red Cherries,8.99,westside
organic garnet yam/ red sweet potato,4.99,westside
Organic Pears Bartlett,3.49,westside
Lettuce Green Leaf,3.99,westside
Lettuce Boston Butter,2.50,westside
Lettuce Red Leaf,3.99,westside
Organic Plum Tomato,4.99,westside
Organic Kale Curly,6.99,westside
Organic Pears Bosc,3.49,westside
Organic Pears Anjou,3.49,westside
Organic Potato Baking,2.69,westside
Butternut Squash Organic,2.99,westside
Avocado Large,1.67,westside
Organic Lettuce Romaine,6.99,westside
Organic Squash Zucchini,2.99,westside
Grapes Red Seedless,3.99,westside
Green Grapes Seedless,3.99,westside
Black Seedless Grapes,2.99,westside
Watermelon Seedless,1.29,westside
Grapes Red Globe,3.99,westside
Tomato Vine,2.99,westside
Red Potatoes,1.99,westside
Organic Apples Fuji,2.99,westside
SWEET YAM PURPLE POTATOS,2.99,westside
Squash Butternut,1.49,westside
Zucchinni Green,2.49,westside
Organic Lettuce Green Leaf,5.99,westside
White Mushroom Regular,4.99,westside
Mushroom Crimini,5.99,westside
Organic Granny Smith Apples,2.99,westside
Sweet Potato Yam Kumara Golden,1.29,westside
Organic Apples Honeycrisp,3.99,westside
Organic Apples Pink Lady,2.99,westside
Organic Tomato Greenhouse,3.99,westside
Boniato Sweet Potato,0.99,westside
Squash Acorn,1.99,westside
Pears Comice Small,2.49,westside
Pears Anjou Green,2.49,westside
BARTLETT PEARS,1.99,westside
Pears Bosc Beurre Bosc,2.49,westside
Squash Kabocha,3.99,westside
Mushroom Shiitake,11.99,westside
Organic Royal Gala Apples,2.99,westside
Spices Parsley Itali,0.99,westside
Cilantro,1.99,westside
Pears Red All Sizes,2.49,westside
Pears Forelle Corella,2.49,westside
Pears Asian,3.99,westside
Yellow/Brown Onions,0.89,westside
Onions Red,1.69,westside
Onions Green Scallions,1.25,westside
Onions Other Sweet,1.29,westside
Organic Celery,4.99,westside
Mushrooms Portabella,6.99,westside
Onions Shallots,3.49,westside
Leeks Regular,3.99,westside
Onions White,1.29,westside
Mint All Sizes,2.99,westside
Parsley Curley,1.69,westside
FRESH GARLIC BULBS,5.99,westside
Watercress,2.50,westside
Organic Squash Hard Kabocha,3.99,westside
Radish Bunch,1.67,westside
Ginger,3.99,westside
Squash Spaghetti,1.69,westside
Parsnip,2.49,westside
Fresh Organic Limes,1.25,westside
Organic Lemon,1.25,westside
POTATO YUCON CREAMER,2.99,westside
Squash Yellow Zucchini,2.49,westside
Yuca Root Cassava Manioc,1.69,westside
Green Bell Pepper,1.99,westside
Organic Navel Orange,1.50,westside
Squash Chayote Choko,1.99,westside
Turnip Purple Top,1.69,westside
Orange Bell Peppers,1.99,westside
Radicchio,8.99,westside
Celery Roots,1.99,westside
Pepper Jalapeno,2.99,westside
Peppers Yellow,1.99,westside
Organic Pomegranate,6.99,westside
Peppers Bell Red,4.99,westside
Spanish Onions,0.99,westside
Arrugula,2.50,westside
Peppers Cubanelle,3.99,westside
Organic Grapefruit Deep Red,2.99,westside
Organic Dill,3.99,westside
Apples Honeycrisp,2.99,westside
Granny Smith Apples,1.99,westside
Apples Fuji Small,1.99,westside
Apples Pink Lady,1.99,westside
Mushrooms Oyster,11.99,westside
Brussels Sprouts,3.49,westside
Asparagus Green,5.99,westside
Celery Bunch,1.67,westside
Broccoli,3.99,westside
Apples Golden Delicious,1.99,westside
Apples Gala Small,1.99,westside
Mcintosh Apples,1.99,westside
Apples Red Delicious,1.99,westside
Greens Collard,1.99,westside
Kale Green,1.99,westside
Cauliflower,4.99,westside
Anise All Sizes,2.99,westside
Apples Cortland,1.99,westside
APPLES Rome,1.99,westside
Yellow Squash,2.99,westside
Spinach Bunch,4.99,westside
Organic Cauliflower,7.99,westside
Broccoli Rabe,4.99,westside
Bok Choy Baby,2.99,westside
Peppers Bell Orange,4.99,westside
Kohlrabi,3.99,westside
Kiwifruit Golden,1.67,westside
MANGO,3.00,westside
Kiwifruit Regular,1.25,westside
Organic Grapes Green Seedless,6.99,westside
Papaya Pawpaw Cooking Mexican,2.99,westside
Papaya Pawpaw Meridol,2.99,westside
Bok Choy,1.99,westside
Pineapples,6.99,westside
MUSTARD GREENS,1.99,westside
Apples Ginger Gold,0.99,westside
ESCAROLE,2.49,westside
Organic Peppers Red Bell,6.99,westside
Dragon Fruit/ Pitahaya Yellow Skin Color,6.99,westside
Coconuts,1.69,westside
CANTALOUPE,4.99,westside
Red Swiss Chard,2.69,westside
Organic Green Acorn,2.99,westside
SQUASH Sweet Mama,2.49,westside
Tomatoes Regular,2.49,westside
Dandelion Greens,4.99,westside
Sweet Potato Yam Kumara White,1.99,westside
Tangerines Clementine,0.67,westside
Grapefruit Deep Red,1.25,westside
Oranges Blood,0.67,westside
Navel Oranges,1.25,westside
Large Lemons,0.60,westside
Navel Oranges,1.67,westside
Pomegranate Large,5.99,westside
Aloe Vera Leaves,1.69,westside
Green Swiss Chard,2.69,westside
Lettuce Boston,2.50,westside
Honey Tangerines,0.67,westside
Small Pink Grapefruit,1.25,westside
Grapefruit Deep Red,2.50,westside
Artichokes,2.99,westside
Organic Grapefruit Deep Red,3.00,westside
Red Dragon Fruit Pitahaya Red Skin Color,6.99,westside
Blood Oranges,1.25,westside
Quince,4.99,westside
Turnip Greens,1.99,westside
Plums Red,2.99,westside
Parsley Root,4.99,westside
Cherimoya,7.99,westside
Yukon Potatos,1.99,westside
Pears Anjou Red,1.99,westside
Organic Red Grapes,3.49,westside
Onion Vidalia,1.29,westside
Guava,6.99,westside
Chicory,2.49,westside
Rosemary,2.50,westside
Basil Bunch,2.99,westside
Thyme,2.50,westside
Organic Yams Jewel,2.69,westside
Grapefruit Deep Red,1.67,westside
POULTRY MIX,2.50,westside
Organic Arugula,4.99,westside
Organic Baby Spinach,4.99,westside
Organic Sweet Potatoes,4.99,westside
BABY ARUGULA,4.99,westside
Baby Spinach,3.99,westside
Satur Wild Arrugula,3.99,westside
Melon Yellow Honeydew,4.99,westside
Organic Rosemary,2.99,westside
Mesclun Salad,3.99,westside
Romaine Hearts,7.99,westside
Mint,2.50,westside
FRESH SLICED WATERMELON,1.69,westside
FRESH CUT WATERMELON,7.99,westside
Plums,3.99,westside
Pomegranate Large,4.99,westside
FRESH CUT PINEAPPLE,5.99,westside
PINEAPPLE FRUIT CUP,4.99,westside
FRESH CUT MANGO,8.99,westside
FRESH CUT PINEAPPLE,8.99,westside
BABY SPINACH,4.99,westside
FRESH CUT CANTALOUPE,7.99,westside
MANGO FRUIT CUP,5.99,westside
POMEGRANATE SEEDS,15.99,westside
FRESH CUT WATERMELON,5.99,westside
WATERMELON FRUIT CUP,4.99,westside
CHIVES,2.50,westside
FRESH CUT CANTALOUPE,5.99,westside
FRESH CUT PINEAPPLE,6.99,westside
SEEDLESS GREEN GRAPES,5.99,westside
Tomatoes Beefsteak,2.49,westside
Anise,6.99,westside
FRESH CUT CANTALOUPE,6.99,westside
Romaine Leaves,3.99,westside
FRESH SWEET MIXED GRAPES,4.99,westside
Organic Chives,2.50,westside
Organic Mint,2.99,westside
ROMAINE LEAVES,4.99,westside
SEEDLESS RED GRAPES,5.99,westside
Organic Parsley Curley,2.99,westside
Rulo Sweet Plantain,0.99,westside
Grapefruit Ruby Red Pink,1.67,westside
ITALIAN BLEND SALAD,5.99,westside
Goodness Gardens Organic Dill,2.99,westside
FRESH CUT HONEYDEW MELON,5.99,westside
RED & GREEN ROMAINE,4.99,westside
FRESH CUT HONEYDEW MELON,7.99,westside
Baby Yukon Potatoes,1.49,westside
50/50 BLEND SPINACH & ARUGULA,4.99,westside
Organic Basil,2.99,westside
Tarragon,2.50,westside
ORGANIC CHERRIES,6.99,westside
Potato White,2.99,westside
Yellow Peaches,1.99,westside
Corn Sweet White,1.00,westside
Organic Lemons,1.67,westside
Organic Idaho Potato,1.99,westside
Pears Asian Nashi,2.50,westside
MIXED GRAPES FRUIT CUP,4.99,westside
Organic Herb Mix,4.99,westside
Organicgirl Baby Spinach 5 O,5.99,westside
Celery Hearts All Sizes,3.99,westside
Jicama,2.49,westside
ORGANIC LEMON GINGER ECHINACEA,7.49,westside
Peppers Bell,7.99,westside
Russet Potato,3.99,westside
Papaya Pawpaw Small,2.99,westside
FRESH CUT HONEYDEW MELON,6.99,westside
DILL,2.99,westside
Organic Oregano,2.99,westside
Organic Baby Arugula,5.99,westside
Pumpkin Jumbo,7.99,westside
Pumpkin White,1.25,westside
Pumpkin Medium Pumpkin,1.99,westside
Grapefruit Deep Red Large,2.99,westside
Superfood Blend,4.99,westside
Organic Onion Yellow Brown,2.49,westside
Avocados Pinkerton,2.50,westside
Sweet Corn Baby,3.49,westside
Organic Lettuce Iceberg,3.99,westside
Organic Artichokes,2.50,westside
Apples Crispin Mutsu,1.69,westside
Mushrooms King Trumpet,24.99,westside
Grapes Blue Black Seeded,3.99,westside
Ruby Red Grapefruit,2.50,westside
Organic Tomato,3.99,westside
Organic Baby Bok Choy,3.49,westside
Pears French,2.29,westside
Organic Red Globe Grapes,5.99,westside
Plum Red,3.99,westside
PINEAPPLE Jet Fresh,2.50,westside
Baby Spring Mix,5.99,westside
Organic Pears Anjou,2.99,westside
Turnip White,1.99,westside
Organic Sweet Potato,2.99,westside
Sweet & Crunchy Little Gems Leaves Sweet & Crunchy,5.99,westside
Broccoli Crowns,3.49,westside
Spaghetti Squash,2.99,westside
Organic Persimmons,2.50,westside
Oranges Valencia Small,0.80,westside
Organic Super Greens,5.99,westside
Tomatoes Cherry Vine,5.99,westside
Tomatoes Cherry All Sizes,6.99,westside
Organic Broccoli Rabe,2.49,westside
Organic Celery,2.99,westside
Basil,2.50,westside
Super Spinach,4.99,westside
Onion California Sweet,1.29,westside
YOGURT WITH MIXED BERRIES,7.99,westside
FRESH CUT PINEAPPLE & WATERMELON,8.99,westside
Goodness Gardens Thyme Og,2.99,westside
Arugula,3.99,westside
EARTH GREENS - ORGANIC SWEET LETTUCE MIX,4.99,westside
Goodness Gardens Sage Whole Og,2.99,westside
Fresh Bay Leaves,2.50,westside
JUNIOR FRUIT PLATTER,20.99,westside
STRAWBERRIES & BLUEBERRIES FRUIT,5.99,westside
FRESH CUT PAPAYA,8.99,westside
MANGO & BERRIES FRUIT CUP,5.99,westside
Garden Life Spinach,3.99,westside
FRESH PEELED MANGO,7.99,westside
FRESH PEELED MANGO,6.99,westside
FRESH CUT PAPAYA,6.99,westside
KIWI & STRAWBERRIES,7.99,westside
MIXED FRUIT,6.99,westside
Oranges Navel Large,0.80,westside
Lemons Medium,0.60,westside
ORGANIC BROCCOLI,3.99,westside
Baby Spinach,7.99,westside
Organic Mushrooms,2.99,westside
Lemons,2.50,westside
Organic Naval Orange,1.67,westside
Organic Grapefruit Ruby Red,1.67,westside
FRESH FIGS (USA),6.99,westside
JUMBO FRESH FRUIT SALAD,19.99,westside
MANGO & STRAWBERRIES 12-14 OZ,7.99,westside
STRAWBERRIES AND BLUEBERRIES,6.99,westside
KIWI & BERRIES,6.99,westside
PEELED & CUT SQUASH BUTTERNUT,5.99,westside
Papaya,2.99,westside
Peppers Bell Greenhouse Purple,1.99,westside
Pepper Japanese,2.49,westside
Peppers Poblano,2.99,westside
Satur Baby Kale,3.99,westside
KIWI - MANGO - STRAWBERRY MIX,6.99,westside
MANGO STRAWBERRIES BLUEBERRY,6.99,westside
BROCCOLI CAULIFLOWER & BABY CARROTS,6.99,westside
FRESH BROCCOLI,5.99,westside
SWEET CORN,3.99,westside
FRESH PEELED GARLIC,6.99,westside
FRESH CUT PAPAYA,7.99,westside
FLORIDA SWEET PINK GRAPEFRUIT,4.99,westside
PINEAPPLE & WATERMELON SALAD,6.99,westside
Satur Farms Wild Arugula,7.99,westside
NAVEL ORANGES,6.99,westside
SPRING MIX,4.99,westside
50/50 MIX,4.99,westside
FRESH CUT NAVEL ORANGES,5.99,westside
FRESH CLEANED STRING BEANS,5.99,westside
FRESH GRAY SQUASH,2.99,westside
Oregano,2.50,westside
CELERY & CARROT STICKS,5.99,westside
Bay  Leaves,2.99,westside
Apples Macoun,1.99,westside
BRUSSELS SPROUTS HALVED,5.99,westside
CELERY STICKS,5.99,westside
Grapefruit Deep Red Xl,2.50,westside
BABY KALE & GREENS,4.99,westside
CARROT STICKS,5.99,westside
CHOPPED SPANISH ONIONS,5.99,westside
CHOPPED RED ONIONS,5.99,westside
Spring Mix,7.99,westside
Baby Spinach & Arugula,5.99,westside
Fresh Spinach,5.99,westside
FRESH CALIFORNIA CAULIFLOWER,5.99,westside
FRESH CHOPPED CELERY,4.99,westside
Fruit - Rambutan,6.99,westside
Pears Starkrimson,1.99,westside
Nectarine California,2.99,westside
Figs White Green All Sizes,3.99,westside
Lychees,6.99,westside
Ataulfo Yellow Mango,2.50,westside
FRESH OKRA,4.99,westside
FRESH TOMATILLO,3.99,westside
SERRANO PEPPERS,3.99,westside
CHOPPED GREEN RED PEPPERS & ONIONS,4.99,westside
ROMAINE ENDIVE & RADICCHIO,4.99,westside
SHREDDED RED & GREEN CABBAGE,6.99,westside
"FRESH BROCCOLI,CAULIFLOWER",5.99,westside
FRESH POBLANO PEPPERS,3.99,westside
Goodness Gardens Tarragon Og,2.99,westside
Tangerines Mandarin,1.00,westside
Special Tangerine Mandarin,1.25,westside
ORANGES Temple,0.75,westside
Pomegranate E,2.99,westside
Tangerines Mandarin Royal,1.00,westside
BABY ARUGULA,14.99,westside
MIXED CHOPPED PEPPERS,6.99,westside
FRESH JALAPENO PEPPERS,3.99,westside
Sweet Baby Lettuces,3.99,westside
Arugula Spinach Mix,3.99,westside
FRESH ASPARAGUS,5.99,westside
FRESH CHOPPED CARROTS,4.99,westside
FRESH CUT KALE GREENS,4.99,westside
Family Size Baby Spring Mix,7.99,westside
Rhubarb,5.99,westside
FRESH SUGAR SNAP PEAS,6.99,westside
BABY SPINACH,12.99,westside
FRESH SNOW PEAS,6.99,westside
SHREDDED GREEN CABBAGE,6.99,westside
SHREDDED RED CABBAGE,6.99,westside
Herb Mix,3.99,westside
SOUP GREENS,6.99,westside
BRUSSELS SPROUTS,4.99,westside
SHREDDED CARROTS,6.99,westside
Spinach & Spring Mix,7.99,westside
Org 50/50 Spring Mix & Baby Spinach,7.99,westside
FRESH BRUSSEL SPROUTS (USA),4.99,westside
FRESH MIXED SLICED ONIONS,5.99,westside
50 50 Blend Salad Mix Organic,7.99,westside
Baby Kake Great For Salads & S,5.99,westside
Organic Girl 50/50,5.99,westside
Organic Girl Super Greens Arugula And Spina,8.99,westside
Baby Kale Spring Mix,5.99,westside
FRESH BEANS SPROUTS,3.99,westside
MESCLUN SALAD,12.99,westside
CARROT & CELERY STICKS IN WATER,4.99,westside
POTATOES IDAHO 5lb,3.99,westside
Honeycrisp Apple,1.99,westside
FRESH TUMERIC ROOT,7.99,westside
Spices Parsley (Root,3.49,westside
BABY CARROTS & CELERY STICKS(USA,6.99,westside
SLICED MIXED PEPPERS,6.99,westside
ZUCHINI SPIRALS,6.99,westside
Chestnut Mushrooms,8.99,westside
CARROT STICKS IN WATER,4.99,westside
ORGANIC GINGER USA,5.99,westside
CHOPPED CELERY CARROT & ONIONS,8.99,westside
Baby Kale,3.99,westside
Dried Peppers Chili,1.99,westside
50/50 Blend Salad,5.99,westside
LB,5.99,westside
LB,24.99,westside
11 OZ,7.99,westside
LB,19.99,westside
MINI ASSORTED DANISH,1.25,westside
LARGE ASSORTED COOKIE,2.00,westside
MINI TEA LOAF,2.00,westside
CREME CHEESE ICED CINNAMON ROLL,2.50,westside
BUTTER CROISSANT,2.00,westside
MINI PORTUGUESE ROLLS,0.80,westside
PORTUGUESE ROLL,1.00,westside
ASSORTED MUFFINS,2.00,westside
HEROS,1.34,westside
KAISER ROLL,1.00,westside
SMALL HOT COFFEE,1.84,westside
ASSORTED DANISH,2.50,westside
ASSORTED BAGELS EACH,1.00,westside
ASSORTED DONUT,2.00,westside
APPLE TURNOVER,2.50,westside
CHOCOLATE CROISSANT,2.99,westside
PUMPKIN PIE,7.99,westside
SOURDOUGH BREAD,7.99,westside
Pepperidge Farm Italian White Bread,3.39,westside
English Muffins 6Pk,5.29,westside
LARGE ICED COFFEE,3.44,westside
HOME BAKED M&M COOKIES,7.99,westside
ASSORTED SCONES,2.50,westside
OLIVE FOCACCIA,2.00,westside
21 Whole Grain And Seeds,5.99,westside
7 GRAIN ROLL,1.50,westside
EGG TWIST ROLL,1.00,westside
WHOLE WHEAT SOURDOUGH,7.99,westside
FRENCH SOURDOUGH BREAD,7.99,westside
TUXEDO CHOCOLATE MOUSSE SLICE,6.99,westside
FRENCH BAGUETTE,5.29,westside
WSM CARAMEL TRES LECHES CAKE,4.99,westside
Pepperidge Farm Farmhouse Bread Potato,4.99,westside
MARIA'S HOMEMADE CHOCOLATE BANANA WAFER PUDDING,6.99,westside
BINDI CHOCOLATE CAKE SLICE,5.99,westside
STRAWBERRY YOGURT PARFAIT,5.99,westside
Challach,7.59,westside
MINI BLACK & WHITE COOKIES,6.99,westside
WHOLE GRAIN BREAD,7.99,westside
Pepperidge Farm Classic Sandwich Buns With Sesame Seeds,4.29,westside
RED VELVET CUPCAKES RED VELVET,6.49,westside
MARIA'S HOMEMADE LEMON JELLO,3.99,westside
MULTIGRAIN LOAF,4.49,westside
WHOLE WHEAT BOULE,4.49,westside
Bagels Cinnamon Raisin,5.49,westside
ANCIENT GRAIN BREAD GLUTEN FREE,7.99,westside
SESAME SEED BRIOCHE BURGER BUN,6.99,westside
BRIOCHE HOT DOG BUNS,6.99,westside
Pepp Farm Sourdough,4.99,westside
Bread Oat & Nut,5.29,westside
TRIPLE BERRY YOGURT PARFAIT,5.99,westside
CRANBERRY PECAN COLD GRANOLA,5.99,westside
Pepp Farm Whlgrn Bread,4.99,westside
Bread 12 Grain,5.29,westside
MARIA'S HOMEMADE PUMPKIN PUDDING,6.99,westside
4 INCH CHERRY PIE,2.49,westside
CHALLAH ROLLS,6.99,westside
CAROUSEL CAKES CHOCOLATE OUTRAGE CAKE SLICE,5.99,westside
EGG CHALLAH WHOLE WHEAT,7.59,westside
CRANBERRY PECAN DINNER ROLL,1.67,westside
VANILLA STRAWBERRY YOGURT PARFAIT,5.99,westside
Bread 100 Calorie Whole Wheat,5.29,westside
VANILLA CUPCAKES VANILLA,6.49,westside
MARIA'S HOMEMADE RED RASPBERRY JELLO,3.99,westside
Bread Multigrain,5.29,westside
Rye Bread,4.99,westside
MARIA'S HOMEMADE ORANGE JELLO,3.99,westside
CHALLAH ROLLS,7.59,westside
NUT FREE BIRTHDAY CAKE CUPCAKES,6.49,westside
EGG CHALLAH ROLLS,7.59,westside
CHERRY PIE,8.99,westside
SOUR RYE BREAD,7.99,westside
Pepperidge Farm Hamburger Buns - Classic,4.29,westside
Pepperidge Farm Sweet Hawaian,4.99,westside
Bread Seeded Rye,4.99,westside
NAAN ORIGINAL AUTHENTIC FLATBREADS,3.89,westside
OLD FASHIONED COCONUT CUSTARD PIE,7.99,westside
MIXED GRAIN BREAD,7.99,westside
PITA BREAD WHITE,2.99,westside
COCONUT MACAROONS,5.99,westside
COUNTRY BREAD,5.49,westside
FLATBREAD PLAIN,4.19,westside
Bread - Good Seed Thin,5.99,westside
English Muffins Whole Wheat,5.29,westside
CAROUSEL CAKES BLUE VELVET CAKE SLICE,5.99,westside
FARMHOUSE BRIOCHE BREAD,4.99,westside
PUMPKIN PIE NO SUGAR ADDED,7.99,westside
Thomas English Muffins,5.29,westside
CAROUSEL CAKES CHOCOLATE SUPREME MOUSSE CAKE,5.99,westside
MARIA'S HOMEMADE CHOCOLATE CHIPS COLD GRANOLA OATMEAL,5.99,westside
SETTEPANI STRAWBERRY SHORTCAKE,5.99,westside
Pepp Farm Deli Swirl,4.99,westside
MARIA'S HOMEMADE COCONUT RAISIN COLD GRANOLA OATMEAL,5.99,westside
HUDSON SOURDOUGH BOULE,5.99,westside
HALF HOME BAKED CHERRY PIE,8.99,westside
TUSCAN HONEY SUNFLOWER BREAD,5.99,westside
GLUTEN FREE WRAPS,4.49,westside
HOME BAKED PEANUT BUTTER COOKI,8.49,westside
HOMEMADE BANANA POUND CAKE,3.99,westside
HOME BAKED ORANGE CRANBERRY OATMEAL COOKIES,8.49,westside
CROISSAINT BOSTON CREAM,6.99,westside
MARIA'S HOMEMADE BANANA BREAD,9.99,westside
21 Wholegrain And Seeds Burger Buns,6.99,westside
ENGLISH MUFFINS SOURDOUGH,5.29,westside
SAVORY OLIVE OIL TORTAS,8.97,westside
RED VELVET CAKE,3.99,westside
Pepp Farm Jewish Rye,4.99,westside
Sandwich Rolls Sesame Seed,4.49,westside
MARIA'S HOMEMADE CORN BREAD,3.99,westside
HOMEBAKED WALNUT CHOCOLATE CHUNK COOKIES,8.49,westside
MARIA'S HM WALNUT BAKLAVA,6.99,westside
MARIA'S TIRAMISU CHEESE CAKE,6.99,westside
MARIA'S CRAZY CUP WITH DUBAI CHOCOLATE,6.99,westside
ITALIAN TIRAMISU CAKE,7.99,westside
MARIA'S HOMEMADE CHERRY CHEESE CAKE,6.99,westside
CHOCOLATE PUDDING,5.99,westside
MARIA'S HOMEMADE STRAWBERRY CHEESECAKE,6.99,westside
WESTSIDE MARKET  BLACK & WHITE COOKIES,6.99,westside
MARIAS HOME BAKED SEMOLINA BAGUETTE,3.50,westside
DONUTS MINI DEVIL'S FOOD MINI DOUGHNUT,6.99,westside
NAAN GARLIC,3.99,westside
CINNAMON BABKA,9.99,westside
CRISPBREAD RYE SPELT,6.99,westside
FRENCH MINI BEIGNETS,9.99,westside
SPINACH WRAPS GLUTEN FREE,3.99,westside
Arnold Potato Sandwich Rolls,4.49,westside
CAROUSEL CAKES ORIGINAL DRIZZLE CAKE SLICE,5.99,westside
FRENCH MACARONS,6.99,westside
MARIA'S HOMEMADE GREEK YOGURT PARFAIT HONEY & MIXED NUTS,5.99,westside
MARIA'S HOMEMADE TIRAMISU CUP,5.99,westside
MARIA'S HOMEMADE VANILLA LOW FAT YOGURT PARFAIT,5.99,westside
WESTSIDE MARKET STRAWBERRY CHEESECAKE,5.99,westside
MARIA'S HOMEMADE HALF APPLE PIE,8.99,westside
VANILLA CREME PUFFS,6.49,westside
HOME BAKED M&M COOKIES,4.49,westside
ALMOND CROISSANTS,2.99,westside
MARIA'S HOME BAKED WHOLE WHEAT LOAF,3.99,westside
COCONUT PECAN COOKIES,8.49,westside
NAAN WHITE BREAD,3.99,westside
PANINI HLF TSCN WHT LOAF,6.99,westside
BREAD PANINI SOURDOUGH SLC,6.99,westside
MARIA'S HOMEMADE ORANGE CAKE,9.99,westside
NUT FREE  UNICORN CUPCAKES,5.99,westside
EGG ROLLS,7.59,westside
BRIOCHE PRETZEL ROLLS,7.99,westside
CARROT CAKE,5.99,westside
ITALIAN ROAST COFFEE BEANS 1LB,11.99,westside
CHOCOLATE OREO CAKE COOKIES & CREME,5.99,westside
MARIA'S HOMEMADE PARFAIT GRANOLA & HONEY,5.99,westside
ITALIAN CHOCOLATE CAKE,7.99,westside
SWEET OLIVE OIL TORTAS,8.97,westside
4 INCH OLD FASHION PECAN PIE,2.49,westside
SEEDED RYE FREEFORM,6.99,westside
SOURDOUGH ORIGINAL BREAD,6.99,westside
PEANUT BUTTER COOKIES,7.49,westside
DOUBLE CHOCOLATE POUND CAKE,3.99,westside
CHALLAH BREAD,7.59,westside
RUGELACH VANILLA CINNAMON,11.49,westside
MINI BANANA NUT MUFFINS,6.49,westside
Pepp Farm Plain Bagel,5.39,westside
BREAKFAST BLEND COFFEE,13.99,westside
RASPBERRY RUGELACH,8.99,westside
Pepperidge Farm Evrythng Bagels,4.49,westside
MINI BUTTER CROISSANTS,6.99,westside
WESTSIDE MARKET PISTACHIO CHOCOLATE DIPPED BISCOTTI,8.99,westside
HONEY & GRAIN BREAD,6.49,westside
HOME BAKED THIN & CRISPY CHOCOLATE CHIP COOKIES,8.49,westside
WESTSIDE MARKET ALMOND BISCOTTI,8.99,westside
COUNTRY SOURDOUGH BREAD,6.99,westside
DECAFFEINATED FRENCH ROAST COFFEE BEANS,13.99,westside
WHOLE WHEAT MAGIC POP,3.99,westside
BRIOCHE SANDWICH ROLLS,6.99,westside
KALAMATA SOURDOUGH BREAD,6.99,westside
APRICOT HAMANTASCHEN,7.99,westside
MINI PUMPKIN CHEESECAKE,5.99,westside
COLOMBIA SUPREMO COFFEE BEANS,13.99,westside
Pepperidge Farm Classic,3.49,westside
EVERYTHING CHALLAH BAGELS,5.99,westside
SESAME CHALLAH BAGELS,5.99,westside
PRETZEL HAMBURGER BUNS 4 CT,6.99,westside
STRAWBERRY GLAZED DONUTS,4.99,westside
GLUTEN FREE RASPBERRY LINZER,9.99,westside
CINNAMON OLIVE OIL TORTAS,8.97,westside
Hearty Grains & Seeds Bread,5.19,westside
MINI FRUIT TARTS,7.99,westside
MINI OREO CAKE,5.99,westside
EVERYTHING SEASONING,6.99,westside
CARROT WITH RAISINS,5.99,westside
CHOCOLATE COOKIES & CREME CAKE,10.99,westside
ITALIAN ROAST COFFEE,13.99,westside
CAROUSEL CAKES COCONUT LAYER CAKE,5.99,westside
OLD FASHIONED LEMON CRUNCH PIE,6.99,westside
MARIAS HOMEMADE BUTTER LOAF CAKE,9.99,westside
MARIA'S HOMEMADE BUTTER COOKIES,5.99,westside
WESTSIDE MARKET CHOCOLATE CHIP BISCOTTI,8.99,westside
PEACH CAKE,9.99,westside
MADELEINES PUMPKN SPC TUB,6.99,westside
CARROT CAKE,10.99,westside
MARIA'S HOME BAKED WHOLE WHEAT BAGUETTE,3.99,westside
PINEAPPLE LAYER CAKE,5.99,westside
PITA BREAD WHEAT,4.19,westside
PITA,4.19,westside
MARIA'S HOMEMADE PISTACHIO LOAF CAKE,9.99,westside
ICED COFFEE,2.99,westside
CARAMEL CAKE,4.99,westside
Pumpkin Spice Swirl,4.69,westside
CARAMEL RED VELVET CHOCOLATE,19.99,westside
BRIOCHE CINNAMON TWIST,10.99,westside
BANANA PUDDING PARFAIT,3.99,westside
COOKIES 'N CREME PARFAIT,4.99,westside
VARIETY JUMBO DONUTS,10.99,westside
LEMON SLICED BRIOCHE,8.99,westside
FARMHOUSE THIN-SLICED BUTTER BREAD,3.69,westside
WALNUT CHOCOLATE CHUNK,8.99,westside
CLASSIC POUND CAKE,3.99,westside
BALTIC RYE BREAD,6.99,westside
AUTHENTIC FRENCH BRIOCHE,8.99,westside
BRIOCHE HAMBURGER BUN,6.99,westside
MADELEINE COOKIES,7.49,westside
CINNAMON MAGIC POP,3.99,westside
CHOCOLATE BABKA,11.49,westside
RUGELACH VANILLA CHOCOLATE FI,11.49,westside
TANDOORI NAAN,3.99,westside
BREAD MASALA NAAN,3.49,westside
VEGAN WILD BLUEBERRY MUFFINS,6.99,westside
VEGAN CHOCOLATE CHIP MUFFINS,6.99,westside
SIMPLY GOOD CRISP BREAD,6.99,westside
Pepperidge Farm Authentic Bagels - Cinnamon Raisin,5.39,westside
Pepperidge Farm Mini Bagels - Authentic Plain,5.39,westside
Hot Dog Rolls White,4.49,westside
Arnold Keto Bread,7.49,westside
Toasted White Bread,5.99,westside
FAT FREE BLUEBERRY MUFFIN FAT FREE 4 PACK,6.49,westside
DELICIOUS DESSERTS MISSISSIPPI MUD CAKE,5.99,westside
DELICIOUS DESSERTS PUMPKIN CHEESECAKE,5.99,westside
VANILLA POUND CAKE,7.99,westside
RICHS CAKE CUP TRAD TRES LECHES,5.99,westside
CHEESECAKE PUMPKIN 3 INCH,3.99,westside
8 OZ,7.99,westside
8 PK,6.99,westside
6 PCS,4.99,westside
10 OZ,6.99,westside
NET WT 8 OZ,7.99,westside
NET WT 11.9 OZ,4.99,westside
16 OZ,13.99,westside
21 OZ,5.99,westside
16 OZ,5.49,westside
2.2 OZ,7.49,westside
16 OZ,12.99,westside
14.10 OZ,9.99,westside
14 OZ,3.99,westside
13 OZ,5.29,westside
WESTSIDE MARKET BAKERY,8.99,westside
WEIGHLESS COOKIES,7.49,westside
WESTSIDE MARKET BAKERY,33.99,westside
ISABELLA'S,5.99,westside
WESTSIDE MARKET BAKERY,8.49,westside
DELICIOUS DESSERTS,5.99,westside
WESTSIDE MARKET BAKERY,5.99,westside
WESTSIDE MARKET BAKERY,6.99,westside
WESTSIDE MARKET BAKERY,1.29,westside
WESTSIDE MARKET BAKERY,1.99,westside
CAFE VALLEY,6.49,westside
CHAMELEON BROOKLYN,7.99,westside
CAROUSEL CAKES,5.49,westside
WEIGHTLESS COOKIES,7.49,westside
BLACK ROOSTER,7.99,westside
BLACK ROOSTER,6.99,westside
UNCLE WALLY'S,6.99,westside
ISABELLA'S,6.49,westside
WESTSIDE MARKET BAKERY,4.99,westside
SMOKED RAINBOW TROUT,11.99,westside
MARIA'S HOMEMADE CHUNKY WHITEFISH SALAD,17.99,westside
CHUNKY SMOKED WHITEFISH SALAD,17.99,westside
SCOTTISH SALMON FILLET,13.99,westside
ATLANTIC SALMON FILLET(U.S.A),14.99,westside
SUSHI GRADE TUNA STEAK(INDONESIA),11.99,westside
ATLANTIC SALMON FILLET,14.99,westside
CANADIAN SALMON FILLET FARMED,13.99,westside
WILD COD FILLET (USA),15.99,westside
CANADIAN SALMON FILLET,13.99,westside
FARM RAISED NORWEGIAN SALMON FILLET,13.99,westside
BASA FLLET(VIETNAM),5.99,westside
FARM RAISED CHILEAN SALMON FILLET,14.99,westside
CANADIAN SALMON STEAKS,11.99,westside
WILD KING SALMON FILLET,29.99,westside
BEEF GROUND CHUCK,7.99,westside
BONELESS CHICKEN BREAST FAMILY PACK,5.29,westside
BONELESS CHICKEN THIGHS,4.99,westside
WHOLE CHICKEN,2.89,westside
BEEF GROUND SIRLOIN,11.99,westside
WHOLE CHICKEN,4.99,westside
BONELESS CHICKEN BREAST,6.29,westside
BONELESS & SKINLESS CHICKEN THIGHS,8.99,westside
BONELESS & SKINLESS CHICKEN BREAST,11.29,westside
CHICKEN THIGHS,3.59,westside
CHICKEN CUTLETS,12.29,westside
Authenticity Ground Beef,15.29,westside
CHICKEN THIGHS,5.29,westside
BONELESS THIN SLICED PORK CHOPS,5.99,westside
BONELESS PORK CHOPS,4.99,westside
CHICKEN WINGETTES,5.29,westside
HALF PORK SHOULDER,3.99,westside
PORK SPARE RIBS SLICED,5.99,westside
BEEF NATURAL GROUND SIRLOIN,14.99,westside
SWEET ITALIAN SAUSAGE,8.99,westside
BEEF CHUCK FOR STEW,13.99,westside
BEEF ORGANIC GROUND SIRLOIN,15.99,westside
BONELESS CHICKEN BREAST SLICED CUTLETS,7.99,westside
CHICKEN GIZZARDS,2.29,westside
CHICKEN LIVER,3.79,westside
CHICKEN HEARTS,2.49,westside
CHICKEN TENDERLOIN,7.29,westside
CORNISH HENS,5.59,westside
KOSHER TURKEY,5.09,westside
CENTER CUT PORK CHOPS BONE-IN,4.99,westside
CENTER CUT PORK CHOPS THIN SLICED,5.99,westside
PORK TENDERLOIN,6.99,westside
SKINLESS CHICKEN THIGHS,5.59,westside
ORGANIC BONELESS CHICKEN THIGHS,10.99,westside
CHICKEN WINGS,4.79,westside
GROUND PORK,4.99,westside
GREEN CIRCLE BONE-IN CHICKEN THIGHS,7.99,westside
CHICKEN TENDERLOIN,9.99,westside
BONELESS PORK STEW,4.99,westside
BEEF HANGER STEAK,14.99,westside
BEEF SHORT RIBS,13.99,westside
WHOLE CHICKEN,5.29,westside
Bacon Uncured Sunday,9.99,westside
SMITHFIELD THICK SLICED HICKORY BACON,9.99,westside
CHICKEN DRUMSTICKS,4.29,westside
Uncured Turkey Bacon,8.99,westside
SMOKED SALMON STRIMMINGS,9.99,westside
SKINLESS CHICKEN DRUMSTICKS,5.29,westside
BEEF NEW YORK STRIP STEAK,22.99,westside
BEEF GRASS FED BONELESS RIB EYE STEAK,30.98,westside
BEEF GROUND ROUND,12.99,westside
LAMB RIB CHOPS,28.99,westside
Hickory Smoked Hometown Bacon,9.99,westside
BEEF SKIRT STEAK,25.99,westside
BEEF ROUND CUBE,12.99,westside
KOSHER GROUND TURKEY,8.99,westside
GROUND CHICKEN,8.99,westside
CHICKEN LEGS,4.89,westside
LAMB BONELESS STEW,16.99,westside
BONE-IN SPLIT CHICKEN BREAST,3.79,westside
Chicken & Apple Smk,8.99,westside
Chicken Franks,2.99,westside
CHICKEN STIR FRY,7.99,westside
PORK ROAST,4.99,westside
GROUND CHICKEN,10.99,westside
Canadian Bacon,6.29,westside
Turkey Oven Roasted Slices,8.99,westside
SLICE NOVA SALMON,11.97,westside
KOSHER BONELESS & SKINLESS CHICKEN BREAST,12.99,westside
BEEF FLAT IRON STEAK,11.99,westside
Hickory Smoked Bacon,8.99,westside
Bacon - Hickory Smoked Sliced,7.99,westside
SHOULDER LAMB CHOPS BLADE BONE,13.99,westside
CHICKEN THIGHS,5.59,westside
WILD SEA SCALLOPS (JAPAN),24.99,westside
BEEF BONELESS RIBEYE STEAK,28.99,westside
BEEF BOTTOM ROUND STEAK,9.99,westside
Cibao Smoked Cooked Salami,9.59,westside
Lower Sodium Bacon,8.99,westside
SMOKED NOVA SALMON,10.97,westside
MARIA'S HOMEMADE SMOKED SALMON WITH ONIONS & CAPERS,10.99,westside
BEEF ROUND STIR FRY,12.99,westside
BEEF GRASS FED ANGUS ROUND CUBE,13.99,westside
BEEF ROUND SIRLOIN LONDON BROIL,13.99,westside
BREAKFAST SAUSAGE,10.99,westside
Pancetta Italian-Style Bacon,5.99,westside
PORK COUNTRY STYLE SPARE RIBS,5.99,westside
BEEF GRASS FED ANGUS FILET MIGNON,30.99,westside
BEEF EYE ROUND ROAST,9.99,westside
Pancetta Diced,6.99,westside
BEEF ORGANIC ROUND 5CUBE,15.99,westside
Bacon Naturally Smoked,10.99,westside
MANUKO WOOD SMOKED SALMON,11.97,westside
SMOKED NOVA SALMON,18.97,westside
PORK SLICED BABY BACK RIBS,7.99,westside
BEEF SHOULDER STEAK,10.99,westside
Hickory Smoked Bacon,9.29,westside
Ham Black Forest Uncured,8.99,westside
Pepperoni Slices,5.99,westside
Smoked Chicken&Turkey Sausage,8.99,westside
BEEF TOP ROUND LONDON BROIL,12.99,westside
Aidells Roasted Garlic,8.99,westside
Cajun Style Andouille,8.99,westside
GROUND LAMB,13.99,westside
BEEF BRISKET,14.99,westside
Turkey Bacon Everyday Original,5.99,westside
Beef Franks,8.99,westside
Daniele Soppressata,5.99,westside
SMOKED WHITE FISH SALAD,17.99,westside
Turkey Slices,6.69,westside
AG NAT GENOA TRIO,12.99,westside
MARIA'S HOMEMADE SMOKED SALMON WITH DILL,10.99,westside
Turkey Breast Smoked,8.99,westside
BEECH WOOD,11.97,westside
PORK BELLY,7.29,westside
BEEF BONELESS THIN SLICED RIBEYE STEAK,29.99,westside
BEEF OXTAIL,12.99,westside
Turkey Bacon,7.29,westside
Chicken Nuggets Fun Shapes,7.99,westside
Prosciutto Nat Sl,8.99,westside
CHICKEN LEG,3.29,westside
SKINLESS CHICKEN DRUMSTICK,3.89,westside
BEEF SHIN BONE IN,7.99,westside
Charcuterie Trio Genoa Prosciutto Sopressata,10.99,westside
Turkey Breast Herbed,8.99,westside
Chicken Breast Cutlets Breaded,7.99,westside
BEEF CHUCK FILET STEAK,13.99,westside
Prosciutto Sliced,6.29,westside
Smoked Thick Cut Bacon,9.99,westside
PORK STIR FRY,5.99,westside
BEEF SOUP BONE,5.99,westside
Daniele Genoa Salam,5.99,westside
FARM RAISED  BASA FILLET (VIETNAM),5.99,westside
CALF LIVER,18.99,westside
Hard Salami & Smoked Gouda,7.99,westside
Beef Smoked Sausage,8.99,westside
Thick Sliced Bacon,8.99,westside
Natural Casing Beef Frankfurte,8.99,westside
PORK CUTLETS,5.99,westside
Classic Weiners,6.59,westside
Chicken Breast Strips,7.99,westside
ORGANIC NORWAY SALMON,19.99,westside
SCOTTISH STYLE SMOKED ATLANTIC SALMON,11.97,westside
SALMON MAPLE WOOD SMOKED SALMON,11.97,westside
PORK TENDERLOIN WITH ROSEMARY,7.69,westside
LAMB SHANK,12.69,westside
Turkey Oven Roasted Slices,11.39,westside
Hot Dogs - Uncured Beef,8.59,westside
Turkey Polska Kielbasa,7.99,westside
Daniele Ham Drc Jamon Serrano Sliced,5.99,westside
BAKED SALMON SALAD,13.99,westside
Honey Roasted Turkey,6.69,westside
Beef Polska Kielbasa,8.99,westside
Roasted Turkey Ultra Thin,8.99,westside
Natahans Beef Franks,8.99,westside
Aidells Chorizo,8.99,westside
BEEF FLANK STEAK,21.99,westside
VEAL BONELESS STEW,12.99,westside
WHOLE PORK SHOULDER,3.99,westside
TILAPIA FILLET(CHINA),5.99,westside
WILD FLOUNDER FILLET U.S.A.,15.99,westside
Sabrett Skinless Beef Cocktail,7.99,westside
ITALIAN STYLE FULLY COOKED TURKEY MEATBALLS,8.99,westside
Maple & Brown Sugar Bacon,9.99,westside
Regular Fully Cooked Bacon,8.29,westside
Beef Franks,9.99,westside
Ham Honey Uncured,8.99,westside
16-20 RAW SHRIMP TAIL ON(INDIA),12.49,westside
16-20 RAW TAIL OFF SHRIMP(INDIA),12.99,westside
BEEF ORGANIC FILET MIGNON,42.99,westside
16-20 COOKED TAIL-ON SHRIIMP,13.49,westside
WILD CAUGHT SMOKED WHITEFISH,19.99,westside
SHRIMP RING LARGE,14.99,westside
SHRIMP COCKTAIL PLATTER,10.99,westside
Turkey Smoked Sausage,7.99,westside
Oven Roasted Turkey Breast,9.29,westside
Lunchables,4.99,westside
Beef Bologna,7.19,westside
Hebrew National 97% Fat Free Beef Franks,7.99,westside
Daniele Chorizo,5.99,westside
Spanish Combo Pack,8.99,westside
Artichoke & Garlic F,8.99,westside
Chicken Breast,8.99,westside
UNCURED KNACKWURST SAUSAGE,10.99,westside
SMOKED ATLANTIC SALMON,11.97,westside
NOVA LOX 4OZ,13.97,westside
WILD STEELHEAD OCEAN TROUT(SCOTLAND),19.99,westside
GROUND VEAL,12.99,westside
VEAL CUTLETS,20.99,westside
BEEF CUTLETS,12.99,westside
FRATELLI BERETTA GENOA SLICED,6.29,westside
Smoked Turkey Breast,9.29,westside
Sweet Italian Style Chicken Sausage,8.99,westside
Oven Roasted Turkey Shaved,9.59,westside
WILD STEELHEAD OCEAN TROUT,16.99,westside
HERRING FILLETS IN CREAM SAUCE,6.97,westside
BEEF BOTTOM ROUND LONDON BROIL,9.99,westside
21-25 RAW SHRIMP TAIL OFF(INDIA),11.99,westside
HERRING FILLETS,6.97,westside
DOUBLE CURED SMOKED ATLANTIC SALMON,11.97,westside
COHO SALMON,13.97,westside
PLANTATION QUAIL GOLDEN JUMBO,16.99,westside
MARIA'S HOMEMADE SICILIAN OCTOPUS SALAD,14.99,westside
Sabrett Sauerkraut,3.99,westside
Robust Italian Chicken Sausage,8.99,westside
Stahl-Meyer Turkey Frankfurtrs,2.69,westside
Soppressata - Uncured,7.59,westside
Original Extra Thin Turkey,6.69,westside
Chicken,5.99,westside
Honey Glazed Turkey Breast,9.29,westside
Polska Kielbasa,7.99,westside
Ultra Brwn Sugar H,8.99,westside
Boars Head Turkey Pepperoni,5.79,westside
NATURAL CHICKEN THIGHS,4.49,westside
NATURAL CHICKEN DRUMSTICKS,4.29,westside
BEEF 100% GRASS FED GROUND SIRLOIN,14.99,westside
ORGANIC WHOLE CHICKEN,6.99,westside
WILD SHRIMP 16-20 HEAD OFF(ECUADOR),13.99,westside
BUTTERBALL GROUND TURKEY,8.29,westside
BEEF GRASS FED ANGUS FLANK STEAK,23.99,westside
GREEN CIRCLE WHOLE CHICKEN,6.59,westside
8 PC CUT UP CHICKEN,5.59,westside
SWEET & HOT ITALIAN SAUSAGE,8.99,westside
BONELESS CHICKEN BREAST,11.59,westside
NATURAL BONELESS CHICKEN THIGHS,7.99,westside
GRAVLAX,11.97,westside
SMOKED SALMON,14.97,westside
Kosher Beef Salami,12.99,westside
Beef Knockwurst,9.99,westside
Hot Calabrese Italian Dry Salami,8.49,westside
Honey Ham Ultra Thin,8.99,westside
Lunchable Ham American Cheese,4.99,westside
Bologna,4.19,westside
Turkey Honey Smoked,9.59,westside
All Natural Beef Franks,7.99,westside
Sliced Chicken Breast Roast,11.39,westside
Meatballs Sun -Dried Tomato,8.99,westside
Bacon Organic Uncured Turkey,11.99,westside
GROUND TURKEY 93%LEAN 7%FAT,7.99,westside
WEISSWURST SAUSAGES,10.99,westside
COOKED BRATWURST SAUSAGE,10.99,westside
Chopped Ham Family Pack,7.49,westside
Turkey Breast Oven Roasted Thi,8.99,westside
CHICKEN LEG QUARTERS,1.99,westside
HEAD ON SHRIMP(ECUADOR),9.99,westside
GROUND TURKEY 99% FAT FREE,10.39,westside
ORGANIC BONELESS CHICKEN BREAST,14.99,westside
BEEF GRASS FED ANGUS ROUND STIR FRY,13.99,westside
NATURAL BONELESS CHICKEN BREAST,10.99,westside
BEEF BOTTOM ROUND ROAST,9.99,westside
BEEF EYE CHUCK FILET,13.99,westside
RAW SHRIMP-13 TAIL ON,13.99,westside
RAW SHRIMP 21-25 TAIL ON(VIETNAM),11.49,westside
IRISH ORGANIC SMOKED SALMON,15.97,westside
WILD SMOKED SALMON,15.97,westside
Mexican Style Turkey Breast,9.29,westside
Jones Sliced Liver,4.99,westside
Salt Cured Pork,7.99,westside
Cotto Salami Beef,7.99,westside
Smoked Turkey Shaved,9.59,westside
Daniele Morta,5.99,westside
Pineapple & Bacon,8.99,westside
Teriyaki & Pineapple,8.99,westside
Turkey Uncured Pepperoni,7.99,westside
CHICKEN SAUSAGE CARAMELIZED ONION & CHEDDAR,8.99,westside
Bacon Applewood Smoked,12.99,westside
BUTTERFLY CHICKEN TENDERLOIN,10.99,westside
BEEF GRASS FED NEW YORK STRIP STEAK,24.99,westside
GREEN CIRCLE BONELESS CHICKEN THIGHS,9.99,westside
BONELESS CHICKEN BREAST CUTLETS,11.99,westside
21-25 COOKED TAIL-OFF SHRIMP(VIETNAM),12.99,westside
CHICKEN BREAST SPLIT,2.89,westside
BONE-IN SKINLESS CHICKEN THIGHS,3.89,westside
CHICKEN DRUMSTICKS & THIGH COMBO,3.29,westside
ALL NATURAL CAPON CHICKEN,7.99,westside
CHICKEN TENDERLOIN BUTTERFLY,8.99,westside
TARAMOSALATA,7.99,westside
HERRING,6.97,westside
HERRING FILLETS IN DILL MARINA,6.97,westside
HERRING IN CREAM SAUCE,6.97,westside
SMOKED NOVA SALMON,9.97,westside
ITALIAN CHICKEN SAUSAGE,10.99,westside
RAW SHRIMP 8-10 TAIL-ON,15.99,westside
Buddig Ham,6.69,westside
Genoa Salami Sliced,6.29,westside
Hillshire Farm Black Forest Ham,8.99,westside
Turkey Breast Oven Roasted,8.99,westside
Mesquite Turkey Thin Sliced,8.99,westside
Turkey & Cheddar Lunchables,4.99,westside
Sauerkraut,3.29,westside
Sauerkraut,4.29,westside
UNCURED BEEF FRANKS,9.99,westside
Turkey Honey Maple Slices,8.99,westside
Fiorucci Genoa Salami,6.99,westside
CIBAO PAVOLAMI SALAMI TURKEY SLOTKOWSKI,8.59,westside
CHICKEN DRUMSTICKS & THIGHS,5.29,westside
BEEF PRIME NEW YORK STRIP STEAK,23.99,westside
SWEET ITALIAN SAUSAGE PATTIES,8.99,westside
CHICKEN SKINLESS CHICKEN BREAST BONE-IN,3.89,westside
KOSHER CHICKEN LEG QUARTERS,5.99,westside
GREEN CIRCLE BONELESS CHICKEN BREAST,12.99,westside
BONE-IN SKINLESS CHICKEN BREAST,6.99,westside
SMOKED SALMON,10.97,westside
GROUND WHITE TURKEY,11.99,westside
BONE-IN SMOKED SPIRAL HAM,5.99,westside
WILD ALASKAN SOCKEYE SALMON,13.97,westside
PORK BABY BACK RIBS,6.99,westside
SMOKED HAM STEAK,5.99,westside
SMOKED TURKEY WINGS,4.99,westside
CHICKEN BREAST,8.49,westside
SMOKED NOVA SALMON,29.97,westside
Beef Frankfurters,11.39,westside
Dry Italian Salma Sliced,6.29,westside
Cocktail Franks,9.59,westside
Cooked Bratwurst,10.99,westside
Smoked Ham Ultra Thin,8.99,westside
Rotisserie Chicken Shaved,9.59,westside
Turkey Cracked Black Pepper,9.59,westside
Hot Dogs Turkey Franks,9.69,westside
BONELESS CHICKEN THIGHS,6.79,westside
CHICKEN FOR STEW,7.99,westside
B&E CHICKEN THIGHS SKINLESS,4.69,westside
SMOKED HAM HOCK,4.99,westside
MARIS'S HOMEMADE MIXED ITALIAN SEAFOOD SALAD,12.99,westside
MARIA'S HOMEMADE MUSSELS IN GARLIC SAUCE,9.99,westside
CHORIZO,8.99,westside
LAMB BONELESS LEG ROAST,17.99,westside
BEEF BONELESS SIRLOIN STEAK,17.99,westside
BEEF GRASS FED TOP ROUND LONDON BROIL,14.99,westside
SALMON CAVIAR,5.97,westside
SMOKED SALMON,13.97,westside
HERRING IN WINE SAUCE,11.97,westside
CHICKEN STIR FRY,9.59,westside
Fratelli Beretta Italian Pancett,6.99,westside
MARIA'S HOMEMADE GRILLED CAJUN SHRIMP,11.99,westside
16-20 COOKED TAIL OFF SHRIMP(VIETNAM),13.99,westside
SMOKED TURKEY DRUMSTICK,4.29,westside
BEEF CHUCK POT ROAST,13.99,westside
BEEF BONELESS SHIN,8.99,westside
Sabrett Sauerkraut(Bag) 32Z,6.59,westside
Chicken Fat,7.29,westside
Batampte Deli Style Mustard,5.99,westside
Bacon Hickory Smoked,12.99,westside
Wagyu Ground Beef Wagyu,16.29,westside
Maple-Smoked Bacon,7.59,westside
Pepperoni,6.99,westside
IMITATION CRAB MEAT(U.S.A),5.99,westside
HALAL BONELESS CHICKEN THIGHS,7.49,westside
BEEF PRIME RIB EYE STEAK,32.99,westside
WILD ALASKAN SOCKEYE SALMON (U.S.A),21.99,westside
TARAMOSALATA,11.99,westside
HERRING IN CREAM SAUCE,11.97,westside
HERRING IN WINE SAUCE,6.97,westside
PORK ROAST WITH ROSEMARY,5.69,westside
BEEF RUMP ROUND ROAST,9.99,westside
BEEF NEW YORK STRIP STEAK THIN SLICED,23.99,westside
BEEF ORGANIC CUTLETS,15.99,westside
BEEF RIB STEAK BONE IN,26.99,westside
BEEF VEAL PORK (MEAT LOAF),12.99,westside
COOKED GIANT SQUID SLICES,13.99,westside
BUTTERFLY PORK CHOPS,5.99,westside
Hormel Pil-Pk Pep,7.19,westside
Hormel Sliced Turkey Pepperoni,6.99,westside
Hormel Fast Easy Cooked Bacon,8.99,westside
Chicken Breast Skewers Sweet Bbq,10.99,westside
Applegate Salami Genoa Sliced,7.59,westside
Buddig Orig Honey Ham,5.99,westside
Sweet Apple Chicken Sausage,8.99,westside
Salami Nuggets,8.49,westside
Herb Salami Sliced,8.49,westside
SMOKED BACON FULLY COOKED,7.99,westside
Onion Sauce,6.29,westside
MARIA'S HOMEMADE LEMON PEPPER SMOKED SALMON,10.99,westside
GROUND BEEF SLIDERS,15.29,westside
LAMB SHOULDER ROUND BONE,14.99,westside
MARIA'S HOMEMADE CILANTRO LIME GRILLED OCTOPUS,14.99,westside
WILD SQUID(U.S.A),10.99,westside
SKINLESS CHICKEN LEGS,3.89,westside
SMOKED TURKEY DRUMSTICKS SLICED,4.69,westside
BEEF EYE ROUND STEAK WITH BLACK PEPPER,10.69,westside
BEEF PEPPER STEAK,12.99,westside
Buddig Black Forest Ham,6.69,westside
Jumbo Beef Franks 12 Oz,9.29,westside
Bacon Pancetta,6.29,westside
SEASONED AND COOKED PULLED PORK,12.99,westside
Bison Ground Meat,16.89,westside
Aidells Habanero & Green Chil,8.29,westside
CULVER DUCK BREAST,18.99,westside
SMOKED SALMON TRIMMINGS,14.97,westside
GRILLED SHRIMP,14.99,westside
MARIA'S HOMEMADE CILANTRO LIME MUSSELS,7.99,westside
MARIA'S HOMEMADE MUSSELS BUFFALO SAUCE,9.99,westside
WILD SWORDFISH STEAK(U.S.A),13.99,westside
Cortes Chorizo Colombiano,6.99,westside
Honey Roasted Carved Chicken Breast,5.99,westside
Roasted Carved Chicken Breast,5.99,westside
COLD SMOKED ANCHOVY FILLETS,7.49,westside
SMOKED TARAMOSALATA,7.99,westside
PEPPERED SMOKED SALMON,11.97,westside
HERRING HOMESTYLE,6.97,westside
CHICKEN BACK,2.59,westside
BEEF RIB EYE ROUND STEAK,10.29,westside
TUNA WITH SESAME SEEDS & BLACK PEPPER,14.99,westside
BEEF BONE MARROW,6.99,westside
LEG OF LAMB STEAK,16.99,westside
BEEF ORGANIC FLANK STEAK,24.99,westside
DUCK LEGS,13.59,westside
VEAL BREAST,9.99,westside
Tennessee Honey Pulled Chicken,11.99,westside
Smithfield Rstd Garlic Pork Tender,12.99,westside
Smithfield Slow Rstd Pork Tenderloin,11.99,westside
Smoky Bbq Pork Skewers,10.99,westside
Roasted Garlic Chicken Sausage,8.99,westside
Sweet Chili Lime,10.99,westside
Beef Knockwrst,10.99,westside
Turkey Franks,4.69,westside
Turkey Franks Bun Length,9.69,westside
Sabrett Beef Franks Bs 8 1,8.99,westside
Uncured Thick Cut Bacon,12.99,westside
SEASONED & COOKED PULLED BEEF,15.99,westside
PULLED CHICKEN W/BARBEQUE SAUCE,12.99,westside
Deli Style Mustard,5.49,westside
Chicken Thai Styl Coconut,13.99,westside
Hard Salame,5.99,westside
Sausage Links Pork Andouille,8.99,westside
Stk House Old Fash S,6.99,westside
Spicy Mango With Jalapeno,8.99,westside
Oscar Mayer Cotto Salami,4.19,westside
PALEO SOUS-VIDE CHICKEN ENTREE,13.99,westside
HORMEL SQUARE TABLE - ROASTED CHICKEN BREASTS WITH RIB MEAT AND GRAVY - 15 OUNCE,12.99,westside
GRILLED CHICKEN BREAST STRIPS,7.99,westside
GARLIC HERB LOIN FILETS,11.99,westside
FARM BAKKAFROST FILLET,13.99,westside
MARIA'S HOMEMADE GRILLED OCTOPUS AGED BALSAMIC SAUCE,14.99,westside
RED SNAPPER FILLET(INDONESIA),17.99,westside
TILAPIA FILLET,5.99,westside
LITE TARAMOSALATA,7.99,westside
HERRING - SPICED MATJES,6.97,westside
LEG OF LAMB BUTTERFLY,16.99,westside
BEEF GRASS FED ANGUS TOP ROUND,13.99,westside
All Natural Uncured Bacon,10.99,westside
BEEF BACON SLICED,10.49,westside
APPLEWOOD SMOKED CHICKEN SAUSAGE,8.99,westside
CHICKEN BREAST,6.29,westside
ANCHOVY FILLETS W/ GARLIC,9.99,westside
MARIA'S HOMEMADE CILANTRO LIME SHRIMP,12.99,westside
WILD ALASKAN SOCKEYE SALMON,21.99,westside
FRENCH PORK CHOPS,7.29,westside
BEEF BACK RIBS,5.79,westside
Per Carved Chicken Breast Short,5.99,westside
KOSHER GROUND BEEF,15.99,westside
2 LB BAG OF MUSSELS(U.S.A),11.99,westside
MARIA'S HOMEMADE OCTOPUS SALAD,14.99,westside
BLACK TIGER SHRIMP 6/8,29.99,westside
Chorizo Mexicano,6.99,westside
CHICKEN APPLE SMOKED SAUSAGE,8.99,westside
American Style Kobe Beef Sliders,17.99,westside
VEAL NECK BONES,5.29,westside
BEEF SHOULDER LONDON BROIL,9.99,westside
Salt& Twine Salted Fennel Salami,9.99,westside
ROTISSERIE CHICKEN SAUSAGE,8.99,westside
HALAL TURKEY SLICES,8.69,westside
LB,8.99,westside
LB,10.99,westside
8 OZ,4.59,westside
LB,13.49,westside
16 OZ,19.99,westside
LB,3.50,westside
LB,14.99,westside
LB,4.99,westside
14 oz,6.99,westside
16 OZ,10.99,westside
6 OZ,7.99,westside
14 OZ,6.99,westside
10 OZ,10.99,westside
12 OZ,8.99,westside
12 OZ,29.99,westside
LB,13.99,westside
8 oz,3.99,westside
LB,15.99,westside
9 OZ,14.99,westside
Lb,4.29,westside
LB,5.29,westside
LB,7.99,westside
8 OZ,6.29,westside
7 OZ,5.99,westside
Homestyle Fried Chicken,5.99,westside
Wymans Triple Berry Blend Fruit In Stand Up Pouch,21.99,westside
Sausage - Chicken Sage,8.19,westside
Dole Pineapple Chunks,7.49,westside
Veggie Loaf Whole Meal,7.99,westside
Bowls Broccoli & Cheddar,9.99,westside
Chicken Tenders Gf,12.99,westside
Macaroni & Beef Frozen Meal,5.99,westside
GLUTEN FREE POWER WAFFLES FRONTIER OAT,9.99,westside
ICE CRM MOCHI STRWBRY 6CT,5.99,westside
Steamfresh Creamed Spinach,5.99,westside
Dole Sliced Peaches,6.99,westside
Lasagna Vegetable,9.99,westside
Bowl Rice Black Eyed Peas,9.99,westside
Woodstock Cut Spinach Og,4.99,westside
Pizza Deep Dish Singles Pepperoni,6.99,westside
Macaroni & Cheese W Broccoli,5.99,westside
Super Sweet Cron,5.99,westside
Fettucinne Alfredo,5.99,westside
Burger Patties Impossible,8.99,westside
Dole Strawberries Peaches & Bananas,6.99,westside
Egg Buttermilk Pancakes,5.49,westside
Rice Mac & Cheese,7.39,westside
Pizza Margherita,13.39,westside
Frozen Sour Grapes,9.99,westside
Pepperoni Pizza For One,5.99,westside
Tater Tots,9.99,westside
Souffle Spinach,5.99,westside
Strawberries Frozen,6.99,westside
Chicken Strips Organic,13.99,westside
Chicken Nuggets - Natural,12.99,westside
Breakfast Sausage,7.49,westside
Macaroni & Cheese,7.39,westside
Lasagna With Meat Sauce,8.39,westside
Vegetable & Chicken,10.99,westside
Chicken Breasy Nuggets,10.99,westside
Whlywhsm Org White P,7.99,westside
Seapoint Edamame Shl,4.39,westside
Pizza Snacks Cheese,7.39,westside
White Pearl Onions,5.99,westside
Frz Broccoli Florets,4.99,westside
Roast Turkey,5.99,westside
Vegetable& Pork,10.99,westside
Pizza Dough,2.99,westside
Bowl Pesto Tortellini,9.99,westside
Bowls Mexican Casserole,9.99,westside
Bread Sprouted Whole Grain,9.69,westside
Frozen Blueberries In Bag,14.99,westside
Romano Crusted Chicken Romano And Parmesan Breaded White Meat Chicken With Pasta In An Herb Butter Sauce Romano Crusted Chicken,5.99,westside
Organic Garden Peas,7.49,westside
STEAMFRESH EXTRA TENDER CHOPPED SPINACH,4.99,westside
Chicken Pot Pie,1.99,westside
Macaroni & Cheese,5.99,westside
Organic Raspberries,7.99,westside
Seapoint Edamame Pod,4.49,westside
Sour Grapes,9.99,westside
Lc Spgt W Mtblls,5.99,westside
Blueberries Wild Frozen,21.99,westside
Dole Whl Strawberries,7.49,westside
Bowl 3 Cheese & Kale Bake,9.99,westside
Impossible Chicken Nuggets,15.99,westside
Pet 9 Dp Dsh Pie Shell    1,5.99,westside
Birds Eye Baby Sweet Peas 13 Oz,4.99,westside
Puff Pastry Sheets,8.99,westside
Frozen Blueberries Wild,7.99,westside
Steamfresh Broccoli Florets,4.99,westside
Baby Gold & White Corn,4.99,westside
Regular Whipped Topping,3.99,westside
Chopped Spinach,2.99,westside
Eggo Buttermilk Waffles,5.49,westside
Mixed Vegetables,5.99,westside
Broccoli Cauliflower & Carrots,4.99,westside
Tru Fru Dark Chocolate Raspberries,12.99,westside
Raspberries Red Frozen,6.99,westside
Plant Based Ground Bynd Beef,11.99,westside
Vegetables Mixed,4.99,westside
WHITE & DARK CHOCOLATE FROZEN STRAWBERRIES,12.99,westside
Savory Stuffing Mix,2.50,westside
Frozen Mixed Berries,6.99,westside
Cavendish Hash Brow,4.99,westside
Baby Broccoli,4.99,westside
Organic Blueberries,7.99,westside
Tru Fru Dark Chocolate Cherries,12.99,westside
Totinos Pzz R Pr,3.99,westside
Beyond Meat Beyond Burger,11.99,westside
Sage Stuffing Mix,2.50,westside
Dole Blueberries,7.49,westside
Steamfresh Winter Blend,4.99,westside
Frozen Mango Chunks,7.49,westside
Shoestring Potato French Fries,9.99,westside
Eggo Homestyle Waffles,5.49,westside
Mounta In White,10.19,westside
Bowl Cauliflower Mac & Chse,9.99,westside
Casc Farm Strawberries Og,7.99,westside
Favorites Swedish Meatballs Box,5.99,westside
EMPANADA DOUGH WITH ANNATTO 10 DISCS,3.59,westside
7 Grain Bread,10.19,westside
Steamfresh Brocc Carrots Peas,4.99,westside
Harvest Berries,7.99,westside
Powerweffles Buttermilk Vanilla,9.99,westside
Eggo Blueberry Waffles,5.49,westside
Pot Pie Vegetable,7.39,westside
Amy Meal Thai Pad Thai Gf 9.5 Oz,9.99,westside
Cranberries,6.49,westside
Sausage Links,7.99,westside
Best Yet 100% Orange Juice,3.99,westside
Buttermilk Flapjacks,9.99,westside
Sugar Free Whipped Topping,2.99,westside
Stffr Cls Chk Ft,5.99,westside
Shrimp & Angel Hair,5.99,westside
Steamfresh Asian Medley,4.99,westside
Sausage Links - Chicken Maple,8.19,westside
Prime Grillers,7.49,westside
Eggo Chocolate Chip,3.99,westside
Potato Pancakes,8.29,westside
Bowl Chili Mac,9.99,westside
Lite Whipped Topping,3.99,westside
Sour Mango,9.99,westside
Turkey Pot Pie,1.99,westside
Extra Crispy Crinkles,9.99,westside
Chicken Fettucine,5.99,westside
Sausage - Turkey,8.19,westside
Chicken Nuggets,7.49,westside
Thick Fluffy Blueberry,5.49,westside
Kelloggs Eggo Waffles Thk Flffy Cinn,5.49,westside
Pizza Organic Cheese,13.29,westside
Corn White Super Sweet,3.69,westside
Ttno Pz Rl Cmbnt,3.99,westside
Patties Bfast Beyond Classic,7.99,westside
Tabatchnick No Salt,3.99,westside
Raos Chicken Alfredo Sngle Srv,8.39,westside
Chckn Tndrs Clssc Breaded,10.99,westside
Popcorn Chicken Plant Bas,10.99,westside
Organic  Bean & Cheese Burrito,5.99,westside
French Style Green Beans,3.99,westside
DRAGON FRUIT BITE SIZED PIECES,12.49,westside
Mini Tater Tots,9.99,westside
Steak Fries,9.99,westside
Waffle Fries,9.99,westside
Marketplace Chicken Pecan,5.99,westside
Jose Ole Taquito,11.99,westside
Sausage Egg & Cheese English Muffins Sandwiches,10.99,westside
Tabatchnick Diet,3.99,westside
Sausage - Pork Links,8.19,westside
Maple Sausage Patties,7.49,westside
Cinnamon French Toaster Sticks,5.49,westside
Kitchen California Veggie Burger,9.99,westside
Burrito Non Dairy,5.99,westside
Bowl Mexican Casserole,9.99,westside
Amys Burrito Gluten Free,6.49,westside
Wymans Of Maine Dark Sweet With Red Tart Cherries,17.99,westside
Sukhis Chicken Tikka Masala,8.99,westside
Impossible Chicken Tenders,15.99,westside
ICE CRM MOCHI CHOC 6CT,5.99,westside
Puff Pastry Shells,7.99,westside
Four Cheese,5.99,westside
Extra Crispy Fast Food Fries,9.99,westside
Burger Plant-Based Meat,9.99,westside
Bir Sf Ccauliflower,4.99,westside
Chicken Tikka Masala,9.99,westside
Sweet Corn,7.49,westside
Cheeseburgers,8.79,westside
Powerweffles Chocolate Chip,9.99,westside
Dole Sliced Strawberries,6.99,westside
Buffalo Chicken Patties,7.49,westside
Eggo Waffle Minis,5.49,westside
Egg Mckymouse Hs Wafl 12.3Oz,5.49,westside
Buttermilk Pancakes,5.49,westside
Cheese Blintzes,8.29,westside
Mattar Paneer Indian,9.99,westside
Burrito Bean & Cheese,6.49,westside
Pomegranate Kernels,7.29,westside
Apollo Tyropita Three Cheese Phyllo Appetizers,10.99,westside
Birthday Cake,9.99,westside
ORGANIC ACAI BERRY BITE SIZED PIECES,7.99,westside
ICE CRM MOCHI MANGO 6CT,5.99,westside
Stouffers Salisbury Steak Mac Chs,8.99,westside
Crispy Fish Sticks,7.99,westside
Extra Crispy Tater Tots,9.99,westside
Macaroni & Cheese Large Size,8.39,westside
Chicken Parmesan,5.99,westside
Steamfresh Brussels Sprouts,4.99,westside
Chicken Nuggets Organic,13.99,westside
Powe Waffles Blueberry,9.99,westside
Thick And Fluffy Blueberry,9.99,westside
Breakfast Turkey Links,6.99,westside
Spanish Enchilada,9.99,westside
Breakfast Tofu Scramble,9.99,westside
Pizza Spinach,13.39,westside
Power Blend Cranberries,6.49,westside
Dole Dark Sweet Cherries,17.99,westside
Chinese Noodles & Vegigies Cas,8.99,westside
Bianca / White Pizza,7.69,westside
Ore-Ida French Fries Golden Crinkles,11.99,westside
Beyond Steak Seared Tips,10.99,westside
FRUIT POMEGRANATE ORGANIC,7.99,westside
VANILLA PROTEIN PANCAKES,8.99,westside
Stff Mt Lv Lasgn,8.99,westside
Peanut Butter & Grape Jelly Uncrustables Soft Bread Sandwiches,7.99,westside
Beyond Sausage Brat Originial,13.99,westside
Digiorno Personal-Pizza Supreme,5.99,westside
Beer Battered Fillet,11.99,westside
Chicken Tandori,9.99,westside
Dee Entree Chicken Korma,7.99,westside
Fish W Mac & Cheese,5.99,westside
Jd 4Ct Candn Mff,10.99,westside
Raos Chicken Parmesan,7.29,westside
Garden Vegetable Burger,7.49,westside
Buffalo Wings,7.49,westside
Grillers Crumbles,7.49,westside
Mrs. Ts Mini Potato & 4 Cheese Blend Pierogies,4.99,westside
Burrito Southwestern,5.99,westside
Enchilada Cheese Gluten Free,9.99,westside
Amys Vegetable Lasagna Gluten Free - Dairy Free,9.99,westside
Truffle Parmesan Mac & Cheese,6.39,westside
Lean&Fit Chkn Teriyaki,6.39,westside
Chopped Spinach,6.29,westside
Sausage - Chicken,7.99,westside
Cheese Ravioli Bowl,9.99,westside
Broccoli Cuts,4.99,westside
Woodstock Frozen Green Peas Organic,3.99,westside
Frozen Sweet Peas,3.99,westside
Chicken Patties Imposible,10.99,westside
Plant Based Chicken Nuggets,15.99,westside
Blackbird Foods Wngs Plnt Bs Krn Bbq,10.99,westside
Spinach Brocccoli Cheddar Pierogies,6.99,westside
BIG MOZZARELLA STICKS BITE SIZED,12.99,westside
CORN DOGS PLANT BASED MEAT,7.99,westside
ORGANIC GINGER LIME TURMERIC CUBES,9.99,westside
MOCHI MINT CHIP 6PC,5.99,westside
"Frozen Triple Berry Blueberries, Blackberries, Raspberries",14.99,westside
Crunchy Fish Sticks,13.99,westside
Samosa W Chutney,9.99,westside
Homestyle Baked Chicken,5.99,westside
Chicken A La King,5.99,westside
Chicken Enchiladas,5.99,westside
Bibigo Pork Steamed Dumpling,7.99,westside
Turkey Cutlet With Gravy,7.69,westside
Steamfresh California Blend,4.99,westside
Bread - Sesame,9.69,westside
Frozen Mango Chunks,21.99,westside
Bell & Evans Chicken Breast Nu,10.99,westside
Boca Brgr Chef Maxs,7.29,westside
Spicy Breakfast Sausg Patty,7.99,westside
Chicken Nuggets,12.99,westside
White Castle Jalapeno Cheeseburgers,8.79,westside
Sesame Bagel Gluten Free,7.49,westside
Bread White Sandwich,8.99,westside
Caulipower New Chick On The Bloc,15.99,westside
Early June Peas,3.99,westside
Sausage Patties,7.49,westside
Pierogies - Potato Onion,6.99,westside
Pot Pie Broccoli,7.39,westside
Bowl Og3 Thai Red Curry,9.99,westside
Ravioli Spinach Cheese,9.99,westside
ORGANIC GREEN PEAS,3.99,westside
Bread Sprouted Wheat Organic,9.69,westside
Fish Sticks Breaded,11.99,westside
Chicken And Vegetable,7.99,westside
Marie Callender'S Deep Dish Pastry Pie Shells,5.99,westside
Cinnamon Donut Holes,7.99,westside
CHICKEN FRIED RICE,10.99,westside
WINGS THAI CHILI,10.99,westside
ORANGE CHICKEN,7.99,westside
ACAI BERRY SMOOTHIE PACKS,7.99,westside
CINNAMON CHURRO COOKIE DOUGH & GELATO BITES,10.99,westside
Breaded Fish Fillets,10.99,westside
Country Style French Fries,9.99,westside
English Muffins - Sprouted Gra,9.39,westside
Morningstar Farms Sausage Patty Hot And Spicy,7.49,westside
Msf Chckn Strips,7.49,westside
Eggo Strwby Wffl,5.49,westside
Mrs. Ts Pierogies - Mini Potato & Cheddar,3.39,westside
Potato Spinach Pancakes,8.29,westside
Woodstock Organic Whole Strawberries,7.29,westside
Totinos Supreme Pizza Rolls,3.99,westside
Gluten-Free Donut,7.99,westside
LIGHTLY SEASONED CHICK'N POUCH,11.99,westside
SPICY CANDY MANGO,9.99,westside
FRUIT RIOT VINTAGE COLA,8.99,westside
Bowl Tortilla Casserole,9.99,westside
Chicken Patties,7.49,westside
Mixed Vegetables Five Way,3.99,westside
ORGANIC CHOPPED SPINACH,3.99,westside
Cut Corn Sweet Yellow,3.99,westside
Raos Penne Alla Vodka,7.29,westside
Kataifi,10.99,westside
Blackbird Classic Wings,10.99,westside
Smuckers Uncrustables Peanut Honey Sandwich,6.49,westside
LOW-CARB ARTISAN BREAD,15.99,westside
Caulipower Chicken Nugget Cauliflower,15.99,westside
Deep Dish Singles Supreme Pizza,6.99,westside
Chicken In Sweet Bbq Sauce,5.99,westside
BLUEBERRY GRIDDLE CAKE,10.99,westside
ORGANIC SLICED STRAWBERRIES,5.49,westside
THICK CUT BACON STRIPS APPLE WOOD BLACK PEPPER FLAVORED VEGETARIAN,8.69,westside
IMMUNITY BLEND,14.99,westside
Turkey Tetrazzini,5.99,westside
Turkey Breast & Mashed Potato,8.99,westside
Lean Cuisine One Dish Favorites Lasagna With Meat Sauce,5.99,westside
Santa Fe Rice & Beans,5.99,westside
Bread - Cinnamon Raisin,9.69,westside
Bread Cinnamon Raisin Organic,9.69,westside
Sausage Egg Chz Croissant,10.99,westside
Burger Super Greens,8.49,westside
Littles Spnch Gf 18Pc,7.99,westside
Boca Chkn Patty Orig,7.29,westside
Gluten Free Original Moffins,7.99,westside
Udis Cinnamon Raisin Bagel,8.99,westside
Margharita Pizza,7.69,westside
Tbnck Tscn Lntl,3.99,westside
Early June Peas,2.69,westside
Corn Dogs,7.49,westside
French Toaster Stick,4.99,westside
Eggo Cinnamon Toast,5.49,westside
Cheese Enchilada,9.99,westside
BOWL COUNTRY CHEDDAR,9.99,westside
Amy Spinach Ricotta Ravio,8.69,westside
Triple Chocolate Donut,9.99,westside
ORGANIC SLICED BANANAS,5.49,westside
Passion Fruit Seedless,7.99,westside
Lean Cuisine Roasted Turkey Vegetables,5.99,westside
SWEET & SOUR CHICKEN,5.99,westside
Buttermilk & Vanilla Power Waffles,9.99,westside
Gluten Free Plain Bagels,10.19,westside
CHEESY BROCCOLI WITH BACON,5.99,westside
CHOCOLATE RASPBERRY COOKIE DOUGH & GELATO BITES,10.99,westside
SOUTHWEST POTATO HASH,7.29,westside
Lemonade White,3.19,westside
Beyond Sausage Sweet Italian,13.99,westside
Cheese Ravioli,5.99,westside
Baked Chicken,5.99,westside
Penne W Tomato,5.99,westside
Dorot Choped Cilantr,3.99,westside
Chicken Taquitos,11.99,westside
Sprouted Grain English Muffins,9.39,westside
Bread Sprouted Grain Organic,9.69,westside
Wym Fruit Slices Mixed 3 Lb,17.99,westside
Littles Brccli Gf 18Pc,7.99,westside
Golden Fishless Filets,7.69,westside
Odoughs Bagel Gluten Free,7.49,westside
Bagels Vegan,8.99,westside
Thick And Fluffy Chocolate Chip,9.99,westside
Seapoint Edamame Rte,4.49,westside
Tabatchnick Vege,3.29,westside
Tabatchnick Ckn,3.99,westside
Spicy Black Bean Burger,7.29,westside
Blueberry Waffles,9.99,westside
Blueberry Pancakes,5.49,westside
Vegetable Pancakes,8.29,westside
Potato Cheese Pierogies,6.99,westside
Meal Thai Green Curry & Veg Gf,9.99,westside
Woo Frz Og2 Blackberries,7.39,westside
Kat Donut Glazed Holes,7.99,westside
Cinnamon Donuts,9.99,westside
Golden Zucchini Pancakes,8.29,westside
Mini Shells,4.99,westside
Mazors Mini Pizza Doughs Orig,5.99,westside
ORGANIC BLUEBERRIES,5.49,westside
ORGANIC SWEET CORN,3.99,westside
Vegetable Pre-Steamed Dumpling,10.99,westside
ORGANIC BROCCOLI FLORETS,3.99,westside
SOUR MANGO MIX,9.99,westside
Golden Crinkles Fries,10.99,westside
Parmesan Breaded Meatballs,10.99,westside
French Toast Sticks,6.99,westside
Penne Arabiataspcy Saus,8.39,westside
General Tsos Chicken Medium Spicy,10.99,westside
Chicken Biryani,7.99,westside
ORGANIC RIPE BAKED PLANTAINS,7.99,westside
ORGANIC COCONUT SMOOTHIE PACKS,7.99,westside
HASHBROWNS,5.99,westside
MIKAWAYA COOKIES N CREAM MOCHI ICE CREAM,5.99,westside
Birds Eye Steamfresh Snap Peas,4.99,westside
Bir Salt Pepper Brussel,4.99,westside
Mrs Orig Recipe Brded Fish,11.99,westside
Palak Paneer,9.99,westside
Paneer Tikka Masala,9.99,westside
Chicken Vindaloo 9 Oz,9.99,westside
Dee Entree Chkpea Masal Ri,9.99,westside
Golden Fries,9.99,westside
Dorot Crushed Ginger 2.5 Oz,4.49,westside
English Muffins - Sprouted Gra,10.49,westside
Bread - Grain Seeded,11.19,westside
English Muffins - Brown Rice,11.99,westside
Frozen Mango Berry,21.99,westside
Wym Frz Bluberry Straw Cher,21.99,westside
Vegetable Mix,7.49,westside
Original Sliders,8.79,westside
Bagel Vegan Thins,7.29,westside
Udis Whole Grain Bagel,8.99,westside
Kodiak Cakes Pwr Waffles Dbl Dark Choc,9.99,westside
Edamame Sybean Shlld Org,4.99,westside
Minestrone S,3.29,westside
Eggo Frozen Buttermilk Pancakes,9.59,westside
Eggo Bm Waffles,9.59,westside
Baby Corn Small Whole,3.99,westside
Amys Pizza Vegan Margherita With Daiya Cheese,13.39,westside
Cilantro Lime Shrimp Rice Bowl,7.49,westside
Ravioli Butternut Squash Sage,6.39,westside
Pancake Pto Sweet 8Ct,8.29,westside
Frozen Brussel Sprouts Petit,3.69,westside
CHICKEN & BROCCOLI,10.99,westside
GREEK YOGURT SALTED CARAMEL TWIST BAR,7.99,westside
Veggie Bacon,7.49,westside
Beleaves Riced Cauliflower,4.99,westside
Fish Sandwich Breaded Fillets,13.99,westside
Chicken Nugget Wild Plant,15.99,westside
Egg-Lands Best Omelets Ham & Cheese,4.99,westside
Banquet Chicken Strips,2.99,westside
Katz Glazed Chocolate Donut Holes Gluten-Free,7.99,westside
Pizza Deep Dish Singles Four Cheese,6.99,westside
Soup Spinach Creamed,3.99,westside
Dorot Basil Chopped,4.49,westside
Rao'S Brick Ovn Rstd Veg/Pizza,16.99,westside
Rao'S Four Cheeese Ravioli,7.29,westside
Buffalo Chicken Mac & Cheese Bowl,5.99,westside
Kelloggs Eggo Thick N Fluffy Waffles,9.59,westside
Vegan BBQ Jackfruit,7.69,westside
Veggie Burgers,8.59,westside
Jack Fruit Snack Sized Pieces,7.99,westside
Frozen Sour Pineapple,9.99,westside
FARMRICH - FRENCH TOAST STICKS - CINNAMON - 12 OUNCE,6.99,westside
MATAR PANEER WITH RICE,9.99,westside
ORGANIC CITRUS & GINGER KRAUT,11.99,westside
ALOE VERA BITE-SIZED PIECES,6.99,westside
CHOCOLATE TRUFFLE COOKIE DOUGH & GELATO BITES,10.99,westside
ITALIAN STYLE CHICKPEA ULTIMATE BURGER PATTIES,8.99,westside
Plant-Based Hot Italian Sausage,13.99,westside
Pork Scallop&Shrimp Dumpling,10.99,westside
Crispy Crowns,9.99,westside
Homestyle Meatloaf,5.99,westside
Spaghetti With Meat Sauce,5.99,westside
Turkey W Sweet Potatoes,5.99,westside
Pretzel Dogs,10.99,westside
Beef Franks Pastry 12Ct,7.99,westside
Crispy Tenders,7.69,westside
Beefless Ground,7.69,westside
Cut Green Beans,4.99,westside
Baby Broccoli Blend,4.99,westside
Food For Life Muffin English Ezekiel Sprouted 9 Flax Organic,8.99,westside
Wym Strawberries Frz Iq,21.99,westside
Sweet Potato Littles,7.99,westside
Raos Meat Lasagna Pasta Layered With Ricotta Mozzarella Beef Sausage & Marinara Sauce Meat Lasagna,16.99,westside
Boca Chkn Patty Spic,7.29,westside
Apollo Fillo Dgh,5.29,westside
Odoughs Thins Pumpernickel Bagel Gf,7.49,westside
Omega Flax Fiber,8.99,westside
Bubba Burg 6Ct Origi,23.79,westside
Tabatchnick Soup Tuscany Lenti,3.99,westside
All Natural Pepperoni,12.99,westside
Veggie Dogs,7.49,westside
Kelloggs Eggo Waffles Chocolatey Chip,9.59,westside
Eggo Hmstyl Wffl,9.99,westside
Golden Pieries Spinach W Pto &,6.99,westside
Enchilada Black Bean,9.99,westside
Indian Samosa Wrap,5.99,westside
Amys Bowls Chile Relleno Casserole Bowl,9.99,westside
Enchilada Roasted Poblano,9.99,westside
Bowl Og3 Asian Dumplings,9.99,westside
Portabella & Goat Cheese Ravioli,6.99,westside
Powdered Donuts,9.99,westside
Katzchoc Frosted Donuts,9.99,westside
Katzglazed Donuts,9.99,westside
Chocolate Donuts,9.89,westside
Mini Potato Latkes,7.99,westside
Choco Hazelnut Uncrustables,7.99,westside
HOMESTYLE WAFFLES,8.99,westside
SMOKY BBQ PLANT-BASED SHREDS,6.99,westside
ALL NATURAL ORI. PORK SAUSAGE,8.99,westside
Riced Broccoli,4.99,westside
LOW-CARB PLAN BAGEL,15.99,westside
LOW-CARB CINNAMON RAISIN BAGEL,15.99,westside
ORGANIC COCONUT CHUNKS,5.49,westside
Peas & Diced Carrots,3.99,westside
POTATO LATKES 10 PK,5.29,westside
12 OZ,2.49,westside
17.64 OZ,7.99,westside
15.38 OZ,9.99,westside
16 OZ,3.99,westside
10 OZ,6.29,westside
21 OZ,8.29,westside
17.64 OZ,5.99,westside
9.5 OZ,7.99,westside
18.8 OZ,10.99,westside
17.64 OZ,6.99,westside
14 FL OZ,7.99,westside
14 FL OZ,6.99,westside
32 OZ,16.99,westside
Holy Hummus Nazareth Pine Nut,5.59,westside
Hummos Traditional Style,9.99,westside
Grillo'S Pickles Half Sours,8.99,westside
REDUCED FAT SOUR CREAM,2.79,westside
Bolthous Amaz Mango Frt Smoothie,9.99,westside
Grands Homestyle Biscuits,5.99,westside
Cream Cheese Jalapeno,6.99,westside
Two Good Peach Greek Yogurt Cup,2.39,westside
Silk Soy Creamer Vanilla Quart,7.29,westside
Goat Milk,9.99,westside
Icelandic Provisions Skyr Yogurts Raspberry,2.99,westside
Pure Premium Pure Premium No Pulp Original 100% Pure Premium Original No Pulp 100% Orange Juice,12.69,westside
Trop Cranbry Cktl,5.49,westside
Juice Grn Goodness,9.99,westside
FRENCH VANILLA CREAMER,4.69,westside
Nounos Orange Blossom Honey,3.19,westside
American Singles Yellow,7.99,westside
Simply Fruit Punch 15% Juice Blend Fruit Punch,4.89,westside
Sabra Guacamole Classic,5.39,westside
La Fermierie Lavender Yogurt,4.29,westside
CONFETTI BIRTHDAY CAKE GREEK YOGURT,2.00,westside
Crescent Butter Rolls,6.29,westside
Medium Eggs Grade A Organic,5.99,westside
Rana 4 Cheese Ravioli,6.99,westside
Smoothie Green Machine,5.99,westside
Almondmilk Vanilla,4.69,westside
Pumpkin Egg,5.89,westside
Yogurt Lowfat Strawberry,6.59,westside
Egg Whites,5.89,westside
Egg Whites,13.99,westside
100% Cows Milk,5.39,westside
Fage Yogurt 0% Greek Plain,2.59,westside
Farmland Heavy Cream,5.99,westside
2% Reduced Fat Milk,1.99,westside
2% Reduced Fat Milk,2.99,westside
100% Real Cows Milk,2.99,westside
100% Real Cows Milk,1.99,westside
Yogurt Whole Coffee,1.19,westside
Natures Yoke Cage Free Large Brown Eggs,6.99,westside
Egg-Lands Best Extra Large Eggs,5.59,westside
Pure Irish Butter Unsalted,6.99,westside
NON-FAT GREEK YOGURT VANILLA,1.67,westside
Ultra-Pasteurized Half-And-Half,4.99,westside
Chobani Non-Fat Greek Yogurt Plain,9.59,westside
Organic Valley Milk 2% Reduced Fat,7.99,westside
1% Low Fat,2.99,westside
Cream Cheese Original,4.29,westside
Farmland Fat Free Milk,2.99,westside
Whipped Topping Original,3.99,westside
Fage O% Nonfat Greek Yogurt,11.99,westside
Ultra Milk Whole Org,7.99,westside
1% Lowfat Milk,1.99,westside
Egg-Lands Best Large Eggs,4.99,westside
Kerrygold Pure Irish Butter,6.99,westside
Natures Yoke Grade A Large Eggs,3.99,westside
100% ORANGE JUICE NO PULP,6.79,westside
EGGLANDS BEST EGGS A JMB OMG-3 VEG FED,5.99,westside
Cream Hvy Whppng Uht Org,9.29,westside
Fage 2% Milkfat Greek Yogurt,11.99,westside
Chobani Non-Fat Greek Yogurt Strawberry,1.67,westside
Fage Total 5% Yogurt Plain,11.99,westside
Cream Cheese Soft,6.99,westside
Ultra-Pasteurized Heavy Cream,8.99,westside
Large Organic Eggs 12 Ct,8.59,westside
Sour Cream Natural,4.19,westside
Oatly! Full Fat Oat Milk,7.79,westside
Butter Unsalted Quarters,6.99,westside
Farmland Fat Free Milk,5.39,westside
Chobani Low-Fat Greek Yogurt Strawberry Banana,1.67,westside
GRADE A LARGE EGGS 18 EGGS,7.99,westside
2% Reduced Fat Milk,5.39,westside
Natures Yoke Eggs,6.99,westside
Large Organic Brown Eggs Free Range,8.59,westside
NO PULP CALCIUM PLUS VITAMIN D ORANGE JUICE,6.79,westside
Milk Lactose Free Reduced Fat,3.99,westside
Horizon Organic Milk Vitamin D Whole,8.49,westside
Ready Crust,7.29,westside
Butter Quarters Salted,5.99,westside
Heavy Whipping Cream,8.39,westside
Yogurt Lowfat Blueberry,1.19,westside
Oikos Pro Mixed Berry,2.29,westside
Yogurt Whole Plain,1.59,westside
Best Yet Butter Ualtd,5.99,westside
Chobani Whole Milk Greek Yogurt Original Plain,9.59,westside
Siggis Icelandic Style Strained Non-Fat Yogurt Vanilla,2.59,westside
Tst Cnt 0Sgr Yogurt,2.00,westside
Egg Nog,5.89,westside
Vital Org 6 Eggs Large Grade A,7.29,westside
Eggs Brown Jumbo,9.29,westside
SALTED BUTTER 4 STICKS,6.99,westside
Butter Salted All Natural,4.89,westside
Oat Milk Batista Blnd,5.99,westside
Butter Salted,6.99,westside
Sabra Go Med Hummus Classic,6.39,westside
Yogurt Whole Cherry Vanilla,1.59,westside
Lactaid 2% Reduced Fat Milk,7.49,westside
Milk Lactose Free Whole,7.49,westside
Passion Fruit,4.49,westside
Cedars Tzatziki Cucumber Garlic,4.99,westside
Yogurt Nonfat Plain,6.59,westside
Egglands Best Grade A Extra Large Eggs,8.99,westside
Whipped Topping Fat Free,5.19,westside
LOW-FAT GREEK YOGURT PINEAPPLE,1.67,westside
Yogurt Nf Strnd Plain,2.59,westside
Siggis Yogurt Strained Non-Fat Raspberry,2.59,westside
Tofu Extra Firm,4.39,westside
1% Lowfat Cow'S Milk,5.39,westside
Farmland Chocolate Whole Milk,2.29,westside
Vit Eggs Vf Pstr Rsd 6Ct 0.5 Dz,5.99,westside
ORANGE JUICE LOTS OF PULP,6.79,westside
Organic Extra Large Brown Eggs,7.49,westside
Oikos Pro Vanilla,2.29,westside
Fairlife Lactose-Free Skim Milk,8.19,westside
Oikos Pro Strawberry,2.29,westside
Organic Valley Half & Half,4.79,westside
Lemonade All Natural,4.89,westside
Siggis Skyr Icelandic 4% Plain Yogurt,7.99,westside
Organic Valley Milk 1% Lowfat,7.99,westside
Milk Cookies 0 Sg Yogurt,2.00,westside
100 % Grassfed Organic Whole Milk,9.99,westside
Icelandic Extra Creamy Vanilla Bean Skyr Yogurt,2.99,westside
ALL NATURAL SOUR CREAM,2.79,westside
Kefir Lowfat Plain,5.99,westside
Yogurt Lowfat Peach,1.19,westside
Yogurt Whole Chocolate,1.59,westside
Organic Valley Organic 2% Reduced Fat Milk Ultra Pasteurized Quart,5.39,westside
Milk Og2 Uht Nonfat,5.39,westside
Organic Valley Milk 0% Fat Free,7.99,westside
Milk Whole Grssfd,8.99,westside
Best Yet Butter Quarters,5.99,westside
Fairlife Lactose-Free 2% Milk,8.19,westside
Yogurt Probiotic Nonfat Plain,4.29,westside
Siggi S Vanilla Yogurt,7.99,westside
Siggis Guava Seasonal Yogurt,2.59,westside
Chobani Non Fat Greek Yogurt Blackberry,1.67,westside
Tofu Extra Firm,3.49,westside
SHREDDED MEXICAN CHEESE,5.99,westside
SHREDDED MOZZARELLA WHOLE MILK,5.99,westside
Almondmilk Unsweetened Vanilla,4.69,westside
Dan Oikos Pro Peach,2.29,westside
Horizon Organic Milk 2% Reduced Fat,8.49,westside
UNSWEETENED VANILLA ALMOND MILK,6.59,westside
Hommus Original,3.99,westside
UNSWEETENED ORIGINAL ALMOND MILK,6.59,westside
Horizon Chocolate,2.59,westside
Fage Total 2% Yogurt With Honey,2.59,westside
Kerrygold Naturally Softer Pure Irish Butter,7.99,westside
Chobanizero Sugar Peach,2.00,westside
Hummos Traditional Style,4.99,westside
Chobani Zero Sugar Black Cherry,2.00,westside
Half & Half,7.29,westside
Yogurt Lowfat Strawberry,1.19,westside
Yogurt Whole Vanilla,1.59,westside
Yogurt Whole Maple,1.59,westside
Lowfat Milk Hcocolate,3.19,westside
Horizon Organic Milk Vitamin D Whole,8.99,westside
Milk Lactose Free Reduced Fat,7.49,westside
Oatmilk Original,4.89,westside
Extra Creamy Oatmilk,4.89,westside
Cottage Cheese 2%,4.99,westside
COTTAGE CHEESE 1% SMALL CURD,5.59,westside
Icelandic Provisions Skyr Yogurts Vanilla,2.99,westside
Icelandic Provisions Skyr Yogurts Peach & Cloudberry,2.99,westside
Kefir Cheese Labne,4.49,westside
Yogurt Lowfat Peach,0.99,westside
Siggis Skyr Peach Icelandic Style Yogurt,2.59,westside
Siggis Yogurt Strained Non-Fat Coconut,2.59,westside
Fairlife Lactose-Free Whole Milk,8.19,westside
Nounos Creamery Yogurt Greek Vanilla Bean Lowfat 2%,3.19,westside
Vital Farms Pasture Verde Organic Pasture Raised Grade A Large Eggs,14.99,westside
Yog 2% Van Cinn Skyr,2.59,westside
Large Eggs Omega 3 Organic,7.59,westside
Fage Total 2% Yogurt Black Cherry,2.59,westside
Organic Valley Organic 1% Low Fat Milk Ultra Pasteurized Quart,5.39,westside
Large Curd Cottage Cheese,4.99,westside
Yogurt Lowfat Plain,6.59,westside
MINI NAAN GARLIC 4 PACK,2.99,westside
Heavy Cream Ultra Pasteurized,10.99,westside
Chobani Cookies&Cream,2.00,westside
Classic Hummus,5.59,westside
Yogurt Whole Coffee,1.59,westside
Soymilk Plain,6.69,westside
Horizon Organic Half & Half,5.19,westside
Unsweetened Original,4.89,westside
Cottage Cheese Spread 1% Whipp,6.29,westside
Eggs Large Cage Free,6.99,westside
Starbucks Dark Roast Iced Coffee,8.99,westside
Yogurt Probiotic Mixed Berry,0.99,westside
Yogurt Probiotic Plain,4.29,westside
Yogurt Lowfat Cherry,0.99,westside
Fond O Foods Butter German,6.99,westside
Yogurt Nf Strnd Acai Mxd Berry,2.59,westside
Chobani Flip Low Fat Greek Yogurt Almond Coco Loco,2.00,westside
Missionzero Net Carbs Sun Dreid Tomatoe,5.99,westside
SHREDDED CHEDDAR,5.99,westside
Zero Yogurt Blueberry,2.00,westside
Almondmilk Unsweetened Origina,4.69,westside
Cream Cheese Lite Tub,6.99,westside
Vital Farms Large Eggs 18 Pack,14.99,westside
Organic Valley Half & Half,8.59,westside
Holy Hummus W Tahini 10 Oz,5.59,westside
Spread Butter Sweet Cream,6.99,westside
Yogurt Lowfat Plain,1.19,westside
Oikos Pro Yogurt Banana,2.29,westside
REAL BUTTERMILK,5.19,westside
Yogurt Whole Peach,1.59,westside
Grassmilk Half& Half,5.29,westside
Plugra Extra Creamy Butter,6.99,westside
Small Curd Cottage Cheese,4.99,westside
Egg Nog Lactose Free,5.89,westside
Yogurt Lowfat Blueberry,0.99,westside
Yogurt Lowfat Strawberry,0.99,westside
Whipped Topping Extra Creamy,5.19,westside
Siggis Icelandic Style Strained Black Cherry Low-Fat Yogurt,2.59,westside
Chobani Oat Plain Extra Creamy,5.99,westside
Zero Yogurt Vanilla,2.00,westside
Chobani Zero Sugar Vanilla,9.59,westside
CHOCOLATE MILK,4.99,westside
Grk Ygrt Mix Bry 2% Strnd,3.19,westside
Grk Ygrt Cocnt 2% Straind,3.19,westside
SHREDDED MOZZARELLA,6.99,westside
20G PROTEIN VANILLA LOW FAT GREEK YOGURT,10.99,westside
Farmland Skim Plus Fat-Free Skim Milk,7.49,westside
Half & Half Ultra Pasteurized,3.69,westside
Yogurt Whole Milk Plain,5.19,westside
Cream Cheese Chive Onion,6.99,westside
Zero Yogurt Mixed Berry,2.00,westside
Land O Lakes Butter Unsalted Half Sticks,5.99,westside
Honey Vanilla Yogurt,9.59,westside
100% GRAPEFRUIT JUICE,6.79,westside
Oikos Blended Greek Yogurt Vanilla,2.29,westside
Two Good Vanilla Greek Yogurt Cup,2.39,westside
Fat Free Cottage Cheese,4.99,westside
Lactaid 100% Lactose Free Chocolate Whole Milk Chocolate,7.49,westside
Cottage Cheese 4%,4.99,westside
Pudding Rice,7.89,westside
Cottage Cheese 4% Small Curd,6.29,westside
Galbani Mascarpone,8.89,westside
Yogurt Lowfat Strawberry Banan,0.99,westside
Ricotta Original,6.99,westside
Golden Egg Nog,5.89,westside
Grk Ygrt Plain 2% Straind,3.19,westside
Key Lm 0 Sgr Yogurt,2.00,westside
Organic Probiotic Skyr Plain Non-fat,3.39,westside
Passion Fruit & Mango Extra Creamy Skyr,2.99,westside
Butter Unsalted Sweetened,6.99,westside
Yogurt Light & Fit Plain,5.19,westside
Yogurt Light & Fit Blueberry,1.19,westside
Yogurt Whole Plain,6.19,westside
Cream Top Strawberry Yogurt,1.59,westside
2% Small Curd Cottage Cheese,4.99,westside
Best Yet Ricotta Whole Milk,4.99,westside
Yogurt Whole Milk French Vanil,6.59,westside
Rice Pudding,6.99,westside
Fage Total 2% Yogurt Strawberry,2.59,westside
Coconut Probiotic,1.00,westside
Yogurt Probiotic Raspberry,0.99,westside
Cocojune Organic Pure Coconut Cultured Coconut Yogurt,2.99,westside
Almond Milk Unsweetened,7.29,westside
Trimona Foods Plain Bulgarian Yogurt,8.99,westside
FINELY SHREDDED MILD CHEDDAR CHEESE,5.99,westside
KEY LIME PRO YOGURT,2.29,westside
Holy Hummus W Olive Oil,5.59,westside
Chobani Oat Drink Plain,5.99,westside
Buttery Spread Original Blend,6.29,westside
Butter Unsalted,5.99,westside
PULP FREE ORANGE JUICE,6.59,westside
HUMMUS OILVE OIL & SEA SALT,6.99,westside
Yogurt Whole Raspberry,1.59,westside
Whipped Cream Cheese,8.99,westside
4% Fat Cottage Cheese,5.79,westside
Daisy Light Sour Cream,2.79,westside
Ricotta Original,11.99,westside
Mozzarella Original,7.99,westside
Icelandic Provisions Skyr Key Lime,2.99,westside
Fage Lactose Free Plain Yogurt,11.99,westside
Fage Total 2% Yogurt Peach,2.59,westside
Yogurt Probiotic Peach,0.99,westside
Siggis Yogurt Strained Non-Fat Strawberry,2.59,westside
Tofu Firm,3.49,westside
Horizon Organic Milk 1% Lowfat,8.49,westside
Yogurt Probiotic Whole Vanilla,4.29,westside
Ronnybrook Farm Dairy Creamline Chocolate Milk,2.99,westside
Fage Sour Cream,2.79,westside
CHSFETA CRUMBLEDREGULAR,8.97,westside
Lol Butter W Olive Oil And Salt,4.29,westside
Yogurt Lowfat Plain,5.19,westside
Oikos Triple Zero Cherry,2.00,westside
Sabra Go Med Hummus Classic,7.29,westside
Stringles Organic String Cheese,9.99,westside
All Natural Sour Cream,4.59,westside
Neufchatel Cheese,5.99,westside
Buttery Spread Original,6.19,westside
Street Tacos Flour Tortillas,3.49,westside
Sour Cream,3.99,westside
Icelandic Provisions Skyr Yogurts Blueberry & Bilberry,2.99,westside
Icelandic Provisions Skyr Yogurts Strawberry & Lingonberry,2.99,westside
Yogurt Lowfat Pina Colada,0.99,westside
La Yogurtwhole Milk Mango,0.99,westside
Yogurt Probiotic Nonfat Vanill,4.29,westside
ORIGINAL ALMOND MILK,6.59,westside
OVERNIGHT OATS PEANUT BUTTER BANANA,2.99,westside
Butter Spread W Canola Oil,3.59,westside
Half & Half,7.49,westside
Dannon Oikos Triple Zero Peach Yogurt,2.29,westside
Triple Zero Caramel Yogurt,2.29,westside
Yogurt Light & Fit Vanilla,1.19,westside
Yogurt Whole Blueberry,1.59,westside
Horizon Organic Milk 2% Reduced Fat,8.99,westside
Hummus Garlic Lovers,3.99,westside
Cookie Dough Chocolate Chip,7.59,westside
String Cheese Mozzarella,8.99,westside
Noosa Gluten Free Mango Yoghurt,3.59,westside
Icelandic Provisions Skyr Yogurts Plain,2.99,westside
Utra Thin Swiss,6.79,westside
Buttermilk Whole,6.79,westside
Chobani Flip Low-Fat Greek Yogurt Smore Smores,2.00,westside
Yogurt Nonfat Strawberry,0.99,westside
Better Than Crm Chz Non Hydrog,4.49,westside
Cream Cheese Spread Original,13.39,westside
FAMILY SIZE SPINACH & RICOTTA RAVIOLI,11.99,westside
Peanut Butter Chocolate Whole Rolled Oats + Oat Milk,2.99,westside
Baba Ghannouj Eggplant Dip,4.99,westside
Babybel Semisoft Cheese Mini Original,5.49,westside
Icelandic Skyr Berry Medley Yogurt,2.99,westside
Chocolate Mousse Probiotic Coconut Yogurt,10.99,westside
Cinnamon French Toast Yogurt,2.00,westside
NO PULP VITAMIN C + ZINC ORANGE JUICE,6.79,westside
100% Premium Florida Orange Juice No Pulp,6.99,westside
Sabra Go Med Hummus Rstd Garlic,6.39,westside
Ran Skillet Gnocchi 12Oz,3.99,westside
Simply Lemonade Juice Blend Raspberry,4.89,westside
Lactaid 2% Red F,10.69,westside
Sour Cream Sqzbl,4.89,westside
String Cheese Mozz Reduced Fat,8.99,westside
Polly-O Creamy String Mozzar.,8.99,westside
No Salt Added Farmers Cheese,4.69,westside
Fairlife Lactose-Free 2% Chocolate,8.19,westside
Rana Mushroom Ravioli,6.99,westside
Unsweetened Coffee,8.99,westside
Blueberry,2.49,westside
Chobani Non Fat Greek Yogurt Strawberry,9.59,westside
Siggis Strained Non-Fat Yogurt Blueberry,2.59,westside
Boars Head Traditional Hummus Spread,3.50,westside
Mal Unsweetened,8.99,westside
Vital Farms Sea Salted Pasture-Raised Alfresco Butter,6.99,westside
Vital Farms Unsalted Pasture-Raised Alfresco Butter,6.99,westside
SHREDDED CHEESE TACOS,5.99,westside
Two Good Mixed Berry Greek Yogurt Cup,2.39,westside
Pomegranate Juice,5.99,westside
1 % Whipped Cottage Cheese,7.99,westside
Soymilk Vanilla,6.69,westside
Yogurt Light & Fit Strawberry,1.19,westside
Grillos Pickles Spears Classic Dill,8.99,westside
Chobani Mint Chocolate Chip,2.00,westside
La Fermiere Rose French Yogurt,4.29,westside
La Fermiere Orange Blossom Yogurt,4.29,westside
Oat-ly Super Basic Oatmilk,7.99,westside
AUTHENTIC FLATBREADS ALL NATURAL,3.89,westside
Cinnamon Rolls,9.29,westside
Butter Salted Quarters,6.99,westside
Cabot Wht Hunter Che,5.49,westside
Yogurt Whole Maple,6.19,westside
Organic Valley Grassmilk 2% Reduced Fat Milk Ultra Pasteurized Half Gallon,9.99,westside
Half & Half,9.29,westside
Icelandic Provisions Skyr Yogurts Coconut,2.99,westside
Bar Og2 Peanut Butter Gf,4.49,westside
Chicken & Roasted Garlic Ravioli,6.99,westside
Guerrero Yellow Corn Tostada Shells,4.39,westside
Yogurt Lowfat French Vanilla,6.59,westside
Yogurt Lowfat Pom Blueberry,0.99,westside
Cocojune Org Pure Culture Coconut,9.59,westside
Sargento Off The Block Reduced Fat Shredded Cheese 4 Cheese Mexican,5.99,westside
Country Hen Jumbo Eggs Omg-3 Og,8.19,westside
Cocojune Yogurt Og2 Vanilla Chamomile,2.99,westside
Chobani Flip Low Fat Greek Yogurt Key Lime Crumble,2.00,westside
Babybel Semi Soft Cheese Mini Original,10.79,westside
La Fermiere Pressed Lemon Yogurt,4.29,westside
Original Probiotic Coconut Yogurt,10.99,westside
Probiotic Drink Strawberry,1.49,westside
2% Cottage Cheese Lowfat,4.99,westside
Limeade Non Gmo,4.89,westside
Lactaid Lactose Free Whole,10.69,westside
Pudding Caramel Flan,5.49,westside
Cottage Cheese 4% Small Curd,7.99,westside
Immunity Boost With Cayenne,5.99,westside
Imported Butter Salted,5.99,westside
Fage Total 2% Yogurt Mixed Berry,2.59,westside
La Yogurt Strawberry,0.99,westside
Chocolate Greek Yogurt Snack,1.99,westside
Yogurt Probiotic Vanilla,0.99,westside
Cottage Cheese 1% Small Curd,6.29,westside
Medium Roast Brazilian,7.99,westside
String Cheese,10.99,westside
Chobani Flip Peach Cobbler Low Fat Greek Yogurt,2.00,westside
100% Premium Florida Orange Juice Some Pulp,6.99,westside
Kefir Whole Milk Plain,7.29,westside
Lemonade,3.99,westside
Yogurt Lowfat Vanilla,1.19,westside
Yogurt Light & Fit Vanilla,5.19,westside
Oikos Triple Zero Banana Creme,2.29,westside
Yogurt Light & Fit Peach,1.19,westside
Dannon Two Good Coconut Yogurt,2.39,westside
Buttery Spread Light,6.29,westside
Nasoya Firm Tofu Block Og,4.79,westside
White Horseradish,3.69,westside
Sugar Free Vanilla,5.19,westside
Cookie Dough Mini Chocolate Ch,7.59,westside
Key Lime Yogurt,3.59,westside
Immunity Boost Vitamin C,5.99,westside
Ran Basil Pesto Sauce 7 Oz,6.99,westside
La Fermiere Mango Passion Frut,4.29,westside
Local Butter Milk,4.49,westside
Grk Ygrt Stwbry 2% Strand,3.19,westside
Eggnog,9.19,westside
Milk Reduced Fat 2%,8.99,westside
Coffee Creamer Swt Cream,7.99,westside
Farmers Cheese,4.69,westside
ORGANIC WHOLE MILK PLAIN SKYR YOGURT 16OZ,9.99,westside
Crescent Dinner Rolls,6.29,westside
Sabra Guacamole,7.99,westside
Soy Creamer Original,7.29,westside
Starbucks Blonde Roast Iced Coffee,8.99,westside
Milk Whole,8.99,westside
Flip Caramel Peanut Perfection,2.00,westside
Chobani Yogurt Flip Chocolate Haze Craze,2.00,westside
Farmland Organic Whole Milk,7.89,westside
Cocojune Lemon Yogurt,2.99,westside
Butter Salted Whipped Natural,4.69,westside
Chobani Flip Strawberry Chscake,2.00,westside
Hummos W. Roasted Red Peppers,4.99,westside
Hummos With Roasted Garlic,4.99,westside
La Fermiere Yogurt Vanilla,4.29,westside
The Laughing Creamy Chs Wedge,5.59,westside
The Laughing Cow Creamy Light Cheese Wedges,5.59,westside
La Fermiere Raspberry Bluberry,4.29,westside
NO PULP LOW ACID ORANGE JUICE,6.79,westside
OATMILK ZERO SUGAR,5.99,westside
20G PROTEIN ZERO ADDED SUGAR MANGO YOGURT,2.49,westside
ALL NATURAL LEMONADE,7.99,westside
Buttery Spread W Vegetable Oil,2.79,westside
Cookies Choc Chip Ready To Bak,7.59,westside
Yogurt Light & Fit Strawberry,5.19,westside
Probiotic Drink Strawbry Banan,1.49,westside
Sabra Hummus Pine Nuts,7.29,westside
Cabot Ny Xshp Wchd B,5.49,westside
Yogurt Greek Plain,7.99,westside
Yogurt Lactose Free Plain,3.19,westside
Cream Cheese Whipped,6.99,westside
Butter Olive Oil & Sea Salt,7.29,westside
VANILLA ALMOND MILK,6.59,westside
Sugar Free Choc Van Swirl,5.19,westside
Ricotta Part Skim,6.99,westside
String Cheese Twists Part Skim,8.99,westside
Vive Organic Immunity Boost,5.99,westside
Holy Hummus Spicy Red Chili,5.59,westside
Yogurt Probiotic Strawberry,0.99,westside
Yogurt Probiotic Banana Cream,0.99,westside
Reddiwip Orig Topping,9.99,westside
Yogurt Drink Mango,3.19,westside
Horizon Organic Milk Fat-Free Organic,8.49,westside
Pure Boost Ginger,5.99,westside
Farmer Lowfat Probiotic Cheese,6.69,westside
Straw Chsck 0Sgr,2.00,westside
RASPBERRY ORGANIC GREEK-STYLE CULTURED COCONUT,3.89,westside
Tempt Tee Cream Cheese Whipped,7.49,westside
Peach Apricot Yogurt,4.29,westside
Hood Light Egg Nog,5.99,westside
LEMON ELDERFLOWER YOGURT,3.19,westside
OVERNIGHT OATS BANANA BREAD,2.49,westside
1% Lowfat Milk,2.59,westside
Horizon Organic Salted Butter,14.29,westside
Pickles Mini Kosher Dills,7.59,westside
Ithaca Cold-Crafted Classic Hummus,6.59,westside
Fage Total 2% Yogurt Blueberry,2.59,westside
Forager Project Dairy-Free Cashewgurt Strawberry,2.49,westside
FAMILY SIZE SPINACH & CHEESE TORTELLINI,11.99,westside
Chobani Flip Salted Caramel Crunch Greek Yogurt,2.00,westside
Califia Farms Cold Brew Coffee Premium Arabica Pure Black Whole30 Keto Unsweetened,7.79,westside
FINELY SHREDDED SHARP CHEDDAR CHEESE,5.99,westside
Probiotic Drink Mango,1.49,westside
Shredded Taco Blend Cheese,5.99,westside
Pudding Chocolate,6.99,westside
Fruit Punch,3.99,westside
Zero Sugar Mixed Berry Yogurt Bar,1.99,westside
TROPICAL PUNCH ZERO SUGAR DRINK,3.69,westside
100% Premium Florida Orange Juice Calcium & Vitamin D No Pulp,6.99,westside
Cabot Xshp Yel Chd B,5.49,westside
Smoothie Mighty Mango,5.99,westside
Xtra Creamy Salted Butter,6.99,westside
2% Cottage Cheese,4.99,westside
Soy Yogurt Strawberry,3.19,westside
Soy Yogurt Vanilla,3.19,westside
Best Yet Ricotta Part Skim,4.99,westside
Sugar Free Dark Chocolate,5.19,westside
Noosa Finest Yoghurt Lemon,3.59,westside
Noosa Gluten Free Blueberry Yoghurt,3.59,westside
Yogurt Probiotic Blueberry,0.99,westside
Tofu In Water,4.39,westside
Tart Cherry,3.59,westside
PRO 25G PLAIN YOGURT,11.69,westside
Maple Cinnamon Whole Rolled Oats + Almond Milk,2.49,westside
Mush Pb & J Rolled Oats,2.99,westside
WHOLE MILK 100% GRASS FED,6.99,westside
PROTEIN MANGO GREEK PROBIOTIC YOGURT DRINK,7.29,westside
Cookie Dough Chocolate,7.59,westside
Cream Cheese Temp Tee Whipped,9.99,westside
Oikos Triple Zero Ss Lemon Tart,2.29,westside
Sabra Go Med Hummus Rstd Red Pepper,6.39,westside
Sabra Go Mediterranean Hummus Classic,11.99,westside
FAMILY SIZE CHICKEN MOZZARELLA TORTELLONI,11.99,westside
Smoothie Blue Machine,5.99,westside
Yogurt Whole Vanilla,6.19,westside
Simply Cranberry Cocktail,7.29,westside
Guacamole,6.49,westside
Strawberry Gel,5.19,westside
Vanilla Oatmilk,4.89,westside
Pickles Whole,7.59,westside
Yogurt Nonfat French Vanilla,6.59,westside
Tortillas White Corn,4.39,westside
Nounos Vanilla Bean Greek Yogurt,7.99,westside
Milk Fat Free 0%,8.99,westside
Super Smoothie Strawberry,8.99,westside
Forager Project Bean Dairy-Free Cashewgurt Vanilla,2.49,westside
ORANGE BLEND 100% JUICE NO ADDED SUGAR,5.49,westside
Horizon Organic Grassfed 2% Rf Milk Og,8.99,westside
Chobani Flip Red Velvet Cake,2.00,westside
Heluva Good Dip French Onion,2.99,westside
Probiotic Greek Yogurt Nonfat Plain,7.99,westside
VANILLA ICE CREAM PROTEIN YOGURT,7.29,westside
Tea Green W Mango,3.99,westside
Reduced Fat Sour Cream,4.59,westside
Cabot Pep Jac Ched B,5.49,westside
Cabot Ny Xshp Ched B,5.49,westside
Original Chocolate Vanilla Swi,5.19,westside
Mozzarella Shreds Part Skim,6.89,westside
Noosa Gluten Free Peach Yoghurt,3.59,westside
Original Recipe Hummus,5.39,westside
Tofu Silken,3.99,westside
Farmland Organic 2% Reduced Fat Milk,7.89,westside
Forager Project Plain Dairy-Free Cashewgurt,2.49,westside
OIKOS PRO 23G PROTEIN VANLLA YOGURT,11.69,westside
Yucca Arepa Queso,5.97,westside
Boars Head Roasted Garlic Hummus,3.50,westside
Gourmet Coffee Creamer French Vanilla,7.79,westside
Grillos Pickles Spears Hot Classic Dill,8.99,westside
Maine Lobster Ravioli,8.49,westside
Irish Butter With Olive Oil,6.49,westside
20G PROTEIN ZERO SUGAR VANILLA YOGURT,2.49,westside
STRAWBERRIES & CREAM YOGURT ZERO SUGAR ADDED,3.69,westside
Pomegranate Cherry Juice,5.99,westside
100% Premium Juice Ruby Red Grapefruit,6.99,westside
Kefir Lowfat Strawberry,5.99,westside
Lemonade Pink,3.99,westside
Yogurt Lowfat Vanilla,5.19,westside
Sabra Go Med Hummus Pinenut,6.39,westside
Yogurt Greek Honey Vanilla,7.99,westside
Yogurt Lactose Free Plain,9.99,westside
Organic Valley Cream Cheese Organic,6.99,westside
Simply Apple Juice 100% Juice Not From Concentrate,7.29,westside
Simply Watermelon Nc,4.89,westside
Soy Yogurt Peach,3.19,westside
Pickles Kosher Dill Halves,7.59,westside
Ithaca Fresh Lemon Dill Hummus,6.59,westside
Oats Pnut Butter Swrl Crnch,2.99,westside
Nounos Classic Plain Yogurt,7.99,westside
Super Smoothie Berry,8.99,westside
Whole Milk Vanilla,0.99,westside
Coffee Creamer Vanilla,7.29,westside
2% MILKFAT LOWFAT LIVE ACTIVE COTTAGE CHEESE,4.99,westside
Lemon Hummus,5.39,westside
CLASSIC LEMONADE,3.99,westside
SOME PULP 100% ORANGE JUICE,3.19,westside
OATMILK UNSWEETENED VANILLA,4.89,westside
Califia Farms Heavy Whip Dairy Free,8.49,westside
Baba Ghannouj Eggplant Dip,9.99,westside
"Cocojune Org,Passion Fruit Ygrt",2.99,westside
VANILLA YOGURT,3.39,westside
ORGANIC CREAMLINE WHOLE MILK,10.69,westside
Muenster Cheese Muenster,5.49,westside
Kefir Lowfat Mango,5.99,westside
Cookie Dough Sugar,7.59,westside
Cream Cheese Salmon,6.99,westside
Sabra Go Medit Hummus Olive,6.39,westside
Creamer French Vanilla,4.99,westside
Cabot Xshp Wh Vrmnt,5.49,westside
White American Singles,9.99,westside
Almondmilk Original,4.69,westside
Creamer Hazelnut,7.79,westside
HINT OF HONEY VANILLA ALMOND MILK,6.59,westside
Street Tacos,3.99,westside
Noosa Gluten Free Raspberry Yoghurt,3.59,westside
Giovanni Rana Cheese Lovers Tortelloni,6.99,westside
Sweet Tea,4.29,westside
Califia Farms Pure Toasted Cocunut A,7.79,westside
Good Culture Whole Milk Classic Simply Cottage Cheese Whole Milk Classic,6.99,westside
Boars Head Roasted Red Peppr Hummus Ogc,3.50,westside
Forager Project Dairy-Free Cashewgurt Wild Blueberry,2.49,westside
Whole Wheat Tortillas,5.29,westside
Cream Cheese W Chive,6.99,westside
CHERRY BERRY YOGURT,2.49,westside
Org Cultured Coconut Mixed Berry,2.99,westside
Vanilla Mini Greek Yogurt Bars,7.69,westside
VEGAN BUTTERY STICKS,9.99,westside
Kefir Lowfat Peach,5.99,westside
Lifeway Kefir Low Fat Coconut,5.99,westside
Cream Cheese Garden Vegetable,6.99,westside
Light Spreadable Butter,5.19,westside
Probiotic Drink Peach,1.49,westside
Sabra Go Med Hummus Supremely Spicy,6.39,westside
Sabra Go Med Hummus Roasted Garlic,7.29,westside
Cabot Mont Jack,5.49,westside
Rainbow Machine,5.99,westside
Simply Lemonade Not From Concentrate With Blueberry,4.89,westside
Guacamole,9.99,westside
Sugar Free Strawberry Gel,5.19,westside
Tempeh Soy,6.49,westside
Mission Gluten Free Soft Tortillas,8.39,westside
Mozzarella Shreds Part Skim,6.99,westside
Mozzarella Skim,7.99,westside
Italian Sausage Ravioli,6.99,westside
Pappardelle,3.99,westside
EVERYDAZE GREEN GRAPE,3.00,westside
Califia Farms Better Half Coffee Creamer Coconut Cream And Almondmilk Half & Half Unsweetened,5.69,westside
Coff Cld Brw Pure Blk Swt,7.79,westside
Protein Plaint Powerd,8.39,westside
Lifeway Mixed Berry Kefir Cultured Lowfat Milk Mixed Berry,5.99,westside
Toll House Cookies,7.59,westside
Horizon Organic Stra,2.59,westside
BLUEBERRY LEMONADE ORGANIC GREEK-STYLE CULTURED COCONUT,3.89,westside
Intl Delight Coffe House Crel,4.99,westside
Whole Milk Lactose Free,9.99,westside
Grillos Pickles Italian Dill Chips,6.79,westside
Heluva Good Dip French Onion,3.99,westside
20G PROTEIN ZERO SUGAR RASPBERRY LEMON YOGURT,2.49,westside
BABY GHERKINS,5.99,westside
Tea Diet Green W Mango,3.99,westside
Rana Spinach & Ricotta Ravioli,6.99,westside
Yogurt Greek Honey,7.99,westside
Simply Lemonade Juice Strawberry,4.89,westside
Sugar Free Dulce De Leche,5.19,westside
Oatmilk Cream,6.49,westside
Azumaya Firm Tof,2.99,westside
Off The Block 6 Cheese Italian Off The Block 6 Cheese Italian Shredded Cheese,6.99,westside
Smooth & Creamy Hummus,5.59,westside
Chobani Peach Greek Yogurt Drink,3.19,westside
Chobani Strawberry Banana Drink,3.19,westside
Pom Wonderful 100% Pomegranate Juice,14.69,westside
Forager Project Dairy-Free Cashewgurt Plain,7.99,westside
La Colombe Unsweetened Light Roast Cold Brew Coffee,7.99,westside
4% Cottage Cheese,4.99,westside
DANNON OIKOS TRIPLE ZERO VANILLA,11.69,westside
NO PULP LIGHT ORANGE JUICE,6.79,westside
Strawberry & Rhubarb Organic Skyr,3.39,westside
Roasted Red Pepper Hummus,4.99,westside
Coffee Creamer Cinnamon Coffee Cake,7.99,westside
NO PULP 100% ORANGE JUICE,3.39,westside
4% LARGE CURD COTTAGE CHEESE,7.29,westside
CREAM-ON-TOP MAPLE YOGURT,2.99,westside
FIVE CHEESE TORTELLINI FAMILY SIZE,11.39,westside
Kefir Lowfat Blueberry,2.49,westside
Tea W Pomegranate Lemonade,3.99,westside
Cracker Cuts Extra Sharp Chedd,8.99,westside
Bubbies Pickles Brd Butter Chips,9.99,westside
Sabra Go Med Hummus Lemon,6.39,westside
Da Arepas Queso,5.97,westside
Chocolate Pudding Cups,5.29,westside
Oat Dark Chocolate Oatmilk Dark Chocolate,4.89,westside
Protein Whole Milk,7.49,westside
Oatmilk Creamer French Vanilla,6.49,westside
Balsamic Caramelized Onion Hummus,3.99,westside
Yokids Lowfat Cherry Berry,5.99,westside
Eggplant Babaganoush,4.99,westside
Imported Butter Unsalted,5.99,westside
Iced Coffee,8.99,westside
Unsweetened Black Iced Tea Drink,4.29,westside
Zero Sugar Reddi Wip,5.19,westside
Strawberry Greek Yogurt Bar,1.99,westside
CINNAMON & SUGAR BUTTER,3.99,westside
Cream Cheese Strawberry,6.99,westside
Margarine Orig Buttery Spread,9.69,westside
Land O Lakes Spread Butter,4.69,westside
Minute Maid Mango Punch Drink,3.99,westside
Strawberry Mini Greek Yogurt Bars,7.69,westside
COFFEE CREAMER ZERO SUGAR SALTED CARAMEL,7.99,westside
LIGHT ORANGE JUICE SOME PULP,5.99,westside
ORGANIC SKYR STRAWBERRY YOGURT,3.99,westside
PICKLED RED ONIONS,8.99,westside
SOY FREE BUTTERY STICKS,9.99,westside
Drink Protein Coconut Almond,4.99,westside
Colby Jack Premium Natural Cheese,5.49,westside
Kefir Lowfat Milk Blueberry,5.99,westside
Lifeway Kefir Cultured Lowfat Milk Smoothie Mixed Berry,2.49,westside
Grands Buttermilk Biscuits,5.99,westside
Cookies Choc Chunk Ready To Ba,7.59,westside
Tea Diet Decaf Organic,3.99,westside
Probiotic Drink Prune,1.49,westside
Sabra Hummus Caramelized Onion,6.39,westside
Cabot Wht Shrp Ched,5.49,westside
Dairy Free Almond Creamer Vanilla,8.39,westside
Butter Spread W Canola Oil,6.69,westside
Yogurt Drink Plain,4.49,westside
Boars Head Pine Nut Hummus Ogc,3.50,westside
Coffee Cake,6.49,westside
Apple & Cinnamon,2.49,westside
OIL FREE OAT MALK VANILLA,8.99,westside
Yokids Lowfat Blueberry,2.39,westside
Diet Lemon Iced Tea Half Gallon,3.79,westside
Italian Sausage,9.99,westside
Chobani Mixed Berry Greek Yogurt Drink,3.19,westside
Digestion,4.99,westside
Egg Beaters Original,11.59,westside
Ronnybrook Farm Dairy Creamline Milk,2.69,westside
Just Egg Plant Based Egg,9.69,westside
Yellow Tortillas Corn,3.99,westside
Little Sesame Classic Hummus 16 Oz,9.59,westside
Little Sesame Caramelized Onion Hummus,6.79,westside
Babybel Mini Light Semisoft Cheese,5.49,westside
Lifeway Kefir Guava,5.99,westside
Sabra Classic Guacamole,11.19,westside
Harvest Strawberry Probiotic Coconut Yogurt,10.99,westside
Peaches & Cream Yogurt Drink,4.19,westside
MEDITERRANEAN HUMMUS WITH GREEN OLIVES,5.59,westside
NO PULP CALCIUM + VITAMIN D ORANGE JUICE,6.79,westside
BIG SLICE AGED SWISS CHEESE SLICES,5.99,westside
Pomegranate Blueberry Juice,5.99,westside
Pomegranate Blueberry Juice,14.69,westside
Drink Protein Vanilla Bean,4.99,westside
Kefir Lowfat Banana Strawberry,5.99,westside
Elmhurst - Unsweetened Cashew Milk,6.99,westside
Yogurt Lactose Free Vanlla,3.19,westside
Yogurt Lactose Free Strawberry,3.19,westside
Organic Valley Organic Cream Cheese Spread,6.99,westside
Butter Unsalted Org,13.99,westside
Arepas,5.97,westside
Singles Pasteurized Prepared Cheese Product American,7.99,westside
Cream Cheese Spread Light,8.99,westside
COLD BREW COFFEE,9.99,westside
Protein 2% Reduced Fat Milk,7.49,westside
Organic Plain Soy Milk,6.39,westside
Deli Sliced Provolone,6.79,westside
Deli Style Mozzarella,6.79,westside
Everything Bagel Hummus,3.50,westside
Oat Malk,8.99,westside
100% Corn Torillas,5.97,westside
Creamer French Vanilla,7.99,westside
CHERRY POMEGRANATE REFRESHERS,3.99,westside
Simply Peach Juice Drink,4.89,westside
Chobani Yogurt Ckies N Crm Drink,4.19,westside
Good Culture Organic  4%Cottage Cheese,8.99,westside
Chobani Complete Vanilla,4.19,westside
Pumpkin Cookie Dough,7.59,westside
Minute Maid Tropical Punch,3.99,westside
Organic 2% Cottage Cheese,8.99,westside
Clio Greek Yogurt Bars Strawberry,7.69,westside
Hummus Jalapeno Lime,6.59,westside
ZERO SUGAR CLASSIC LEMONADE,3.99,westside
SHARP CHEDDAR SINGLES 16 PIECES,7.59,westside
ORGANIC SKYR PLAIN YOGURT,3.99,westside
OAT NOG,6.99,westside
GOLD PEAK BLACK TEA WITH SIMPLY LEMONADE,4.29,westside
PINEAPPLE YUZU ORGANIC GREEK-STYLE CULTURES COCONUT,3.89,westside
ZERO SUGAR LEMONADE,3.99,westside
ORGANIC SAUERKRAUT,6.49,westside
FIVE CHEESE TORTELLINI,5.99,westside
Drink Protein Cinnmn Horchata,4.99,westside
Grands Butter Taste Biscuits,5.99,westside
Pills Grands Btr Tast,3.69,westside
Virgin Limeade,4.99,westside
Tea Raspberry,3.99,westside
Light & Fit Greek Vanilla,1.99,westside
Dannon Two Good Black Cherry Yogurt,2.39,westside
Organic Valley Lactose Free 1% Milk Fat,9.99,westside
Organic Valley Sour Cream Organic,6.49,westside
Cream Cheese Spread Light,13.39,westside
Cream Cheese Spread,8.99,westside
Cashewmilk Unsweetened,6.59,westside
Deli Italian Slices,6.99,westside
Buttery Spread Original,8.19,westside
Sour Cream 100% Lactose Free,4.19,westside
Sugar Free Lemon Lime Gel,5.19,westside
Orange Gel,5.19,westside
Cherry Gel,5.19,westside
Cedars Dark Chocolate Hummus,3.99,westside
Creamer Natural Sweet Cream,4.89,westside
Rice Pudding French Vanilla,6.99,westside
Ricotta Part Skim,11.99,westside
Vanilla Chai Tea + Soy,5.49,westside
Ithaca Fresh Lemon Beet Hummus,6.59,westside
Rosted Pepper Hummus,5.39,westside
EVERYDAZE ESSENTIAL CS PEACH,3.00,westside
Sargento Muenster Cheese Sliced,6.79,westside
Sli Deli Shrp Ched,6.79,westside
Pepper Jack Cheese,6.79,westside
Organic Low Fat Milk 1%,8.99,westside
Super Smoothie Strawberry Bana,8.99,westside
Yobaby Whole Vanilla Pouch,2.39,westside
Yogurt Probiotic Cherry Csecak,0.99,westside
La Yogurt Raspberry,0.99,westside
Mixed Berry Vanilla,4.19,westside
Bolthouse Farms 100% Carrot Juice,9.99,westside
FAMILY SIZE 5 CHEESE TORTELLINI,11.99,westside
RASPBERRY MINI GREEK YOGURT BARS,7.69,westside
STRAWBERRY BANANA MINI GREEK YOGURT BARS,7.69,westside
Organic Valley Butter Salted,13.99,westside
Ronnybrook Drinkable Mango Yogurt,4.49,westside
Baba Ghanoush,5.39,westside
Activia Light Vanilla,4.19,westside
Chob Greek Yogurt Strawberry,3.19,westside
Kefir Lowfat Raspberry,5.99,westside
Alepa Antioquena,5.97,westside
BLUEBERRY CREAM CHEESE SPREAD,6.99,westside
Little Sesame Classic Hummus,6.79,westside
FRUIT PUNCH REFRESHERS,3.99,westside
100% GRASS FED PLAIN CULTURED WHOLE MILK KEFIR,8.49,westside
Beverage Matcha Fuel 12 Grams Protein,5.99,westside
Buttery Spread Made W Yogurt,6.29,westside
Red Star Fresh Yeast,4.19,westside
Crescent Rolls Flaky Butter,6.29,westside
Cinnamon Rolls & Cream Chz Ici,4.29,westside
Lemonade Virgin Pink,4.99,westside
Tea Iced,3.99,westside
Tea Peach,3.99,westside
Tea Sweetened,3.99,westside
Activia Light Strawberry,4.19,westside
Bubbies Kosher Dill Pickles,9.99,westside
Sabra Go Med Hummus Rst Red Pep,7.29,westside
Plain Whole Milk,7.99,westside
Traditional Eggnog,9.99,westside
Original Cheese Loaf,9.59,westside
Margarine Spread W Olive Oil,8.19,westside
So Delicious Coconut Milk Dairy Free Original,6.69,westside
Creamer Pumpkin Spice,7.99,westside
Street Tacos Corn Tortillas,3.49,westside
BOB EVANS CAGE FREE 100% LIQUID EGG WHITES,7.19,westside
Breakfast Sausage Apple,10.39,westside
FAMILY SIZE ITALIAN SAUSAGE RAVIOLI,11.99,westside
Off The Block 4 Cheese Pizzeria Off The Block 4 Cheese Pizzeria Shredded Cheese,5.99,westside
Shr Ofblack Chsmex,5.99,westside
Tea Diet,4.29,westside
Yokids Lowfat Strawberry,2.39,westside
TZATZIKI GREEK YOGURT DIP,5.49,westside
Kim Chee Pride Kim Chee,12.99,westside
Basil Pesto,11.99,westside
CHOCOLATE GREEK YOGURT BARS,7.69,westside
ZERO SUGAR FRUIT PUNCH,3.50,westside
MINI COOKIES & CREAM GREEK YOGURT BARS,7.99,westside
STRAWBERRY JUICE DRINK,4.89,westside
Strawberry Cream,4.19,westside
Cherry Vanilla Yogurt Drink,4.19,westside
Cottage Cheese With Peaches,2.79,westside
MIXED BERRY & AÇAÍ YOGURT,3.39,westside
ORG SKYR MEADOW BERRY YOGURT,3.99,westside
PLAIN GREEK TRIPLE ZERO YOGURT,11.69,westside
BROWN SUGAR COOKIE OATMILK CREAMER,6.99,westside
ZERO SUGAR SWEET TEA,3.69,westside
CREAM-ON-TOP BLUEBERRY YOGURT,2.50,westside
Oranic Cacao Essentials 16 Grams Protein,5.99,westside
Remedy Organics 100% Plant Based Pitaya Power,5.99,westside
Kefir Lowfat Strawberry,2.49,westside
Kefir Lowfat Banana Strawberry,2.49,westside
Kefir Lowfat Vanilla,5.99,westside
Cookies Big Deluxe Mini Kisses,7.59,westside
Milked Almonds Unsweetened,6.99,westside
Activia Light Peach,4.19,westside
Activia Lowfat Vanilla,11.99,westside
Bubbies Kosher Dill Pickles,13.99,westside
Cabot Shrp Ylw Ched,5.49,westside
Butter W Canola Oil Spread,4.79,westside
Original Cheese Loaf,5.39,westside
Simply Grapefruit 100% Pure Squeezed Grapefruit Juice,7.29,westside
Soy Yogurt Blueberry,3.19,westside
Silk Almond Creamer Sweet & Creamy,8.39,westside
Soymilk Chocolate,6.99,westside
Buttery Spread W Calcium,6.19,westside
Buttery Spread Extra Virgin Oi,8.19,westside
Pork Sausage Natural Mild,7.99,westside
Margarine Quarters,3.19,westside
So Delicious Coconut Milk Dairy Free Unsweetened,6.69,westside
Ronnybrook Drinkable Yogurt Strawberry,4.49,westside
Ronnybrook Drinkable Peach Yogurt,4.49,westside
Yucatan Spicy Guacamole,4.99,westside
Raspberry Gel,5.19,westside
Creamer Natural Vanilla,4.89,westside
Yokids Lowfat Strawberry,5.99,westside
Ithaca Fresh Lemon Garlic Hummus,6.59,westside
Cashew Butter Salted Caramel,4.49,westside
Shreds Ched Style Cut Brd,6.39,westside
Pasta Linguine,3.99,westside
Marukome Whitemisopaste,10.99,westside
Good Culture Cottage Cheese Classic,6.99,westside
Forager Project Dairy-Free Probiotic Drinkable Cashewgurt Plain,7.69,westside
Lifeway Kefir Wildberries Organic,7.29,westside
TROPICAL PROTEIN SMOOTHIE,4.99,westside
ORANGE WITH PINEAPPLE PULP FREE,7.99,westside
Yoghurt Vanilla Bean,3.59,westside
Califia Farms Almondmilk Coffee Creamer With Coconut Cream,8.39,westside
Field Roast Sausage Smkd Apple Sage,12.99,westside
Hummos W. Roasted Garlic,9.99,westside
Pumpkin Spice Latte Creamer,7.99,westside
Alexandre Family Farm Grass Fed,13.49,westside
Alexandre Family Farm Low Fat,13.49,westside
Lifeway Organic Kefir Peach,7.29,westside
Organic Probiotic Skyr Vanilla & Chamomile,3.39,westside
Vanilla Zero Sugar Greek Yogurt Bars,7.69,westside
STRAWBERRY PEACH REFRESHERS,3.99,westside
ORGANIC CREAM SOUR,5.99,westside
SALTED CARAMEL MINI GREEK YOGURT BARS,7.69,westside
MATCHA LATTE  PROTEIN SHAKE,4.99,westside
DECAF NOT TOO SWEET BLACK COLD BREW,9.99,westside
ORGANIC UNSWEETENED COCONUT MILK,9.99,westside
CREAM-ON-TOP STRAWBERRY YOGURT,2.99,westside
SPICED LEMON HUMMUS,5.99,westside
UNSWEETENED PLAIN ORGANIC COCONUT YOGURT,10.99,westside
Kefir Lowfat Pomegranate,5.99,westside
Sugar Cookies Ready To Bake,7.59,westside
Elmhurst Unsweetened Oat Milk,6.99,westside
Dannon Aivblueberry Strawberry,11.99,westside
Sabra Supremely Spicy Hummus Spread,7.29,westside
Alfredo Sauce,6.99,westside
Whipped Spread W Vegetable Oil,8.19,westside
Margarine Whipped Spread,9.69,westside
Sugar Free Chocolate,5.19,westside
Creamer Hazelnut,4.89,westside
Pudding Tapioca,7.89,westside
Protein Plus Shake Vanilla,5.49,westside
100% Carrot Juice,5.79,westside
Pasta Tagliatelle,3.99,westside
Yogurt Plain Acidophilus,2.99,westside
Overnight Oats Strawberry,2.49,westside
Yobaby Whole Peach Pear,6.49,westside
Yobaby Whole Vanilla,6.49,westside
Milk Whole,5.39,westside
Cocojune Strawberry Yogurt,2.99,westside
Eatpastry Cookie Dough Chocolate Chip,9.59,westside
Chobani Oat Drink Vanilla,5.99,westside
Cho Hazelnut Coffee Cream,7.99,westside
Mal Sweet Vanilla,8.99,westside
Starbucks Vanilla Latte,7.99,westside
Delicious Fresh Pierogi Potato,7.97,westside
ZERO SUGAR PASSIONFRUIT  LEMONADE,3.99,westside
Coffee Blended Greek Yogurt,1.67,westside
Milk Lactose Free,3.99,westside
Chocolate Kefir Lowfat,5.99,westside
Little Sesame Jalapeno Hummus,6.79,westside
Babybel Semisoft Cheese Mini Ligth,10.79,westside
TROPICANA FRUIT PUNCH ZERO SUGAR,3.99,westside
Pepper Jack Sliced Cheese,5.99,westside
Barista Lovers Oatmilk,4.99,westside
COFFEE CREAMER ZERO SUGAR,7.99,westside
ORGANIC SKYR VANILLA BEAN YOGURT,3.99,westside
ORGANIC SKYR PLAIN YOGURT,14.29,westside
PASSION FRUIT ORGANIC SKYR YOGURT,3.99,westside
ORGANIC MOZZARELLA STRING CHEESE,9.99,westside
LEMONADE WITH RASPBERRY,7.99,westside
Blue Goodness Fruit Smoothie,9.99,westside
Vermont Cheese Premium Naturally Aged Cheddar Hot Habanero,5.49,westside
Organic Super Chai Fuel,5.99,westside
Grands Biscuits 5Pack,3.69,westside
Orange Mango Tango,4.99,westside
Lemonade W Strawberry Kiwi,3.99,westside
Activia Light Strawberry Peach,11.99,westside
Light & Fit Nonfat Boston Crea,1.99,westside
Greek Nonfat Yogurt,1.99,westside
Two Good Strawberry Greek Yogurt Cup,2.39,westside
Sabra Go Med Hummus Spinach Artichoke,6.39,westside
Kefir Lactose Free Plain,10.99,westside
Lactose Free Sour Cream,6.99,westside
Lactose Free Cream Cheese,7.39,westside
Organic Valley Egg Whites Organic,10.99,westside
Silk Unsweetened Original Almond Milk,11.39,westside
Strawberry Milk,3.19,westside
Lowfat Milk Vanilla,3.19,westside
Ronny B. Yogurt Dri,4.49,westside
Ronnybrook Butter Plain Saltd,6.19,westside
Ronnybrook Farm Dairy Butter,6.19,westside
CHOCOLATE ALMOND MILK,6.59,westside
REDUCED SUGAR VANILLA ALMOND MILK,6.59,westside
Sweet Chili Garlic Hummus,3.50,westside
Original Chocolate,5.19,westside
Original Vanilla,5.19,westside
Creamer Italian Sweet Cream,7.99,westside
Roasted Garlic Hummus,5.39,westside
Uptons Naturals Traditional Seitan,7.19,westside
Olivio Premium Buttery Spread,6.29,westside
Yobaby Whole Blueberry Apple,6.49,westside
Milk 2% Reduced Fat,5.39,westside
Califia Farms Almondmilk Dairy Free Plant Milk Vegan Non-Gmo Vanilla,7.29,westside
Deli Slices Smoked,6.99,westside
Acaisoy Energy,10.69,westside
Forager Project Dairy-Free Probiotic Drinkable Cashewgurt Wild Blueberry,7.69,westside
Classic Caraway,8.59,westside
Pure Premium Homestyle Some Pulp Orange Juice Tropicana Pure Premium Homestyle Some Pulp Orange Juice,12.69,westside
DOUBLE BERRY PROTEIN,5.99,westside
2% Vanilla Milk,2.59,westside
White Chocolate Mocha Creamer,7.99,westside
Sargento Artisan Blends Whole Mozzarella Shredded Cheese,5.99,westside
STRAWBERRY LEMONADE,3.99,westside
GOLD PEAK BLACK TEA WITH SIMPLY PEACH JUICE,4.49,westside
Oikos Pro Cherry,2.29,westside
Cage Free Grade A Large Brown Eggs,8.99,westside
Mango Passionfruit Lowfat Yogurt,2.59,westside
STRAWBERRY BANANA LOW FAT YOGURT,2.59,westside
Claussen Pickles - Sandwich Slices Bread N Butter,7.59,westside
Roast Un Sweet Black Bright & Mellow Cold Brew Coffee Beverage Un Sweet Black,9.99,westside
Hummos W. Roasted Red Peppers,9.99,westside
Trimona Vanilla A2A2 Whole Milk,8.99,westside
Breakstone'S Peach Cottage Cheese Small Curd,2.99,westside
Cold Brew Un-Sweet Black Espresso Blend,9.99,westside
Once Upon A Farm Green Kale & Apples Org Smoothie,2.99,westside
Cookie Dough Coffee Creamer,7.99,westside
TROPICAL PUNCH REFRESHERS,3.99,westside
ORGANIC SKYR SAVANNAHS PEACH YOGURT,3.99,westside
ORGANIC SKYR BLUEBERRY LEMON YOGURT,3.99,westside
CARAMEL MACCHIATO CREAMER,7.99,westside
PICKLE SPEARS CLASSIC DILL,8.99,westside
VANILLA,2.49,westside
SOFT TACO FLOUR TORTILLA SONORA STYLE,4.19,westside
CREAM-ON-TOP VANILLA YOGURT,2.99,westside
CREAM-ON-TOP BLACK CHERRY YOGURT,2.50,westside
DIP DILL,6.99,westside
BULGARIAN YOGURT WHOLE MILK,8.99,westside
CREAM-ON-TOP PEACH YOGURT,2.50,westside
Pomegranate Cherry,14.69,westside
Drink Protein Choc Banana,4.99,westside
Elmhurst Barista - Milked Almonds,6.99,westside
2% White American Singles,5.39,westside
Activia Peach,4.19,westside
Dannon Activia Cherry Peach Yogurt,11.99,westside
Silk Oatmilk Yeah Original,5.99,westside
Rana Fettuccine,3.99,westside
Juice Pina Colada,5.99,westside
Coconutmilk Original,6.99,westside
Silk Coconutmilk Unsweetened,6.99,westside
Cntry Crk Lgt Sp,6.19,westside
Mango Lassi Yogurt,5.49,westside
Kerrygold Imported Garlic And Herbed Butter,3.99,westside
Strawberry Kiwi Gel,5.19,westside
Black Cherry Gel,5.19,westside
Lemon Meringue Pie,5.19,westside
Cinnamon Raisin Rice Pudding,6.99,westside
Cocoyo Pure,10.49,westside
Cocoyo Vanilla,10.49,westside
Perfect Foods Bar Coconut Peanut Butter,4.49,westside
Pure Boost Turmeric,5.99,westside
Old Chatham Sheepherding Company Sheeps Milk Yogurt Plain,10.79,westside
Mexican 4 Cheese Style Shreds,7.69,westside
EVERYDAZE MANGO JELLY,3.00,westside
Erivan Plain Acidophilus Yogurt,5.99,westside
Starbucks Iced Espresso Classics Chilled Espresso Beverage Caffe Mocha,7.99,westside
Yokids Squeeze Lowfat Strawber,2.39,westside
Cocojune Org Vanilla Chamomile,9.59,westside
Califia Farms Almond Milk Vanilla Unsweetened,7.29,westside
Eatpastry Gluten Free Chocolate Chip Cookie Dough,9.59,westside
Chs Gouda Smkd Round,8.99,westside
Bolthouse Farms Banana Honey Almond Butter Protein Plus,5.79,westside
Amazing Mango Smoothie,4.79,westside
Delicious Fresh Pierogi Peri,7.97,westside
STRAWBERRY LEMONADE,5.49,westside
FRAPPUCCINO LITE CREAMY VANILLA GELATO,4.69,westside
100% Strawberry Banana Juice,9.99,westside
Clio Greek Yogurt Bars Vanilla,7.69,westside
Creamer Hazelnut,4.99,westside
Berry Boost Smoothie,9.99,westside
Ronnybrook Whole Creamline Milk,6.99,westside
Chocolate Almond Malk Organic,8.99,westside
Margarine Soy Free Spread,9.69,westside
VANILLA WHOLE MILK YOGURT,7.99,westside
Oat-ly! Unsweetened Oatmilk,7.79,westside
Strawberry Cottage Doubles Small Curd,2.99,westside
Vital Farms Whole Eggs Liquid,9.99,westside
Grillos Pickles Dill Slices,7.99,westside
Muenster Sliced Cheese,5.99,westside
Unswtnd Original Black Iced Coffee,7.79,westside
Pumpkin Hummus,6.79,westside
Probiotic Cream Cheese Spread,5.99,westside
Cottage Doubles Blueberry,2.99,westside
PEACH PINEAPPLE REFRESHERS,3.99,westside
CHOCOLATE BROWNIE PROTEIN BARS,4.49,westside
ORGANIC SKYR VANILLA BEAN YOGURT,14.29,westside
KEFIR PISTACHIO ROSE VANILLA,3.19,westside
SOUR CREAM CREAMY RANCH DIP,5.39,westside
CHIMICHURRI HUMMUS,6.39,westside
CREAM-ON-TOP PLAIN YOGURT,8.99,westside
FOUR CHEESE RAVIOLI,6.99,westside
FETTUCINE,3.29,westside
Drink Protein Cacao Bean,4.99,westside
Slightly Sweet Tea,4.29,westside
Cabot Hrserdish Ched,5.49,westside
Kefir Lowfat Strawberry Cream,7.29,westside
Bubbies Sauerkraut,12.99,westside
Bubbies Pickles Brd Butter Chips,13.99,westside
Butter Spray,6.99,westside
Lowfat Milk Banana Strawberry,3.19,westside
So Delicious Yogurt Cult Coco Van Unsw,9.99,westside
So Delicious Cultured Coconutmilk Dairy-Free Yogurt Unsweetened,9.99,westside
Ronnybrook Butter,6.19,westside
Parmesan Cheese Grated,7.19,westside
Smart Dogs Jumbo,7.79,westside
Sz Cafe Mochacreamer,4.89,westside
Coffee Mate Natural Bliss Sweet Cream Coffee Creamer,9.49,westside
Mission Thin & Crispy Chips,4.99,westside
Rte Meal Japn Curry Noodl,8.29,westside
Perfect Foods Bar Almond Butter,4.49,westside
Ripple Foods Original Unsweetened Nutritious Pea Milk,9.19,westside
Benecol Regular Spread,9.99,westside
Shredded Nacho & Taco Cheese,5.99,westside
Classic 2%,7.99,westside
Half & Half,8.19,westside
Yotoddler Pear Spinach Mango,2.39,westside
Nog Almondmilk,7.79,westside
Tahini Whole Seed Sesame,5.99,westside
Ginger Love,4.99,westside
Tzatziki With Pita Chips,3.99,westside
Milk Nd Kids Original,9.19,westside
Just Like Cream Cheese Original,8.99,westside
Oat Milk Creamer Unsweetened Vanilla,8.39,westside
Forager Project Dairy-Free Probiotic Drinkable Cashewgurt Strawberry,7.69,westside
Probiotic Cashewgurt Mango Drink,7.69,westside
Roasted Garlic,8.59,westside
Berry Boost Fruit Smoothie,5.49,westside
Delicious Fresh Pierogi Sauerk,7.97,westside
Kimchee Pride Kimchee,7.99,westside
FAMILY SIZE MOZZARELLA CHEESE RAVIOLI,11.99,westside
LOWFAT PLAIN YOGURT 20G PROTEIN,9.99,westside
PEPPERMINT HOT CHOCO GREEK YOGURT BARS,7.99,westside
Creamer Sugar Free Vanilla,7.99,westside
Mission Zero Net Carbs Original,5.99,westside
ORG WHOLE MILK,2.59,westside
Tofu Baked Sesame Ginger,6.99,westside
Dippers Stonefire Everythng,3.99,westside
UNSWEETENED PLAIN ORGANIC YOGURT,2.99,westside
Philadelphia Garden Vegetable  Cream Cheese,6.99,westside
Hot Spicy Hummus,4.99,westside
A2A2 Probiotic Yogurt Drink,8.99,westside
Goat Milk Butter,10.99,westside
SAUCE TAHINI,6.79,westside
Oikos Pro 23 G Protein Strawberry Banana Drink,3.79,westside
MEXICAN STREET CORN GUACAMOLE,11.19,westside
KEFIR LACTOSE FREE COCONUT PINEAPPLE,3.19,westside
PEPPERMINT MOCHA CREAMER,9.99,westside
LOW FAT PLAIN KEFIR LACTOSE FREE,10.99,westside
LAVANDER LATTE STARBUCKS,7.99,westside
NATURAL BLISS PISTACHIO CREAMER REAL MILK & CREAM,9.49,westside
DARK CHILI HUMMUS,5.99,westside
Beverage Blue Oxidants,5.99,westside
Kefir Lowfat Raspberry,7.29,westside
Kefir Lowfat Cherry,5.99,westside
Ghee Clarified Butter,13.99,westside
Lemon Tea Cooler,3.99,westside
Diet Green Tea,3.99,westside
Activia Blueberry,4.19,westside
Activia Mixed Berry,4.19,westside
Activia Black Cherry,4.19,westside
Activia Lowfat Mixed Berry,11.99,westside
Light & Fit Greek Tiramisu,1.99,westside
Oatly Low Fat Oat Milk,7.79,westside
Smart Balance Buttery Spread - Low Sodium Lightly Salted,8.19,westside
SWEET CREME OATMILK CREAMER,6.49,westside
Sandwich Pickle Slices,7.59,westside
Pickles Kosher Dill Spears,7.59,westside
Creamer Sugar Free Peppermint,7.99,westside
Creamer Coconut Cream,7.99,westside
Chocolate Pudding,7.89,westside
Mission Wraps Flour Tortilla,5.49,westside
Mighty Greens,4.99,westside
Ripple Foods Original Nutritious Pea Milk,9.19,westside
Sausage Mexican Chipotle,12.99,westside
Old Chatham Sheepherding Company Sheeps Milk Yogurt Plain,4.39,westside
Plain Cream Cheese,6.79,westside
Rana Marinara Sauce,6.99,westside
39% Vegetable Oil Spread Tub,6.29,westside
Light 39% Vegetable Oil Spread,9.99,westside
Kimchi Vegan,12.99,westside
Yobaby Whole Plain,6.49,westside
Farmland Organic Fat Free Milk,7.89,westside
Peach,2.49,westside
Cleveland Beet Red Kraut,8.59,westside
Potato & Cheddar Cheese Pierogi,7.97,westside
Deli Slices Oven Roasted,6.99,westside
Kefir Lowfat Plain,2.49,westside
Elmhurst Milked - Oat Milk,5.99,westside
Whole Milk,5.99,westside
Whole Milk,2.69,westside
Chobani Flip Cocont/Caramel Ygrt,2.00,westside
18 Quail Eggs,4.49,westside
Carb Balance Whole Wheat Tortillas,7.99,westside
KRAFT SHARP CHEDDAR,5.99,westside
Polly-O Mozzarella String Cheese,8.99,westside
Whole Milk,3.99,westside
Heavy Cream,5.29,westside
Buttermilk Grade A,4.99,westside
Daisy Cottage Cheese With Blueberries,2.79,westside
Salsa Original Hot,4.59,westside
Pillsbury Cookies&Dough Birthday Cake,7.59,westside
VANILLA ORGANIC COCONUT YOGURT,2.99,westside
Strawberry Organic Coconut Yogurt,2.99,westside
Cocojune Organic Cultured Coconut Strawberry,9.59,westside
QUESO COTIJA CHEESE,8.49,westside
ZERO NET CARBS 8 TORTILLA WRAPS,7.49,westside
STRAWBERRY WATERMELON REFRESHERS,3.99,westside
EXTRA HOT HORSERADISH,8.99,westside
ELITE CHOCOLATE PROTEIN SHAKE,4.99,westside
CRUNCHY PICKLE CHIPS,6.99,westside
KOSHER DILL PICKLE CHIPS,12.99,westside
ORIGINAL PLANT BASED CREAMERY,7.49,westside
PINEAPPLE ORANGE 100% JUICE NO SUGAR ADDED,5.49,westside
KIMCHI DICED RADISH,7.99,westside
LINGUINE,3.99,westside
COOLER HYDRATE COLD PRESSED SUGARCANE JUICE,4.99,westside
Cornbrd Swirl,2.99,westside
Milked Cashews,6.99,westside
Tea Green,3.99,westside
Diet Decaf Tea,3.99,westside
PEPPER JACK CHEESE SLICES,5.59,westside
Organic Valley Lactose Free Fat Free Milk,9.99,westside
Eggroll Wraps,3.99,westside
Cookies Chocolate Chip Lovers,7.59,westside
Creamer Cinnamon Vanilla,7.99,westside
Creamer Sugar Free Hazelnut,7.99,westside
No Yolks Fine Noodles,4.79,westside
Taamti Eggplant,4.89,westside
Matbucha,4.89,westside
Hummus Red Pepper,6.59,westside
Suja Essentials Sweet Beets,4.99,westside
Maple Hill Plain Kefir,9.99,westside
Perfect Foods Bar Dark Chocolate Almond,4.49,westside
Uptons Italian Seitan,7.29,westside
Egglands Best Eggs - Hard Cooked,5.99,westside
Daiya Deliciously Dairy Free Slices Cheddar Style,7.69,westside
Jpn Yakisoba Nama,5.99,westside
Organic Miso,11.69,westside
Vegenaise Original Spread,13.29,westside
Mama Os Kimchi Original,12.99,westside
Yobaby Whole Banana Mango,6.49,westside
Reddi-Wip Non-Dairy Made With Coconut Milk Vegan Whipped Topping,8.99,westside
Fine Sesame Tahini,5.99,westside
Organic Uber Greens,4.99,westside
Bologna Sliced,6.99,westside
Ham Smoked,6.99,westside
Guacamole Spicy Singles,7.99,westside
Cheese Slices Mature Cheddar,8.79,westside
Cheese Parmesan Just Like,9.39,westside
Go Coconut Milk,7.79,westside
Sweet Corn,5.97,westside
CAFFE MOCHA ZERO CREAMER,9.99,westside
PLANTSPIRED STEAK BULGOGI FLAVOR,7.99,westside
Activia Vanilla,4.19,westside
Stok Unsweetened Cold-Brew Iced Coffee,9.99,westside
BoarՓ Head Traditional Hummus Family Size,5.99,westside
Whole Milk,3.49,westside
Oikos Pro 23 G Protein Mango Pineapple,3.79,westside
4% COTTAGE CHEESE WITH PINEAPPLE ADDED,5.79,westside
CHOCOLATE CHIP COOKIE DOUGH,7.29,westside
ORANGE JUICE HIGH PULP,6.99,westside
Cheese Alt Mex Shrd,8.99,westside
Vanilla Organic Whole Milk Kefir,7.29,westside
White Chip Macadamia Nut Cookie Dough,6.19,westside
Shredded Monterey Jack Cheese,5.99,westside
Cleveland Kitchen Kimchi Mild,8.59,westside
ESSENTIAL C'S  KONJAC JELLY,3.00,westside
ESSENTIAL C'S KONJAC JELLY VEGAN ZERO SUGAR,3.00,westside
MANGO ORGANIC COCONUT YOGURT,2.99,westside
Once Upon A Farm Berry Organic Smoothie,2.99,westside
Philadelphia Soft Pineapple Cream Cheese,6.99,westside
Classic Chive Plant Milk Cheese Spread,8.39,westside
Organic Probiotic Skyr Raspberry & Rosewater,3.39,westside
CHEF'S HUMMUS,5.59,westside
Cottage Doubles Pineapple,2.99,westside
Flip Yogurt Chocolate Covered Strawberry,1.67,westside
SWEET RELISH,9.99,westside
KIT KAT COFFEE CREAMER,7.99,westside
PUMPKIN PIE DESSERT HUMMUS,3.50,westside
SPICY KIMCHI,8.59,westside
OG2 OZU KIMCHI NAPA&GAR,11.99,westside
JUST JUNIPER KRAUT,11.99,westside
BIRTHDAY CAKE STRAWS,2.49,westside
BANANA BLAST MILK FLAVORING STRAWS,1.99,westside
CREAM-ON-TOP VANILLA YOGURT,7.99,westside
ORGANIC BEET SAUERKRAUT,6.49,westside
HUMMUS GOLDEN GARLIC,6.79,westside
Organic Vanlla Essentials,5.99,westside
Kefir Lowfat Mango,2.49,westside
Extra Bold,9.99,westside
Classic Pesto,5.99,westside
Org 1% Lactose Free Choco,8.99,westside
Silk Unsweetened Vanilla Almond Milk,11.39,westside
Buttery Spread Light W Flax,8.19,westside
So Delicious Dairy Free Coconut Milk Unsweetened Vanilla,6.69,westside
Ronnybrook Farm Dairy Creamline Chocolate Milk,7.69,westside
Tapioca Pudding,5.19,westside
Creamer Original,7.99,westside
Caramel Macchiato Creamer,7.99,westside
Caramel Macchiato,7.99,westside
Enriched Egg White Pasta,4.79,westside
Dressing Italian,6.39,westside
Dressing Super Blue Cheese,6.69,westside
Strawberry Parfait Smoothie,5.49,westside
Meal- Keto Teriyaki,8.29,westside
Yogurt Original Cream,9.99,westside
Mother In Laws Kimchi House Napa Cabbage Kimchi,12.79,westside
Jce Og2 Immunty Boost Pom,5.99,westside
Shredded Mozzarella,7.69,westside
Portobello Mushroom Pasta Sauce,6.99,westside
Vegenaise Grapeseed Oil Spread,13.29,westside
WHOLE MILK BLUEBERRY,0.99,westside
Oat Nog,5.99,westside
Cheez-Whiz Orig,8.39,westside
Cheese Grk Feta Blok Vegn,8.99,westside
Lemon Love,4.99,westside
Cheese Alt Sngl Slc,8.99,westside
Califia Farms Almondmilk Coffee Creamer With Coconut Cream Pecan Caramel,8.49,westside
Fresh Mini Pierogi Potato And Onion,7.97,westside
FETTUCCINE,6.97,westside
OՆood Gochujang Paste,8.49,westside
VEGAN NAPA CABBAGE KIMCHI,8.99,westside
KETONE SHOT,3.99,westside
Nuts For Cheese Un-Brie-Lievable,12.69,westside
ORGANIC GRASS FED WHOLE MILK PLAIN YOGURT,8.99,westside
SIMPLY ORANGE CALCIUM,6.99,westside
Chocolate Greek Yogurt Bar,1.99,westside
SIMPLY GRAPE JUICE DRINK,4.89,westside
GOAT KEFIR PLAIN,12.99,westside
STRAWBERRIES & CREAM ZERO SUGAR PROTEIN SHAKE,7.29,westside
BLACK ELDERBERRY IMMUNITY,5.99,westside
Oatmilk Vanilla Cinnamon Protein Plus,5.79,westside
Holy Hummus Rstd Pepper 10 Oz,5.59,westside
Egg Beaters Egg White,6.29,westside
Coffee Creamer - Almond Joy,6.99,westside
Cleveland Kitchen Classic Kimchi,8.59,westside
Pepperoni Slices Plant Based,10.59,westside
Har Strawberry Drnkable N 24 Oz,9.99,westside
Southwest Style Egg Beaters,6.69,westside
Organic  Unsweeted Almond Milk,7.79,westside
Miracle Noodle Spinach Angl Hair,6.99,westside
Bubbies Prepared Horseradish,8.99,westside
Organic Oh My Mega Veggie Blend,4.49,westside
Fruit & Veggie Wild Rumpus Avocado Organic,4.49,westside
Horseradish Bread & Butter Chips Pickles,12.99,westside
Shredded Mild Cheddar,5.99,westside
MUSTARD LEAF KIMCHI,13.99,westside
ORGANIC GRAPEFRUIT ELDERFLOWER KEFIR,3.19,westside
SALSA JUST PEACHY,4.59,westside
GOLD PEAK TEA WITH SIMPLY RASPBERRY JUICE,4.29,westside
RUBY CALENDULA KRAUT,11.99,westside
SLICED PICKLED RED BEETS,6.99,westside
GOT MILK? STRAWBRRY MAGIC STRAWS,7.99,westside
MAGIC STRAWS VARIETY PACK,7.99,westside
CINNAMON ROLL MILK FLAVORING STRAWS,1.99,westside
GREEN GODDESS HUMMUS,6.79,westside
CREAM-ON-TOP MAPLE YOGURT,7.99,westside
FR SIGNATURE STADIUM PLANT-BASED DOG 8X10OZ - FROZEN,11.49,westside
MIXED CHEESE TORTELLINI FAMILY SIZE,11.39,westside
ENERGY SHOT COLD PRESSED JUICE,5.99,westside
Elmhurst Milked - Unsweetened Hazelnut Milk,6.99,westside
Activia Sb Ban,4.19,westside
Silk Almond Creamer Creme/Bru,8.39,westside
Bubbies Kosher Relish,9.99,westside
Id Wht Choc Mch,7.79,westside
Elderberry Shot,5.99,westside
RAW SEA MOSS GEL,29.99,westside
Wonton Wraps,3.99,westside
So Delicious Coconutmilk Yogurt Alternative Vanilla,9.99,westside
Texas Bbq Seitan,7.69,westside
Rosemary Garlic Seitan,7.69,westside
Original Seitan,7.69,westside
Strawberry Cheesecake,5.19,westside
Creamer Vanilla,7.99,westside
Peppermint Mocha Creamer,7.99,westside
Cof Caramel,7.99,westside
Mar Dressing Chunky Blue C,9.99,westside
Taamti Harissa,5.99,westside
Ready-To-Eat Meal,8.29,westside
Good Stuff Sea Moss Gel Raw,11.99,westside
Goshen Kimchi Sliced Napa,11.99,westside
Soybean Paste White,9.49,westside
Daiya Df Slc Prvlne Styl,8.69,westside
Smkd Gouda Style Slices,8.69,westside
Vegenaise Soy Free,13.29,westside
Vegenaise Reduced Fat,13.29,westside
Ranch Vegan,9.99,westside
Nuts For Cheese Black Garlic,12.69,westside
Uptons Naturals Jackfruit Bar-B-Que,6.99,westside
Lard,3.69,westside
Califia  Creamy Original,7.29,westside
Califia Farms Cold Brew Coffee With Almondmilk Dairy Free Mocha,7.79,westside
Cheddar Slice,8.99,westside
Colby Jack Shreds,8.99,westside
Califia Farms Hazelnut Almondmilk Creamer,8.39,westside
Califia Farms Unsweetened Oatmilk,7.29,westside
BUFFALO GOUDA RANCH,4.99,westside
Shredded Cheddar Cheese,8.99,westside
Hummus Tahini With Lemon,5.59,westside
Bolthouse Farms Golden Goldness,9.99,westside
STRING CHEESE,6.99,westside
Double Cheese Alepas,5.97,westside
Epic Mature Cheddar Block,8.99,westside
Nuts For Cheese Red Rind,12.69,westside
Extra Creamy Almondmilk,6.59,westside
Maries Dressing Poppy Seed,6.99,westside
Ricotta Cheese,4.99,westside
Zero Sugar Pumpkin Spice 32 Oz,7.99,westside
Bubbies Pickles Ginger Apple Bread & Butter Chips,12.99,westside
Bubbies Pickles Spicy Bread & Butter Chips,12.99,westside
Salted Butter Balls,6.29,westside
Once Upon A Farm Strawberry Banana Swirl Org Smoothie,2.99,westside
Almond Milk Blueberry Yogurt,3.19,westside
Tofu Soft,3.49,westside
Organic Large Free Range Brown Eggs,12.99,westside
Plant Based Noodles Spaghetti Marinara,8.29,westside
SONNY & JOES HUMMUS TOASTED SESAME,6.29,westside
SONNY & JOE'S GARLIC ADDICTION HUMMUS SPREAD W...,6.29,westside
Singles Guacamole,7.99,westside
MEXICAN STREET CORN HUMMUS,6.79,westside
20G PROTEIN STRAWBERRY KIWI YOGURT,2.49,westside
EGG WHITE SPAGHETTI NOODLES,8.29,westside
EGG WHITE VERMICELLI NOODLES,8.29,westside
CLASSIC DILL PICKLE CHIPS,8.99,westside
ELITE VANILLA PROTEIN SHAKE,4.99,westside
COFFEEMATE CREAMER AMARETTO,7.99,westside
GRANDS! WITH CREAM CHEESE ICING CINNAMON ROLLS,8.99,westside
OZUKE BEETS DULSE & KALE,11.99,westside
COFFEE MATE HOT CHOCOLATE,7.99,westside
TOMATO & BASIL JACK CHEESE,4.99,westside
SPRING SCALLION PLANT CREAM CHEESE,7.49,westside
STRAWBERRY BANANA STRAWS,2.49,westside
STRAWS BERRY BLAST,2.49,westside
CHOCOLATE BANANA MAGIC STRAW,2.49,westside
PLANT BASED FETA CHEESE CUBES,7.99,westside
ORGANIC CASHEW MILK UNSWEETENED,8.49,westside
CLASSIC SPINACH DIP,6.69,westside
BURRITO FLOUR TORTILLAS,6.99,westside
STRAWS ROOT BEER,2.49,westside
CHOCOLATE PROTEIN SHAKE,6.99,westside
12 GRADE A LARGE EGGS,6.99,westside
TERIYAKI STEAK POUCH,11.99,westside
MAKERS BLEND CHEESE,7.99,westside
SPINACH & RICOTTA RAVIOLI FAMILY SIZE,11.39,westside
DRAGON-ADE COLD PRESSED SUGARCANE JUICE,4.99,westside
TROPICAL COLD PRESSED SUGARCANE JUICE,4.99,westside
PUMPKIN CREAMED COLD BREW,9.99,westside
Miyokos Vegan Cream Cheese Plainly Classic,8.39,westside
Cold Brew Coffee Drink Protein,4.99,westside
Cinnamon Rolls & Cream Chz Ici,6.29,westside
Cookies Peanut Butter,6.49,westside
Chocolate Milked Oats,6.99,westside
Butter Spread Light,6.69,westside
Probiotic Drink Strawberry,8.19,westside
Probiotic Drink Vanilla,8.19,westside
Activia Strawberry,4.19,westside
Activia Yogurt Prune,4.19,westside
Light & Fit Greek Key Lime,1.99,westside
Pickle Kosher Dill Spicy,13.99,westside
Sauerkraut Spicy,12.99,westside
VERMONT SERIOUSLY SHARP CHEDDAR CHEESE 26 CRACKER CUT SLICES,5.59,westside
Caramel Almond Creamer,8.39,westside
Deli Roast Beef Sliced,5.79,westside
Chickn Bbq Slow Roasted,7.79,westside
Sausage Beer Brats Original,9.99,westside
Buttery Spread W Omega,8.19,westside
Makoto Ginger Dressing,6.99,westside
Makoto Original Ginger,9.99,westside
Farms Creamery Unsalted Margarine,3.19,westside
Yucatan Natural Guacamole Mild,7.99,westside
Smores Pudding Cups,5.29,westside
Tempeh Soy 3 Grain,6.99,westside
Sausage Italian Style,7.79,westside
Cedars Hommus Artichoke Spinach,3.99,westside
Non-Dairy Almondmilk&Oatmilk,7.99,westside
Creme Brulee,7.29,westside
Dressing Creamy Caesar,6.69,westside
Dressing Lite Blue Cheese,6.69,westside
Maries Salad Dressing - Honey Mustard,6.99,westside
Soybean Paste,10.29,westside
Bettern Eggs,6.29,westside
Noosa Gluten Free Honey Yoghurt,3.59,westside
Soup - Beef Noodle Plant Based,8.29,westside
Suja Organic Fruit And Vegeta,4.99,westside
Perfect Bar - Bar Chocolate Mint,4.49,westside
Tzatziki,5.39,westside
Eggplant Hummus,5.39,westside
Esti2 Crlon Hum Rfg,5.39,westside
Kite Hill Dairy-Free Sour Cream,7.19,westside
Old Chatham Sheepherding Company Yogurt Sheep Vanilla,4.99,westside
Uptons Naturals Ground Seitan,7.29,westside
Spring Roll Wrappers,3.99,westside
Daiya Df Slc Swiss Styl,8.69,westside
Daiya Chive&Onion Cream Cheese,6.79,westside
Marukome Organic Miso,11.69,westside
Chef Blends 4 State Cheddar Gusset,5.99,westside
Starbucks Caramel Macchiato Iced Espresso Classics,8.99,westside
Dressing Caesar,8.99,westside
Nuts For Cheese Super Blue,12.69,westside
Artichoke&Herb,12.69,westside
Nuts For Cheese Chipotle Cheddar,12.69,westside
Ultra Soy Organic Beverage Original,3.99,westside
Califia Farms Almondmilk Barista Blend Original,5.69,westside
Miyokos Creamery Vgn Butter Og2 Cltrd Unslt,9.69,westside
Tahini Whole Seed Spicy,5.99,westside
Good Culture Cttge Chs Classic,2.59,westside
Organic Tempeh Buffalo Flavor,6.99,westside
Hummus Original With Chip,3.99,westside
Vegan Smoked Provolone,8.99,westside
Gf Oat Creamer,8.39,westside
Mama Os Super Spicy Kimchi,11.99,westside
Pete And Gerrys Organic Liquid Egg Whites,7.99,westside
Pete And Gerrys Organic Eggs Fresh Grade Aa Extra Large,5.29,westside
Deli Pepperoni Slices,6.99,westside
Whole Milk Vanilla Yogurt,4.29,westside
Milk Pistachio Barista,6.99,westside
Coconut Yogurt Peach Nectarine,10.49,westside
ROASTED MUSHROOM RAVIOLI,5.99,westside
ORGANIC PROBIOTIC CREAM CHEESE,6.99,westside
13 OZ,9.99,westside
24 OZ,9.99,westside
52 FL OZ,5.49,westside
28 FL OZ,9.99,westside
64 FL OZ,3.99,westside
6 OZ,11.99,westside
NET WT 32 OZ,12.99,westside
32 OZ,12.99,westside
32 FL OZ,5.99,westside
24.3 FL OZ,5.99,westside
502 OZ,3.00,westside
15.2 FL OZ,5.99,westside
3.2 OZ,4.49,westside
18.5 OZ,4.99,westside
25.4 FL OZ,8.39,westside
10 oz,3.50,westside
32 FL OZ,7.99,westside
48 FL OZ,9.99,westside
6 OZ,7.29,westside
48 FL OZ,7.79,westside
9 OZ,3.99,westside
16 OZ,6.29,westside
4.5 OZ,2.69,westside
16 OZ,9.59,westside
10 OZ,5.99,westside
16 FL OZ,4.79,westside
16 OZ,5.29,westside
12 FL OZ,7.99,westside
4 OZ,5.99,westside
14 OZ,13.99,westside
40 FL OZ,9.29,westside
9.47 FL OZ,3.99,westside
NET WT 6OZ,4.39,westside
NET WT 8OZ,6.99,westside
15.2 OZ,5.79,westside
57.48 OZ,7.49,westside
5 OZ,6.99,westside
12 OZ,6.99,westside
8 OZ,5.39,westside
2 FL OZ,5.99,westside
48 FL OZ,8.39,westside
7.05 OZ,8.99,westside
16 OZ,23.99,westside
10 OZ,6.39,westside
14 oz,13.99,westside
16 fl oz,8.99,westside
10.7 OZ,7.59,westside
32 FL OZ,6.69,westside
7 OZ,7.49,westside
32 OZ,8.49,westside
64 FL OZ,6.49,westside
1 CT,5.99,westside
12 FL OZ,2.99,westside
10 OZ,3.50,westside
Sparkling Natural Mineral Water,1.79,westside
Natural Spring Water,2.50,westside
NATURAL SPRING WATER,2.99,westside
NATURAL SPRING WATER,1.25,westside
Sparkling Spring Water,2.50,westside
NATURAL SPRING WATER 24PK,6.99,westside
Sparkling Natural Spring Water,3.00,westside
Natural Spring Water Sport,1.29,westside
Distilled Water,2.99,westside
Lemon-Lime,3.99,westside
Natural Spring Water,6.99,westside
100% Pure Apple Juice,2.99,westside
NATURAL SPRING WATER,2.00,westside
Lemon Zero Sugar,3.99,westside
100% Natural Spring Water 12 Pack,3.99,westside
SPRING WATERSPORT TOP,4.99,westside
Natural Spring Water,1.79,westside
100% Original Apple Juice,6.99,westside
Orange Zero Sugar,3.99,westside
Lime Sparkling Water,1.79,westside
JUICE SPARKLING APPLE PEAR,6.59,westside
Sparkling Grapefruit Water,9.99,westside
Grape Gatorade Drink,3.99,westside
Original Seltzer Water,1.99,westside
Natural Spring Water,0.69,westside
Cranberry Juice Cocktail,6.99,westside
Zero Glacier Freeze,3.99,westside
Zero Cool Blue,3.99,westside
Lemon Sparkling Water,1.79,westside
Lemon Ginger Sparkling,1.79,westside
Sparkling Water Pure 12 Pk,9.99,westside
Seltzer Lemon Lime,1.99,westside
Natural Mineral Water,36.00,westside
GINGER BEER BOTTLES,7.99,westside
Grape Zero Sugar Thirst Quencher,3.99,westside
Key Lime Sparkling Water,9.99,westside
100% Juice 100% Pineapple Juice,5.79,westside
Fierce Thirst Quencher Grape,3.99,westside
Tonic Water Premium Indian,7.99,westside
Cranberry Juice Cocktail With Calcium,6.99,westside
Sprklng Water Mand Orange,1.79,westside
100% Juice Cranberry,7.99,westside
Orange Mango Sparkling Water,1.79,westside
Cran-Grape Juice Drink,6.49,westside
Vintage Seltzer Case,13.99,westside
Deer Park 100% Natural Spring Water,2.99,westside
ISLAND PUNCH SPARKLING WATER,9.99,westside
BRANDS OF BRITAIN GINGER BEER,7.99,westside
Glacier Cherry Zero Sugar,3.99,westside
Frost Glacier Cherry,3.99,westside
Spindrift 8pk Grapeade Sparkling Water,9.99,westside
Juice Sparkling Blush,6.59,westside
San Sparkling Beverage Aranciata,9.99,westside
Lime Sparkling Water 12Pk,9.99,westside
White Cranberry Juice Drink,6.99,westside
Sparkling Water Tangerine,9.99,westside
Light Cranberry Juice Drink,6.99,westside
100% NATURAL APPLE JUICE,5.59,westside
Sparkling Water Triple Berry Bottle,1.79,westside
Premium Natural Mixers Naturally Light Tonic Water,7.99,westside
Passionfruit Sparkling Water,9.99,westside
Hibiscus Sparkling Water,9.99,westside
Watermelon Sparkling Wate,9.99,westside
100% Natural Cranberry Juice,6.99,westside
100% White Grape Juice,8.69,westside
MARTININELLI'S APPLE JUICE,7.59,westside
Orange Sparkling,9.99,westside
Fever Tree Sparkling Pink Grapefruit,2.19,westside
100% APPLE JUICE BOXES 8 PACK,6.29,westside
Diet Cranberry Cherry Juice Drink,6.49,westside
Juice Drink Cranberry Raspberry,6.99,westside
Sparkling Water Coconut,9.99,westside
Peach Pear Sparkling Water Can,9.99,westside
Cranberry Apple Juice Drink,6.99,westside
Organic 100% Apple Juice,6.99,westside
Blood Orange Ginger Beer,7.99,westside
Zero Fruit Punch,3.99,westside
100% Natural Spring Water,6.99,westside
Sparkling Water - Mango Cans,9.99,westside
Fever-Tree Soda Pink Grapefruit,7.99,westside
Diet Cran-Pineapple Juice Drink,6.99,westside
100% JUICE RUBY RED,7.69,westside
Spraking Water Beach Plum,9.99,westside
Spring Water,0.79,westside
BLUE CHEERRY FIERCE,3.99,westside
Sanpellegrino Aranciata Rossa Ca,9.99,westside
Sparkling Water - Apricot,9.99,westside
FRUIT PUNCH 8 PACK,6.99,westside
Guava Sao Paulo Sparkling Water,9.99,westside
MOJITO SPARKLING WATER,9.99,westside
Diet Cranberry Juice Drink,8.99,westside
Sparkling Bev Melgrno & Arncia,9.99,westside
Sanpellegrino Limonata Cans,9.99,westside
Fever Tree Premium Ginger Ale,2.19,westside
Ginger Ale Premium,7.99,westside
Brands Of Britain Club Soda,3.99,westside
100% Natural Apple Juice,5.59,westside
ORGANIC APPLE JUICE,15.69,westside
Gatorade Zero Sugar,3.99,westside
Zero Berry Sports Drink,3.99,westside
Light Tonic Water,2.19,westside
Fever Tree Naturally Light Ginger Beer,1.99,westside
Sparkling Lime Yuzu,7.99,westside
100% Juice Pineapple,5.79,westside
LACROIX SPARKLING WATER - CRAN-RASPBERRY,0.99,westside
100% Grape Juice Red Grape,8.69,westside
Mucho Mango Fruit Juice Cocktail,4.99,westside
Watermelon Juice Cocktail,5.39,westside
UNFILTERED APPLE JUICE,7.29,westside
DOMESTIC PARMESAN,10.97,westside
PARMIGIANO REGGIANO 4 YRS,21.97,westside
SHREDDED PARMESAN CHEESE,10.97,westside
AMISH CLASSIC MUENSTER CHEESE,5.97,westside
DOUBLE CREAM GOUDA,8.97,westside
NY MCCDAM SHARP CHEDDER,7.97,westside
GRAFTON EXTRA SHARP CHEDDAR,8.97,westside
FRENCH COMTE GRUYERE CHEESE,14.97,westside
GRATED PARMESAN IMPORTED FROM ITALY,12.97,westside
GOURNAY CHEESE HERB GA,5.97,westside
TOUR DE MARZE BRIE,9.97,westside
BULGARIAN FETA,8.97,westside
PRESIDENT BRIE 60% DOUBLE CREAM,9.97,westside
RED GOUDA (HOLLAND),8.97,westside
SWISS GRUYERE,15.97,westside
NEW YORK MEDIUM CHEDDAR,8.97,westside
GRATED DOMESTIC PARMESAN,11.97,westside
PARMIGIANO REGGIANO AGED 3 YEARS,20.97,westside
CRUMBLED FETA CHEESE,6.47,westside
PECORINO ROMANO,14.97,westside
MAASDAM JARLESBERG,8.97,westside
QUESO OAXACA STRING CHEESE,8.97,westside
CREME FRAICHE,6.79,westside
SHAVED IMPORTED PARMESAN,10.97,westside
NEW ZEALAND EXTRA SHARP CHEDDAR,9.97,westside
WISCONSIN EXTRA SHARP CHEDDAR,9.97,westside
HOLLAND GOUDA LOW FAT LOW SODIUM,8.97,westside
DOMESTIC FETA CHEESE,8.97,westside
ITALIAN GRANA PADANO,10.97,westside
PEPPER JACK,7.97,westside
McCADAM NEW YORK EXTRA SHARP CHEDDAR CHEESE,10.97,westside
JARLSBERG,14.97,westside
MEXICAN BLEND CHEESES SHREDDED,6.99,westside
MANCHEGO AGED 1 YEAR,12.97,westside
CAMBOZOLA TRIPLE CREAM,9.97,westside
UNSALTED MOZZARELLA,8.97,westside
VERITABLE CHAUMES,9.97,westside
SPANISH MAHON AGED 3 MONTHS,11.97,westside
CABOT VERMONT EXTRA-SHARP CHEDDAR CHEESE,12.97,westside
MUENSTER CHEESE U.S.A,7.97,westside
FRENCH EMMENTAL CHEESE,7.97,westside
GOAT CHEESE,12.97,westside
HALLOUMI CHEESE,9.97,westside
CABOT VERMONT HABANERO JACK,7.97,westside
DOMESTIC SWISS,7.97,westside
GOAT MILK CHEESE,7.97,westside
GRATED PARMIGIANO REGGIANO,18.97,westside
HUNGARIAN DOUBLE CREME FETA,8.97,westside
BASIL & CHIVE,8.47,westside
MOZZARELLA WITH M,7.97,westside
SLICED FRESH MOZZARELLA,9.79,westside
SLICED DOMESTIC SWISS CHEESE,8.97,westside
CREAMERY MASCARPONE,7.99,westside
FRESH WHITE CHEESE FOR FRYING,6.39,westside
GOURNAY CHEESE CHIVE G,8.47,westside
SLICED FRENCH EMMENTAL SWISS,8.97,westside
PRIMA DONNA XTRA AGED,9.97,westside
BURRATA,9.97,westside
TRADITIONAL FETA CHEESE CHUNK,8.99,westside
ORGANIC SHREDDED SHARP CHEDDAR CHEESE,6.99,westside
FRESH GOAT CHEESE,6.97,westside
SHRD PARMESAN KOSHER,3.99,westside
FRESH WHITE CHEESE,6.39,westside
PAPOUIS HALLOUMI CHEESE,9.97,westside
BURRATA CHEESE CON PANNA,10.97,westside
SHREDDED MILD CHEDDAR CHEESE,7.97,westside
CHEESE PANEER,11.97,westside
MUENSTER SLICED,5.99,westside
MOZZARELLA SLICED,5.99,westside
FRESH MOZZARELLA PEARLS CUP,3.97,westside
BUFALA FRESCA FRESH BUFFALO MO,10.97,westside
KOSHER SLICED PEPPER JACK CHEESE,5.99,westside
SUPREME BRIE CHEESE,19.97,westside
EXTRA SHARP PROVOLONE,14.97,westside
JARLSBERG LITE,14.97,westside
SLICED ALPINE LACE SWISS,14.97,westside
MOZZARELLA & CHEDDAR SHREDDED,5.99,westside
MINI CROCCANTINI BLACK PEPPER,6.47,westside
MINI CROCCANTINI ORIGINAL,6.97,westside
CACIQUE CREMA MEXICANA,6.19,westside
GARLIC & HERB GOAT CHEESE,12.99,westside
CAMEMBERT SOFT RIPENED CHEESE,2.50,westside
MINI CROCCANTINI ROSEMARY,6.97,westside
FRESH GOAT CHEESE HERB CHEVRE,6.97,westside
CHEESE STICKS ROMANO,5.97,westside
CRANBERRY CINNAMON,6.97,westside
HONEY GOAT CHEESE L,6.97,westside
YELLOW CHEESE KOSHER,10.18,westside
GREEK MANOURI,14.97,westside
GRAND NOIR BLUE CHEESE,9.97,westside
RAINCOAST CRISPS,8.97,westside
CHEESE FETA GREEK,7.99,westside
WHITE CHEESE SLICES,10.18,westside
ORIGINAL FETA,14.97,westside
MINI CROCCANTINI,6.47,westside
ENGLISH CLOTTED CREAM,9.97,westside
ORGANIC FETA,13.97,westside
CHEESE STICKS MELTING,5.97,westside
PANEER LOW SODIUM,8.97,westside
FINLANDIA SWISS CHEESE,8.97,westside
FROMAGER D'AFFINOIS BREBICET,24.97,westside
PROVOLONE CHEESE KOSHER,5.99,westside
MARIA'S HOMEMADE POPCORN,6.99,westside
FROMAGER D'AFFINOIS DOUBLE CREAM BRIE,9.97,westside
PROSCIUTTO DI PARMA,2.50,westside
CRISPS BLUEBERRY ALMOND,8.97,westside
AMERICAN CHEESE SLICES,6.99,westside
AUSTRALIAN SHARP AGED 9 MONTHS,6.97,westside
TILLAMOOK SHARP CHEDDAR,7.47,westside
WESTSIDE MARKET PARTY SNACK,7.97,westside
BURRATA CHEESE CON TARTUFO,10.97,westside
MEDITERRANEAN PITA,5.99,westside
GOUDA WITH TRUFFLES,9.97,westside
SMOKED GOUDA,7.97,westside
LIONI MOZZARELA,9.97,westside
SLICED NEW YORK MILD CHEDDAR,8.97,westside
TICKLER CHEDDAR EXTRA MATURE,7.97,westside
MONTEREY JACK CHEESE,8.87,westside
ARGENTINE REGGIANITO,9.97,westside
CRANBERRY GOAT CHEESE LOG,5.99,westside
CROSTINI ITALIAN CRACKERS,4.97,westside
CHEESE FETA GREEK,13.97,westside
SMALL PEARL MOZZARELLA,7.97,westside
SHREDDED MOZZARELLA WHOLE MILK,6.97,westside
FRENCH NOTRE DAME BRIE,10.97,westside
NEW YORK  MILD CHEDDAR,7.97,westside
SWISS EMMENTAL CHEESE,7.47,westside
PARMIGIANO REGGIANO AGED 18 MONTHS,19.97,westside
SPANISH MANCHEGO 6 MONTHS,12.97,westside
SLICED NEW YORK SHARP CHEDDAR,10.97,westside
BLACK DIAMOND CHEDDAR RESERVE 1 YRS,8.97,westside
CORN TORTILLA CHIPS,4.49,westside
MANCHEGO CHEESE 16 MONTHS,14.97,westside
PESTO SAUCE,9.97,westside
ALPINE LACE MUENSTER,9.97,westside
DODONI GREEK GOAT FETA CHEESE,15.97,westside
IMPORTED PARRANO HOLAND,8.97,westside
ROQUEFORT SOCIETE,9.99,westside
WILD MUSHROOM RAVIOLI,9.97,westside
FINLANDIA MUENSTER GLUTEN & LACTOSE FREE,7.97,westside
SLICED PROVOLONE CHEESE,8.97,westside
STELLA PROVOLONE,5.97,westside
FROMAGER D'AFFINOIS,19.97,westside
GORGONZOLA DOLCE LATTE,7.97,westside
SLICED JARLSBERG LITE,15.97,westside
FLOUR TORTILLA CHIP,4.49,westside
3 PEPPER COLBY JACK CHEESE,11.99,westside
BLUE D' AUVERGNE,8.97,westside
SLICED NY EXTRA SHARP CHEDDAR,11.97,westside
BULGARIAN WHITE CHEESE,9.97,westside
GREEK ORG FETA,9.79,westside
SMOKED CHEESE SLICED,5.99,westside
MINI CROCCANTINI,6.97,westside
KOSHER GOAT CHEESE,6.97,westside
HERB GOAT CHEESE,6.97,westside
GOATS CHEESE,13.97,westside
CHEESE TORTELLINI,6.97,westside
FRESH MOZZARELLA CHEESE,13.97,westside
SHREDDED VEGAN MOZZARELLA,8.99,westside
BUCHERONDIN DE SOIGNON,24.97,westside
DA VINCI MEDITERRANEAN GOAT CHEESE,9.94,westside
DANISH FONTINA,8.97,westside
RED SALMON CAVIAR CREAM CHEESE,5.99,westside
FRENCH VALBRESO FETA CHEESE,13.97,westside
CREAM OF MUSHROOOM,2.99,westside
CREAMY PEANUT BUTTER,4.69,westside
Natural Crunchy Peanut Butter,6.29,westside
Cream Crackers,3.19,westside
Premium Saltines Crackers,6.49,westside
Tuna Genova Light,4.29,westside
Sweetened Condensed Milk,5.29,westside
Cannellini Beans,3.19,westside
Cellentani Pasta,2.99,westside
Elbows Macaroni,2.99,westside
ESPRESSO DARK ROAST VACUUM-PACKED,11.99,westside
Ghiradelli Semiswt C,9.29,westside
Sweet & Salty Kettle Corn Chips,4.79,westside
Original Nutritian Shake Strawberry,3.79,westside
Black Beans,2.69,westside
Roasted Chestnuts,2.50,westside
PEANUT BUTTER CHOCOLATE CHUNK,4.99,westside
Garlic Powder,6.19,westside
Princella Sweet Potato Yams Cu,2.50,westside
Evaporated Milk,3.39,westside
Spaghetti,2.99,westside
Lentil Beans Bag,2.99,westside
CORN GOLDEN CANNED,2.29,westside
Flat Anchovies,3.69,westside
Rice Crackers Original,3.99,westside
Krasdale Pure Granulated Sugar,6.29,westside
Classico Medium Roast Ground Coffee,14.99,westside
Kit Basics Chicken S,4.99,westside
Ghirardelli 60% Cacao Bittersweet Chocolate Premium Baking Chips,9.29,westside
Small Cup Of Ice,0.50,westside
Kg Arthr Unbl Fl,5.29,westside
MHM GREEK TZATZIKI,5.99,westside
HUNGARIAN MUSHROOM SOUP,7.99,westside
DOUBLE CHEDDAR PASTA,9.99,westside
STEAMED SPINACH DUMPLINGS,8.99,westside
BAKED SALMON CAESAR SALAD,12.99,westside
SALMON SALAD,10.99,westside
GREEN PITTED CASTELVETRANO OLIVES,9.99,westside
GRILLED CHICKEN GOAT CHEESE SALAD,11.99,westside
MACARONI SALAD,7.99,westside
EGG & SCALLIONS SALAD,9.99,westside
SPINACH PIE,9.99,westside
BABY ARUGULA SALAD,7.99,westside
GRILLED CHIPOTLE CHICKEN GARDEN SALAD,11.99,westside
FRESH GUACAMOLE,7.99,westside
STEAMED SPICY PORK & VEGETABLE DUMPLINGS,8.99,westside
MILD SALSA,7.99,westside
EGG & DILL SALAD,9.99,westside
GREEN HOUSE SALAD,11.99,westside
FRESH GUACAMOLE (NEW RECIPE),7.99,westside
ROASTED MUSHROOMS,7.99,westside
CAESAR SALAD WITH GRILLED CHICKEN & TUNA,12.99,westside
ORIGINAL HUMMUS,5.99,westside
CHICKEN NUGGETS,9.99,westside
"GINGER, CARROT & ARTICHOKE SOUP",6.99,westside
GENERAL TSO CHICKEN W/ RICE & VEGETABLES,11.99,westside
SALMON & VEGGIES IN TERIYAKI SAUCE,11.99,westside
MOROCCAN STYLE LENTIL SOUP,7.99,westside
JAMAICAN HOT BEEF PATTIES,8.99,westside
TERIYAKI CHICKEN W/ RICE & VEG,11.99,westside
PASTA WITH VODKA SAUCE,9.99,westside
SPINACH PIE TWISTS,6.99,westside
LENTIL SOUP,5.99,westside
PESTO SAUCE,6.99,westside
NEW ENGLAND CLAM CHOWDER,7.99,westside
DILL PICKLE TUNA SALAD,9.99,westside
LEMON SALMON GARDEN SALAD,12.99,westside
MINI SPRING VEGETABLE ROLLS,7.99,westside
B.B.Q CHUNKY CHICKEN BREAST,9.99,westside
GREEN CASTELVETRANO IMPORTED FROM ITALY,9.99,westside
MIXED PITTED CERIGNOLIA OLIVES,7.99,westside
CHEF SALAD ( LARGE ),11.99,westside
SALMON W. SESAME SPAGHETTI TERIYAKI SAUCE,11.99,westside
STEAMED SHRIMP DUMPLINGS,8.99,westside
TABOULI SALAD,7.99,westside
TURKEY BURGERS,9.49,westside
CLASSIC LENTIL SOUP,8.99,westside
$22.99 LB PREPARED FOODS,22.99,westside
BLACK LENTIL SALAD,7.99,westside
BLACK PEPPER CHUNKY CHICKEN,9.99,westside
DELI COLE SLAW,6.99,westside
BROCCOLI RABE WITH GARLIC,6.99,westside
CLASSIC REDSKIN POTATO SALAD,6.99,westside
GRILLED CHICKEN SPINACH SALAD,11.99,westside
STEAMED CHICKEN & VEGETABLE DUMPLINGS,8.99,westside
GRILLED TOFU WITH VEGETABLES,7.99,westside
ISRAELI COUSCUS & CHICK PEA SALAD,7.99,westside
LOBSTER BISQUE,7.99,westside
GRILLED CHICKEN & DILL SALAD,9.99,westside
MIXED OLIVES,8.99,westside
SALMON W/ VEGGIES IN GINGER SAUCE,11.99,westside
STEAMED BEEF BULGOGI DUMPLINGS,8.99,westside
WHITE BEAN & ESCAROLE SOUP (GF),6.99,westside
EGG SALAD,9.99,westside
CLASSIC COLE SLAW,6.99,westside
WALDORF GRILLED CHICKEN SALAD,9.99,westside
MINI SPINACH ROLLS,8.99,westside
BROCCOLI & CHEESE SOUP,7.99,westside
CHICKEN EGG ROLL,7.99,westside
MANHATTAN CLAM CHOWDER SOUP,7.99,westside
VEGETABLE SOUP,5.99,westside
MARINATED MIXED OLIVES,8.99,westside
VEGETARIAN SPLIT PEA SOUP,5.49,westside
POPCORN CHICKEN,8.99,westside
POTATO & EGG SALAD,7.99,westside
CAESAR SALAD WITH EGGS ( LARGE),11.99,westside
GRILLED OCTOPUS GARDEN SALAD,12.99,westside
ROASTED EGGPLANT,7.99,westside
PORK EGG ROLL,7.99,westside
BREADED SHRIMP,8.99,westside
MEDITERRANEAN TUNA SALAD,9.99,westside
STEAMED VEGETABLE POTSTICKERS,8.99,westside
HOMESTYLE TURKEY CHILI SOUP,7.99,westside
MATZO BALL SOUP,9.99,westside
TUNA PASTA SALAD,7.99,westside
JAMAICAN CHICKEN PATTIES,6.99,westside
POTATO & BUTTERNUT SQUASH,7.99,westside
$19.99 LB PREPARED FOODS,19.99,westside
CURRY CHICKEN SALAD,9.99,westside
SPAGHETTI MARINARA,9.99,westside
PHILLY CHEESESTEAK,9.99,westside
POTATO PEA SAMOSAS,8.99,westside
GENERAL TSO'S POPCORN CHICKEN,8.99,westside
MATZO BALL SOUP,6.99,westside
TURKEY CHIILI BOWL,10.99,westside
BEEF BARLEY & VEGETABLE SOUP,6.99,westside
CHICKEN TORTILLA SOUP,6.99,westside
MEDITERRANEAN MIXED OLIVES,8.99,westside
SHRIMP TACO GARDEN SALAD,12.99,westside
KALAMATA JUMBO OLIVES,8.99,westside
VEGETABLE SOUP,8.99,westside
STEAMED SHRIMP GARDEN SALAD,12.99,westside
GARDEN SALAD,11.99,westside
PESTO TOFU SALAD,7.99,westside
STEAMED MINI CHICKEN & CILANTRO WONTONS,8.99,westside
HOT SALSA,7.99,westside
MOROCCO PITTED OIL CURED OLIVES,8.99,westside
TERIYAKI POPCORN CHICKEN,8.99,westside
BBQ GRILLED CHICKEN BREAST,10.99,westside
MIXED CERIGNOLIA OLIVES,9.99,westside
SMALL GOAT CHEESE & BERRIES SALAD,7.99,westside
CLASSIC MINESTRONE SOUP,7.99,westside
BUFFALO POPCORN CHICKEN,8.99,westside
GRILLED CHICKEN & GOLDEN RAISINS SALAD,11.99,westside
DILL SHRIMP SALAD,9.99,westside
BEETS SALAD,5.99,westside
HONEY DIJON CHICKEN SALAD,9.99,westside
ITALIAN STYLE MEATBALL WEDDING SOUP,6.99,westside
BLACK PITTED OLIVES,7.49,westside
CURRY CHICKEN SUPREME,9.99,westside
ORGANIC PITTED KALAMATA OLIVES,7.49,westside
NEW ENGLAND CLAM CHOWDER,6.99,westside
CRACKED PEPPER SHRIMP SALAD,9.99,westside
KALE QUINOA APRICOT BOWL,11.99,westside
STRING BEANS ALMONDINE,7.99,westside
STEAMED ROASTED PORK BUN,7.99,westside
BOOM BURGER GRAB & GO,7.49,westside
CLASSIC BLACK BEAN SOUP,6.99,westside
SLICED KALAMATA OLIVES,8.99,westside
LEMON PEPPER HUMMUS,5.99,westside
TOMATO BASIL SOUP,6.99,westside
BOOM CHICKEN SANDWICH GRAB & GO,6.99,westside
BIG JOHN GRAB & GO BURGER,6.99,westside
WHOLE WHEAT PASTA WITH VODKA SAUCE,7.99,westside
LARGE HOT SOUP,8.99,westside
STEAMED CHICKEN & LEMONGRASS DUMPLINGS,8.99,westside
SMALL HOT SOUP,5.99,westside
BREAKFAST PLATTER SPECIAL,7.99,westside
GRILLED CHICKEN,10.99,westside
GRILLED SALMON WITH MIXED VEGETABLES,11.99,westside
GRILLED SALMON WITH NOODLES,11.99,westside
STEAMED B.B.Q PORK BUN,7.99,westside
BBQ CHICKEN WINGS,9.99,westside
BABAGANOUSH HUMMUS,4.99,westside
BUFFALO CHICKEN WINGS,9.99,westside
CHICKEN STRIPS,9.99,westside
MASHED POTATOES,7.99,westside
TUNA PASTA,9.99,westside
SPINACH & FETA SALAD,6.49,westside
PASTA WITH GRILLED SALMON,9.99,westside
TUNA SALMON POKE WITH RICE,11.99,westside
GENERAL TSO'S CHICKEN BREAST CHUNKS,9.99,westside
ROASTED ARTICHOKES & BAKED TOFU,7.99,westside
TERIYAKI CHUNKY CHICKEN BREAST,9.99,westside
ORGANIC CASTELVETRANO OLIVES,7.99,westside
TUSCAN WHITE BEAN & SPINACH SOUP,6.99,westside
STEAMED CHA SIU BBQ PORK BUNS,8.99,westside
VEGGIE BURGERS,9.49,westside
GRILLED CHIPOTLE CHICKEN CAESAR SALAD,11.99,westside
PASTA BOLOGNESE,9.99,westside
MARINATED PITTED MIXED OLIVES,8.99,westside
CHICKEN POT PIE,8.99,westside
SHREDDED CHICKEN & DILL SALAD,9.99,westside
ORGANIC GREEN PITTED CASTELVETRANO OLIVES,9.99,westside
SESAME SPAGHETTI WITH SHRIMP,11.99,westside
THREE BEAN SALAD,7.99,westside
LOW FAT CHICKEN SALAD,9.99,westside
MEATBALLS PARMESAN WITH SPAGHETTI,11.99,westside
BOOM BURGER,7.49,westside
CHICKEN & VEGETABLE LO-MEIN NOODLE BOWL,11.99,westside
SALMON WITH VEGGIES IN KOREAN BBQ SAUCE,11.99,westside
CHUNKY PEANUT BUTTER,3.99,westside
HOMESTYLE COLE SLAW LOW FAT,6.99,westside
ROASTED CHICKPEAS WITH ARTICHOKES,7.99,westside
CHICKEN PARMESAN WITH PASTA MARINARA,11.99,westside
PITTED SUPERIOR OLIVES,7.99,westside
SPICY CHICK PEA & LEMON ORZO SOUP,6.99,westside
STEAMED BROCCOLI,6.99,westside
STEAMED SHRIMP & BROCCOLI DUMPLINGS,8.99,westside
FOUR BEAN SALAD,7.99,westside
ROASTED CHICK PEAS,7.99,westside
STEAMED HAR GOW JUMBO SHRIMP,9.99,westside
SESAME SPAGHETTI WITH GRILLED CHICKEN,11.99,westside
KALE CHICKPEA QUINOA SALAD,7.99,westside
TUNA & KALE SALAD,9.99,westside
BEEF MEATLOAF & MASHED POTATOES,11.99,westside
CHEESE BLINTZES,6.49,westside
FARRO WITH CRANBERRIES & FETA SALAD,7.99,westside
MEXICAN CORN SALAD,6.99,westside
CURRY TOFU SALAD,7.99,westside
VINE LEAVES STUFFED W/ RICE,7.99,westside
GRILLED CHICKEN IN LEMON SAUCE,10.99,westside
BEEF FRIED RICE,11.99,westside
GRILLED TUNA WITH VEGETABLES,11.99,westside
HEALTHY CHICKEN SALAD,9.99,westside
BALSAMIC CHICKEN SALAD,8.99,westside
"COUCOUS,FETA & SPINACH SALAD",7.99,westside
MARIA'S HOMEMADE BROCCOLI CHEESE QUICHE,8.99,westside
FRESH ROASTED TURKEY WHITE MEAT,13.99,westside
"QUINOA,KALE & CRANBERRY SALAD",7.99,westside
ROASTED RED PEPPER HUMMUS,5.99,westside
ROASTED CHICKPEAS WITH EGGPLANT,7.99,westside
COUSCUS CRNBERRY & WALNUT SALAD,7.99,westside
ROASTED ARTICHOKE & ROASTED RED PEPPER,7.99,westside
HEALTHY TUNA SALAD WITH HUMMUS,9.99,westside
SEAWEED BOWL,9.99,westside
SPAGHETTI WITH GARLIC SAUCE,9.99,westside
SPLIT PEA SOUP WITH UNCURED HAM,6.99,westside
MARIA'S HOMEMADE 3 CHEESE SPINACH QUICHE,8.99,westside
THAI CHICKEN SOUP WITH RED CURRY,6.99,westside
QUINOA SWEET POTATO CHILI & BLACK BEANS SOUP,6.99,westside
COUSCOUS & SPINACH SALAD,7.99,westside
3 CHEESE MUSHROOM QUICHE,8.99,westside
LOADED POTATO SOUP WITH UNCURED BACON,6.99,westside
TUNA SALMON POKE GARDEN SALAD,9.99,westside
CHICKEN SAUSAGE JAMBALAYA SOUP,6.99,westside
CHOPPED SUNDRIED TOMATOES,5.99,westside
EDAMAME SALAD,6.99,westside
BEYOND MEAT BIG JOHN VEGAN BURGER,7.49,westside
CORN SALAD,6.99,westside
CRANBERRY APRICOT CHICKEN SALAD,9.99,westside
SAUTEED COLLARD GREENS,6.99,westside
MULLIGATAWNY SOUP,7.99,westside
SHRIMP SALAD,9.99,westside
HOMESTYLE POTATO SALAD,6.99,westside
ALFONSO OLIVES,7.49,westside
BUTTERNUT SQUASH & APPLE SOUP,6.99,westside
FALAFEL PITA & HUMMUS SNACKS,5.99,westside
3 CHEESE ASPARAGUS QUICHE,8.99,westside
VINEGAR AND OIL COLE SLAW,6.99,westside
PASTA W. ALFREDO SAUCE,9.99,westside
PASTA FRADIABLO,9.99,westside
BUFFALO GRILLED CHICKEN STRIPS,10.99,westside
SHRIMP TEMPURA,8.99,westside
SMOKEY CHICKEN SALAD,8.99,westside
GRILLED TUNA WITH NOODLES,11.99,westside
SHRIMP GARDEN SALAD,12.99,westside
EDAMAME & SPINACH SALAD,7.99,westside
GRILLED CHICKEN TERIYAKI SAUCE,10.99,westside
CREAM CHEESE & CHIVES SPREAD,5.99,westside
SUNDRIED TOMATO TAPENADE,5.99,westside
SWEEDISH MEATBALLS W/ BROWN GRAVY,9.99,westside
SHRIMP GARDEN SALAD,9.99,westside
BABY ARUGULA & FETA SALAD,11.99,westside
FLOUNDER FILLETS,10.99,westside
GOAT CHEESE & HERBS SPREAD,5.99,westside
BUTTERNUT SQUASH WITH KALE,7.99,westside
MOZZARELLA STICKS,8.99,westside
KALE BUTTERNUT SQUASH QUINOA HEALTH CUP,8.99,westside
MINI CHICKEN TACOS,6.99,westside
CHOPPED CHICKEN LIVER,5.99,westside
MEATBALLS MARINARA,9.99,westside
ISRAELI COUSCOUS WITH CRANBERRIES & WALNUTS,7.99,westside
SLICED BLACK OLIVES,7.49,westside
STEAMED CHICKEN DUMPLINGS,8.99,westside
TURKEY CHILI & SPAGHETTI BOWL,10.99,westside
PASTA W/ RICOTTA MARINARA SAUCE,9.99,westside
ROASTED ARTICHOKE DIP,4.99,westside
TUNA WASABI POKE GARDEN SALAD,9.99,westside
TUNA POKE WITH RICE,11.99,westside
SPAGHETTI & MEATBALLS MARINARA HOMEMADE,9.99,westside
KRAB MEAT SALAD,7.99,westside
MASHED SWEET POTATO,7.99,westside
PORTABELLA MUSHROOMS GARLIC SAUCE,9.99,westside
PESTO CHICKEN SALAD,9.99,westside
THREE LENTIL CHILI SOUP,6.99,westside
MARINATED MEDITERRANEAN SPICY MIX PITTED OLIVES,8.99,westside
SWEET CHILI GRILLED CHICKEN BREAST,10.99,westside
BBQ TURKEY BURGERS,9.49,westside
BLACK PEPPER POPCORN CHICKEN,8.99,westside
MIX CERIGNOLIA OLIVES,9.99,westside
GARLIC HUMMUS,5.99,westside
16 OZ,9.99,westside
16 OZ,11.99,westside
11 oz,9.99,westside
11 OZ,9.99,westside
12 OZ,9.99,westside
CORN CHOWDER SOUP,6.99,westside
PARMESAN GARLIC GRILLED CHICKEN,9.99,westside
WHOLE WHEAT PASTA W/ TOMATO AND ARUGULA,9.99,westside
LOBSTER BISQUE,6.99,westside
MINESTRONE SOUP,5.99,westside
GOAT CHEESE SPREAD & SUNDRIED TOMATO,5.99,westside
SLICED GREEN OLIVES,7.49,westside
MILD JAMAICAN BEEF PATTIES,6.99,westside
PASTA W. GARLIC,9.99,westside
GRILLED SALMON,21.99,westside
BALSAMIC ROASTED MUSHROOMS,7.99,westside
MARINATED PITTED SPICY MIXED OLIVES,8.99,westside
MASHED SWEET POTATO,8.99,westside
STEAMED KIMCHI DUMPLINGS,8.99,westside
MANGO PINEAPPLE SALSA,4.99,westside
KALE LENTIL & QUINOA SOUP,6.99,westside
TUNA SPICE POKE GARDEN SALAD,9.99,westside
FETA CHEESE & HERBS SPREAD,5.99,westside
BEET & PEACH SALAD,6.99,westside
BEET & PEAR SALAD,6.99,westside
SPICY MOROCCO OLIVES,8.99,westside
ITALIAN STYLE TUNA SALAD,8.99,westside
SCALLION HUMMUS,5.99,westside
TURKEY SALAD,9.99,westside
ROASTED BRUSSELS SPROUTS HOMEMADE,7.99,westside
ROASTED CORN,7.99,westside
GENERAL TSO'S TOFU,8.99,westside
SHRIMP PICO DE GALLO,9.99,westside
CHUNKY ALMOND PISTACHIO BUTTER,7.97,westside
SPINACH POLENTA,6.99,westside
12.5 OZ,9.99,westside
8 OZ,5.99,westside
14 oz,11.99,westside
LB,9.99,westside
9.5 OZ,8.99,westside
16 oz,6.99,westside
14 OZ,9.99,westside
EACH,7.49,westside
15 OZ.,9.99,westside
EACH,14.99,westside
EACH,7.99,westside
MARIA'S HOMEMADE,9.99,westside
WESTSIDE MARKET KITCHEN,8.99,westside
JUICE BAR @ WSM,7.99,westside
WESTSIDE BURGERS & FRIES,6.99,westside
WESTSIDE MARKET SOUPS,6.99,westside
WESTSIDE MARKET KITCHEN,6.97,westside
WESTSIDE MARKET KITCHEN,5.99,westside
MARIA'S HOMEMADE,7.99,westside
MARIA'S HOMEMADE SOUP,5.99,westside
WESTSIDE MARKET KITCHEN,9.99,westside
MARIA'S HOMEMADE,15.99,westside
MARIA'S HOMEMADE DIPS/SPREADS,4.99,westside
WESTSIDE MARKET SOUPS,7.99,westside
WESTSIDE MARKET KITCHEN,7.99,westside
MARIA'S HOMEMADE GREEN SALADS,9.99,westside
WESTSIDE BURGERS & FRIES,7.49,westside
7 OZ,7.97,westside
8 OZ,9.99,westside
16 OZ,5.99,westside
8 oz,6.99,westside
9 oz,9.99,westside
EACH,8.99,westside
ROTISSERIE CHICKEN,10.99,westside
PICO DE GALLO,5.99,westside
TUNA SALAD,9.99,westside
MARIA'S HOMEMADE RICE PUDDING,5.99,westside
$7.99 LB PREPARED FOODS,7.99,westside
GRILLED CHICKEN CAESAR SALAD,7.99,westside
GRILLED CHICKEN CAESAR SALAD,11.99,westside
GARDEN GREEN SALAD,7.99,westside
CHICKEN NOODLES SOUP,8.99,westside
CHICKEN NOODLE SOUP,5.99,westside
CHICKEN SALAD,9.99,westside
GOAT CHEESE SALAD (SMALL),7.99,westside
PITTED MEDITERRANEAN MIXED OLIVES,8.99,westside
$18.99 LB PREPARED FOODS,18.99,westside
MIXED PITTED OLIVES,8.99,westside
GUACAMOLE WITH TOMATO & ONIONS,7.99,westside
"CHICK PEA,TOMATO & FETA SALAD",7.99,westside
GREEK SALAD,7.99,westside
ROASTED BUTTERNUT SQUASH,7.99,westside
TRADITIONAL GUACAMOLE,7.99,westside
ITALIAN CHICKEN CUTLETS,9.99,westside
GREEK SALAD,11.99,westside
BUTTERNUT SQUASH SOUP,6.99,westside
MEDIUM SALSA,7.99,westside
TURKEY POT PIE,8.99,westside
PITTED KALAMATA OLIVES,8.99,westside
MARINATED MEDITERRANEAN MIXED PITTED OLIVES,8.99,westside
ROASTED VEGETABLES,9.99,westside
BUFFALO CHUNKY CHICKEN,9.99,westside
CAESAR SALAD WITH EGG (SMALL),7.99,westside
CARROT GINGER SOUP,6.99,westside
CALIFORNIA ROLL,8.99,westside
BROWN RICE SALMON AVOCADO ROLL,9.75,westside
AVOCADO ROLL,8.49,westside
AVOCADO CUCUMBER ROLL,8.49,westside
SPICY TUNA ROLL,9.99,westside
TUNA AVOCADO ROLL,9.99,westside
SPICY SALMON ROLL,9.99,westside
SPICY TUNA CRUNCH ROLL,9.75,westside
DANCING DRAGON ROLL,12.99,westside
BROWN RICE/QUINOA TUNA AVOCADO ROLL,10.25,westside
SALMON AVOCADO ROLL,9.99,westside
SALMON SUSHI BIG ROLL COMBO,16.99,westside
RAINBOW ROLL,12.99,westside
SPICY CRAB ROLL,8.49,westside
TUNA SALMON SUSHI & BIG ROLL COM,16.99,westside
ROLL COMBO,13.99,westside
BROWN RICE AVOCADO CUCUMBER ROLL,7.99,westside
SPICY ROLL COMBO,13.99,westside
PICKLED GINGER,4.99,westside
BROWN RICE/QUINOA SPICY SALMON ROLL,9.75,westside
SEAWEED SALAD,6.99,westside
COOKED SALMON ROLL,9.49,westside
DRAGON ROLL,12.99,westside
SASHIMI COMBO 8 PC,16.99,westside
SHRIMP TEMPURA ROLL,8.99,westside
TUNA ROLL,12.99,westside
SALMON SASHIMI 8 PC,16.99,westside
TUNA SALMON SUSHI & ROLL COMBO,15.99,westside
Nz Sanford Greenshell Mussels 2Lb,20.49,hmart
Wang Swimming Crab Cut 1.27Lb,16.49,hmart
Crd Frozen Cuttlefish 12Oz,8.49,hmart
Aqua Star Reserve Tempura Shrimp 290G,11.49,hmart
Polarbird 31-40 White Shrimp Raw  1Lb,11.29,hmart
Polarbird 41-50 White Shrimp Raw  1Lb,10.29,hmart
Polarbird Frozen Cooked Mussel Meat 2Lb,10.29,hmart
Pacific Treasura White Shrimp 16-20 2Lb,23.99,hmart
Pulmuone Grilled Spanish Mackerel 2.8Oz,9.49,hmart
Oyster Bay Imation Crab Meat 16Oz,7.79,hmart
Kimura Imation Crab Meat  1.1Lb,7.99,hmart
Kibun Fantasea Kanikama17.63Oz,8.49,hmart
Wang Roasted Peeled Chestnut 2.82Oz,3.99,hmart
Wang Org Rstd Peeled Chestnut 80G,4.99,hmart
Wang Roasted Chestnut 150G,6.79,hmart
Bamtrae Rstd And Peeled Chestnut 80G,5.49,hmart
Gh Roasted Chestnut 4.23Oz,6.79,hmart
W.Chuan Org Chestnut Peeled 5.3Oz,4.79,hmart
Yegan Roasted Chesnut 120G,10.29,hmart
A.Taste Org Rstd Chestnuts 5.29Oz,4.49,hmart
A.Taste Roasted Chestnuts 3.52Oz,2.49,hmart
Toms Black Sesame Almond 6.70Oz,10.49,hmart
Hbaf Green Latte Almond Crunch 6Oz,11.79,hmart
Hbaf Coffee Biscut Almond 6.7Oz,11.79,hmart
Hbaf Hazelnut Almond 5.99Oz,13.79,hmart
Hbaf Cookie & Strawberry Almond 6.7Oz,11.79,hmart
Crd Roasted Black Sesame 4oz,4.99,hmart
Soup Gohan Soondubo Jjigae Style  2.6Oz,4.99,hmart
S.Gohan Crab Hot Pot Rice Porridge 2.4Oz,4.99,hmart
Haio Roasted Black Sesame Seed 8Oz,9.79,hmart
Aroy-D Frozen Durian Sticky Rice 180Oz,9.99,hmart
Pulmuone Frozen Persimmon 8.5Oz,8.79,hmart
Cj Bibigo Sweet Pumpkin Porridge 267G,6.79,hmart
"Tuna, Salmon, Sashimi",17.99,hmart
Soup Gohan Ripe Tomato Soup Risotto2.6Oz,5.29,hmart
S.Gohan Chicken Salt Rice Porridge 2.5Oz,5.29,hmart
Soup De Gohan 3Type Cheese Rizotto 2.6Oz,5.29,hmart
Cj Bibigo Rice Porride Abalone 280G,7.49,hmart
Dw Bibimedbap Stone Pot Cup  9.57Oz,6.49,hmart
Otg Tuna Porridge 285G,7.49,hmart
Maeda Kirari Mochimugi Gohan 6.35Oz,5.49,hmart
Maeda Mochimugi Sekihan  5.29Oz,5.49,hmart
Otg Cooked Rice 6/210G,20.49,hmart
Rau Nature Cooked Brown Rice 7.4Oz,2.99,hmart
Cooked Sticky Black Rice 210G,3.49,hmart
Dw Cooked Brown Rice 3/210G,10.29,hmart
Cj Konjac Rice W/ Oat & Black Rice 150G,5.49,hmart
Bbgy Fermented Lentil Rice Bowl 5.29Oz,3.29,hmart
Bbgy Fermented Brown Rice Bowl 5.29Oz,3.99,hmart
Sunshine 100 Cooked White Rice 7.4Oz,2.99,hmart
Otg Cooked Rice 3/210G,10.99,hmart
Otg Cooked Black Rice 3/210G,16.49,hmart
Otg Cooked Brown Rice 3/210G,16.49,hmart
Crd Pressed Barley 2Lb,7.49,hmart
Sam Su Gab San Rice 15Lb,32.99,hmart
Botan Rice Calrosa 15Lb,20.99,hmart
Koshihikari Premium Short Grain 15Lbs,47.99,hmart
Tamaki Haiga Short Grain Rice 3/5Lb 15Lb,61.99,hmart
Nishiki Quick Cooking Brown Rice 15Lb,46.99,hmart
Tamaki Gold Rice 15Lb,56.99,hmart
Kokuho Rose Rice 15Lb,38.99,hmart
Carolina Basmati Rice 5Lb,18.99,hmart
Hyakushoichiba Ubara Rice 11Lb,37.99,hmart
Akita Ogata Akitakomachi 11Lb,40.49,hmart
Hokkaido Yumepirika Rice 2Kg,20.99,hmart
Namyang Small Black Soybean 15.87Oz,18.99,hmart
Namyang Glutinous Millet Rice 15.87Oz,18.99,hmart
Namyang Chick Peas 1.1Lb,6.49,hmart
Sura Oat 32Oz,8.99,hmart
Ng Mexed 9 Grains Hulledt Wheat Rice 2Kg,13.99,hmart
Choripdong Black Rice Riz Noir 8Lb,38.49,hmart
Beans Whole Grain Brown Rice 2Lb,8.49,hmart
Yamatane Kome Akita Akitakomachi 4.4Lb,39.49,hmart
Hd Haongchon Rice 2.2Lb,6.49,hmart
Happy Mons Mixed 5 Grains Brown Rice400G,7.49,hmart
Happy Mons Mixed 8 Grains Brown Rice450G,7.49,hmart
Kokuho Rice Original Rice 4.4Lb,10.99,hmart
Ograin Oat Rice 3.5Lb,10.49,hmart
Nishiki Premium Brown Rice 5Lb,12.99,hmart
Botan Rice Calrose-Musenmai 5Lb,9.49,hmart
Haru Haru Brown Sweet Rice 4.4Lb,9.99,hmart
Haruharu Brown & Brown Sweet Rice 4.4Lb,11.99,hmart
Crd Dried Shitake Mushroom 8Oz,15.29,hmart
Sawat-D Jasmine Brown Rice 2.20lb,12.49,hmart
Nishiki Organic Premiun Sushi Rice 2lb,7.49,hmart
Tokai Red Pepper 0.53oz,4.29,hmart
Crd Dried Balloon Flower 8Oz,15.79,hmart
Doo Me San Dried Radish 150G,8.29,hmart
Doo Me San Dried Shiitake Sliced 100G,9.79,hmart
Wei Chuan Shiitake Mushroom 3.5Oz,8.49,hmart
Wei C.Sliced King Oyster Mushroom 3.5Oz,8.49,hmart
"Oishii Koyo Berry Strawberry 20pcs , 4Oz",17.49,hmart
Kirin Koiwai Junsui Mikan 1.5L,8.99,hmart
Itoen Oi Ocha Matcha Green Tea 500Ml,4.79,hmart
Itoen Koicha Unswtnd Tea 500ml,3.99,hmart
Canada Dry Lemon Lime Sparkling 20Oz,2.99,hmart
Sprite Sprite + Tea 20Oz,3.49,hmart
Sprite Zero Sugar Lemon-Lime 20Oz,3.49,hmart
Cocoxim Oranic Cocunut Water 16.9Oz,3.99,hmart
Saratoga Sparkling Water Glass 28Oz,4.99,hmart
Maison Perrier Sparkling Water Ultimate 11.15oz,2.99,hmart
Muszyniank Mineral Water Carbonated700Ml,4.29,hmart
Glaceau Smart Water 1L,3.99,hmart
Smart Water Alkaline 9.5+Ph 1.5L,4.29,hmart
Poland Spring Sparkling Water Orange 1L,2.99,hmart
Poland Spring Sparkling Red Grapefruit1L,2.99,hmart
Canada Dry Club Soda 1L,3.99,hmart
Canada Dry Original Seltzer 1L,3.99,hmart
Canada Dry Ginger Ale 1L,3.99,hmart
Itoen Oi Ocha Hojicha Unsweetened 500Ml,3.99,hmart
Inabaen Kuro Ooling Cha 500Ml,4.29,hmart
Poland Spring Bubbles Sparkling Water 1L,2.99,hmart
Coca Cola Zero Sugar 2L,5.29,hmart
Itoen Tea Rose Green Tea 16.9Oz 1N/A,3.99,hmart
Itoen Oi Ocha Matcha Genmaicha 2L,9.49,hmart
Itoen Golden Oolong Tea 2L,9.49,hmart
Fremo Aloe Vera Kiwi 1.5L,4.29,hmart
Calpis Calpico Strawberry 1.5L,10.49,hmart
The Lucky Ox Vietnamese Lemonade 12Oz,5.29,hmart
The Lucky Matcha Lemonade Sparkler 12Oz,5.29,hmart
Vitaminwater Zero Sugar Pineapple20Oz,3.79,hmart
Vitamin Water Power C Dragonfruit 20Oz,3.79,hmart
Vitaminwater Energy Tropical Citrus 20Oz,3.79,hmart
Gf Sprk Water Lychee Fizzy 16.2Oz,3.99,hmart
Yogovera Coconut 500Ml,3.29,hmart
Ksf Ice Black Tea 500Ml,2.99,hmart
Santabremor Salmon Caviari Imitation230G,7.79,hmart
Santa Bremor Sturgeon Caviari 8.11Oz,7.79,hmart
Sh  Xin Jiang Jujube 35.2Oz,12.99,hmart
Alya Organic Pitted Dates 7Oz,3.79,hmart
Alya Org Pitted Dates 24Oz,10.99,hmart
Clover Top Fresh Sweet Tamarindo 1Lb,7.99,hmart
Clover Sweet Tamarindo 1Lb,7.99,hmart
Worlds Best Sweet Tamarind 1Lb,7.79,hmart
Sunmaid California Golden Raisins 12Oz,6.99,hmart
Sunmaid Raisins 12Oz,5.99,hmart
Sunmaid Raisins 6/1Oz,3.99,hmart
Sunmaid Golden Raisins 6/1Oz,4.99,hmart
"Tamarin Puree, Thailand",3.99,hmart
Trunas Dried Sliced Chili Pepper 0.17Oz,4.99,hmart
Trunas Dried Minced Chili Pepper 0.17Oz,4.99,hmart
Mrs Cubbsn Wonton Strips 4Oz,3.99,hmart
Mrs Cubbsn Parmesan Crips 1.98Oz,4.99,hmart
Ny Bakery Cheese Garlic Croutons 5Oz,3.79,hmart
Nyb Tx Toast Garlic & Butter 5Oz,3.79,hmart
H/Farms Raw Natural Peanuts 1Lb,3.49,hmart
Rosolini Dried Apricots 7Oz,8.99,hmart
Sunsweet Philippino Mango 5Oz,8.99,hmart
Cb Cooking Tamarind Concentrate 16Oz,7.99,hmart
Nutty 100%Natu Granola Walnuts 15Oz,6.79,hmart
Nutty 100%Natu Gran French Vanilla 15Oz,7.49,hmart
Nutty 100%Natu Granola Honey 15Oz,7.49,hmart
Nutty 100%Natural Granola Raisin 15Oz,7.49,hmart
Nutty Deluxe Raw Mix 10Oz,4.99,hmart
Nutty Super Protein Mix 1oz,6.79,hmart
Nutty Pine Nuts 5Oz,16.99,hmart
Nutty Cranberries 9Oz,4.29,hmart
Nutty Deluex Trail Mix 10Oz,5.79,hmart
Nutty Energy Health Mix 9Oz,4.99,hmart
Nutty Power Health Mix 8Oz,6.79,hmart
Nutty Black Raisin 9Oz,3.49,hmart
Nutty Cranberry Health Mix 8Oz,5.49,hmart
Nutty Sesame Crunch 7Oz,5.79,hmart
Nutty Oriental Party Mix 5.5Oz,4.29,hmart
Nutty Honey Crunch 7Oz,5.79,hmart
Dr Snack Cashews Roasted Salted 8Oz,10.99,hmart
Dr Snack Cashews Roasted Unsalted  8Oz,10.99,hmart
Nutty Peanut Crunch 7Oz,5.79,hmart
Solely Organic Pineapple Rings 100G,11.79,hmart
Gome Farm Dried Mango Large Slice 8Oz,8.99,hmart
Fruit Bliss Organic Dried Apricots 5Oz,9.79,hmart
Summaid California Whole Pitted Prune7Oz,5.99,hmart
Amphora Org Soft Dried Prunes 6Oz,6.99,hmart
Amphora Org Dried Turkish Apricots 6Oz,7.29,hmart
Wei Chuan Organic Dried Goji Berry 8Oz,12.99,hmart
Sunsweet Mediterranean Apricots 6Oz,6.49,hmart
Solely Organic Dried Mango Chili 2.8Oz,11.99,hmart
Sunsweet Probiotic Prunes  6Oz,6.79,hmart
Gong He Org Ningxia Goji Berry 340G,14.49,hmart
Surasang Dried Jujube 8Oz,9.79,hmart
Crd Dried Jujube 8.8Oz,6.29,hmart
Habanerita Jamaica Sorrel 4Oz,3.99,hmart
Realemon Lemon Juice 15Oz,3.99,hmart
Chamjoheun Chopped Ginger  8Oz,6.99,hmart
Bc Burdock & Sesame Dressing 10.15Oz,9.99,hmart
Majestic Rays Sea Moss Gold Gel 16Oz,29.99,hmart
Cento Natural Clam Juice 8Oz,3.49,hmart
Enoki Mushroom Champignons 5.3oz,4.29,hmart
Beet Loose 1.2lb,1.49,hmart
Curry Leaves,4.99,hmart
Utopia Young Coconut,4.49,hmart
Brocolli 1 Bunch,4.29,hmart
D Anjou Pears 1 Each,2.99,hmart
Shanghai Tip 0.95lb,3.79,hmart
Organic Baby Bok Choy 0.95lb,4.74,hmart
Horse Radish 0.73lb,6.20,hmart
Turmeric Yellow Ginger 0.66lb,4.61,hmart
Jamaica Hot Pepper 0.32lb,3.20,hmart
Delfresco Sweet Mini Pepper 1Lb,2.99,hmart
Greenwood Fresh Sliced Mushrooms,3.29,hmart
Green Giant Fresh Celery Hearts,3.99,hmart
Sunset Cherry Tomato 12Oz,8.99,hmart
Grape Sugar Bombstomatoes 12Oz,8.29,hmart
Village Farms Campari Tomatoes 1Lb,2.99,hmart
Super Sweet Medley Tomatoes 10Oz,3.99,hmart
Village Cherry Tomatoes 10Oz,5.29,hmart
Holland Eggplant 0.94lb,4.69,hmart
Ch Bitter Melon 1.21lb,3.01,hmart
Yellow Squash 0.80lb,1.59,hmart
F/E Baby Spinach Salads 5Oz,4.99,hmart
Andy Boy Romaine Hearts 3Pc,5.49,hmart
Dole American Blend Salad 12Oz,4.99,hmart
Chinese Mustard Green 1.23lb,3.68,hmart
Chinese Cauliflower 1.19lb,4.75,hmart
AA Choy 0.92lb,2.75,hmart
Cal-Organic Kale Greens,3.49,hmart
Organic Broccoli 1 Brunch,6.49,hmart
Organic Shanghai Bok Choy Tip 0.61lb,7.31,hmart
Josie Organic Celery 1Lb,4.29,hmart
Jonathans Organic Pea Shoots 6Oz,11.49,hmart
Organic Grape Tomatoes 10Oz,5.29,hmart
Sunset Org Campari Tomatoes 12Oz,8.29,hmart
Organic Cherry Tomatoes 1Pt,5.49,hmart
"Organic Celery Hearts Pk, Usa",4.99,hmart
Taoshan Milk  Ice Cream 3Pk 7.2Oz,15.29,hmart
Josies Organic Romaine Hearts 12Oz,7.29,hmart
Organic Girl Super Spinach 5Oz,5.99,hmart
Ns Toomba Spicy&Creamy Bowl 3.73Oz,3.99,hmart
Nongshim Melon Kick Puff Snack 1.58Oz,3.29,hmart
Ns Shrimp Chip Salsa Picante 45G,3.29,hmart
Ns Shin Ramyun Red Spicy Beef 4.4Oz 1Pk,13.29,hmart
Ns Shin Gold W/ Chicken Broth 4.58Oz,3.99,hmart
Ns Green Mushroom & Fried Tofu 4.4Oz,3.99,hmart
Ns Potato Noodle Soup 3.52Oz,2.99,hmart
"Nongshim Toomba Spicy &Creamy 137g X 4Packs, 5.48g",12.29,hmart
Nongshim Toomba Spicy &Creamy 4.83Oz,3.99,hmart
Jackfruit 2.13lb,6.37,hmart
Rambutan 0.41lb,2.05,hmart
Organic Banana 2.46lb,3.49,hmart
Joes Brown Turkey Figs 8oz,7.49,hmart
Janos Yali Pears 4Pk,7.99,hmart
Yellow Dragon Fruit 0.95lb,7.59,hmart
Red Dragon Fruit 0.74lb,8.13,hmart
White Dragon Fruit 1.55lb,6.18,hmart
Little Bear Baby Watermelon 1 Each,7.99,hmart
Honeydew Melon 1 Each,5.99,hmart
Driscolls Sweet Batch 14oz,13.99,hmart
Organic Fresh Medjools Date Coconut 10oz,8.49,hmart
Coco Thumb Organic Aromatic Coconut,5.99,hmart
Red Seedless Grapes,9.56,hmart
Star Fruits 0.45lb,4.50,hmart
Longan 0.53lb,2.64,hmart
Lychees 0.69lb,2.75,hmart
Black Seedless Grapes,9.79,hmart
Fresh Straw Coconut 1 Each,4.99,hmart
Korean Shingo Pears 9ct/11lb,49.99,hmart
Blood Orange 1 Each,1.79,hmart
Sunkist Grapefruit 1 Each,1.99,hmart
Envy Sweet Apple 1 Each,3.49,hmart
Quince Apple,5.99,hmart
Mandarin Murcott 1 Each,1.29,hmart
Grape Mix Salad,5.03,hmart
Beef Neck Bone (Frozen) 2.22lb,8.86,hmart
Pork Hock (Frozen) 2.44lb,7.30,hmart
Natural Chicken Thighs 0.90lb,6.29,hmart
Natural Chicken Breast 1.02lb,10.19,hmart
Natural Whole Chicken Cut Stew 1.18lb,5.53,hmart
Natural Whole Chicken 2.39lb,8.82,hmart
Pork Front Feet (Frozen) 2.28lb,5.68,hmart
Pig Feet Cut(Hind Feet) (Frozen) 1.84lb,6.42,hmart
Prime Flat Iron Roll Slice (Frozen),12.50,hmart
Prime Top Blade ShabuShabu (Frozen) 0.77lb,19.24,hmart
Axe Spray Musk Canela & Ambar 150Ml,4.99,hmart
Axe Spray Black Frozen Pear  150Ml,4.99,hmart
Dove Spray Apple&White Tea Scent 150Ml,5.29,hmart
&Honeymelty Moist Repair Treatmnt 14.9Oz,26.99,hmart
Honey Milky Precious Ex Repair Shampoo,29.99,hmart
Aiko Garden Mandarin Ice Cream 9Oz,15.29,hmart
Aiko Garden  Mandarin Ice Cream 3Oz,6.29,hmart
Aiko Garden Grape Ice Cream 9Oz,15.29,hmart
Aiko Garden Grape Ice Cream 3Oz,6.29,hmart
&Honeymelty Moist Repair Shampoo 14.9Oz,26.99,hmart
Dial Lavender & Jasmine Body Wash 16Oz,10.29,hmart
Dove Men+Care Deepclean Body Scrub 400Ml,10.29,hmart
Dove Men Care Clean Cmf 13.5Oz,10.29,hmart
Dove Coconut Shampoo 12Oz,7.29,hmart
Dove Lavender & Volume Shm 12Oz,8.99,hmart
Dove Deep Moisture Body Wash 11Oz,10.99,hmart
Ht Toreta Drink 1.5L,6.99,hmart
Suntroy Oolong Tea 2L,8.29,hmart
Billionaire Sun Cake 190G,15.29,hmart
Billionaire Taro Pastry 159G,15.29,hmart
Billionaire Egg Yolk Pastry 159G,15.29,hmart
Bumble Bee Light Tuna In Water 12oz,5.99,hmart
Yd Canned Bai-Top Shell 14.1Oz,13.29,hmart
Dove Intensive Repair Cnd 12Oz,8.79,hmart
Haenyeo Abalone In Brine 14.81Oz,25.29,hmart
Dw Spicy Bai Top Shell 400G,10.99,hmart
Dove New Daily Moisture Conditioner/12Oz,8.49,hmart
Weichuan Canned Quail Eggs In Water 5Oz,4.99,hmart
Dongwo Light Standar 135G,4.99,hmart
Dove Sensitive Skin Body Wash 22Oz,16.29,hmart
San Miguel Corned Beef With Juice 12Oz,11.29,hmart
Dongwon Stir Fry Curry Tuna  90G,3.79,hmart
O/Champ Minced Crab In Spices 5.6Oz,2.99,hmart
Ito Shokuhin Can Iwashi Mizuni 6.7Oz,6.99,hmart
Jongga Canned Kimchi Fried 160G,5.99,hmart
Quality Choice Baby Lotion 15Oz,6.29,hmart
Pantene Volume & Body Conditioner 25.1Oz,12.99,hmart
Pantene Daily Moist Conditioner 25.1Oz,12.99,hmart
Pantene Smooth Sleek Conditioner 25.1Oz,14.49,hmart
Kao Merit Conditioner Pump 480Ml,16.99,hmart
Hello Kitty Shower Towel 2P,7.29,hmart
Kracie Ichikami Smoothing Shampoo 16.2Oz,16.99,hmart
Firefly Hello Kitty Tooth Brush,3.29,hmart
Sanada Sushi Maki Mold 1Pc,3.99,hmart
Kuromi With Surprise Toys Egg 0.62Oz,2.29,hmart
Hello Kitty Shower Towel(Soft),7.99,hmart
Kose Coenrich Hand Cream Moist Gel 2.8Oz,10.29,hmart
Hello Kitty With Surprise Toys Egg017.5G,2.29,hmart
Sanrio My Melody Hair Claw,3.29,hmart
Banzai Bamboo Wooden Tea Spoon 2Set,2.99,hmart
Pj.Masks Power Heroes Surprise Egg 17.5G,2.29,hmart
Pl. Pororo Edison Training Chopsticks,8.29,hmart
Straight Toothpicks 1.5Mm,3.29,hmart
Tagami Hair Comb,2.79,hmart
Lilfant Tooth Brush Kuromi 1Pc,2.29,hmart
Subaru Razor 2P,3.29,hmart
Lilfant Tooth Brush Cinnamoroll 1Pc,2.29,hmart
Razor For Eyebrows And Face 3P,4.29,hmart
Laundry Soap Stain Remover,3.29,hmart
Underwear Laundry Soap,3.99,hmart
Rohto Vitamin C Brightening Essence 67Oz,25.99,hmart
Lady Speed Stick Wild Freesia 1.8Oz,4.29,hmart
Downy Hair Tweezer 1Ct,3.29,hmart
Subaru Razor 3P,3.29,hmart
Sanrio Kuromi & My Melody Bangs Clip 2P,3.99,hmart
Story Namu Silicon Scrubber,4.29,hmart
Pore Cleaning Stick,3.79,hmart
Tonymoly Peach Hand Cream,9.29,hmart
Hello Kitty Glove Type Shower Towl,8.79,hmart
Byb Kombucha Hair Conditioner,16.29,hmart
Balance Your Biome Kombucha Shampo 500Ml,16.29,hmart
Crest Plus Complete Scope Mint 5.4Oz,7.29,hmart
Colgate Maxfresh Cool Mint 6.3Oz,8.29,hmart
Colgate Baking Soda Sparkling White 8Oz,5.29,hmart
Perioe Complete Protection Toothpaste,5.79,hmart
Unlabel Lab Placenta 100Mpa Essence1.7Oz,24.79,hmart
Unlabel Lab Ceramide 100Mpa Essence1.7Oz,20.99,hmart
Unlabel Lab Retinol 100Pa Essence  1.7Oz,27.99,hmart
Unlabel Lab Vitamina C 100Mpa  E. 1.7Oz,30.79,hmart
Dial Spring Water Refresh&Renew 3Pk,6.99,hmart
Dial Bar Soap Mountain Fresh 3/4Oz,6.99,hmart
Caress Daily Silk 2Pk,6.29,hmart
Mgh Sodium Percarbonate Laundry Soap,3.99,hmart
Mugunghwa Laundry Soap,3.99,hmart
Elmhurst Milked Oat Barista Edition 32Oz,9.49,hmart
Elmhurst Milked Hazelnut Unswtnd 32Oz,10.29,hmart
Minor Figures Org Barista Oat Milk 32Oz,7.29,hmart
Kracie Ichikami Moistrzng Shampoo 16.2Oz,14.99,hmart
Hada Nature Head Spa Shampoo 5.2Oz,24.29,hmart
Rohto Melano Cc Lotion 5.7Oz,23.99,hmart
Sana Nameraka Mild Skin Lotion 6.8Oz,14.99,hmart
Sana Nameraka Whrinkle Lotion 6.8Oz,16.29,hmart
Sana Vaserhythm Face Wash  5Oz,17.29,hmart
Reveur Smooth & Moist Treatment 16.9Oz,25.99,hmart
Kao Biore Marshmallow Whip Moisture 5Oz,15.29,hmart
Sana Nameraka Brigthtening Emulsion4.4Oz,14.99,hmart
Bcl Momo Puri Barrier Milk 5Oz,14.99,hmart
Sana Namerkara Emulsion 150Ml,15.29,hmart
Cold Food Eel Lunchbox,14.99,hmart
Trimona Bulgrain Yogurt 32Oz,7.99,hmart
Cold Food Spicy Bulgogi Lunchbox,14.99,hmart
Cold Food Bulgogi LunchBox,14.99,hmart
Cold Food Chicken Katsu Lunchbox,15.99,hmart
Hong Qi Xue Gao Ice Cream Lemon 75G,6.29,hmart
Hong Qi Xue Gao Ice Cream Lemon 3/ 90Ml,15.29,hmart
Chobani Flip Strwbry Cheesecake 4.5Oz,2.99,hmart
Bgr Strawberry Milk Drink 200Ml,2.29,hmart
Bgr Banana Milk Drink 200Ml,2.29,hmart
Bgr Taro Flavored Milk Drink 6.8Oz,2.29,hmart
Bgr Coffee Milk Drink 200Ml,2.29,hmart
Odyssey Feta Chunk Traditional 8Oz,8.29,hmart
Mild Cheddar Cheese,4.51,hmart
American Slices Cheese,5.77,hmart
President Butter Salted 7Oz,7.29,hmart
President Butter Unsalted 7Oz,7.29,hmart
Orange Boba Milk Tea Ice Bar 5/325Ml,9.29,hmart
Ht Bravo Vanilla Plus 5/5.4Oz,16.29,hmart
Pulmuone Fresh Natto Original 6Pack,9.99,hmart
One Vegan Dumpling Mushroom 14.8Oz,7.99,hmart
Hamaotome Sesame Seed Goma Suri S.1.59Oz,3.29,hmart
Goma Sesame Seeds 1.76Oz,3.29,hmart
Boongs Sushi Crunch California Roll,9.00,hmart
Boongs Sushi Salmon/Tuna Mini Roll,14.00,hmart
Ht Bravo Milk Frzn Dessert Cones 5/180Ml,15.99,hmart
Haitai Bravo Cone Choco Chunk 5Pk,15.99,hmart
Ht Bravo Strawberry Cones 4Pack 20.29Oz,11.29,hmart
Gugen Tofu Tiramisu Chestnut Flv 6.35Oz,10.99,hmart
New City Cannoli Ice Cream  14Oz,10.99,hmart
One Vegan Dumplings Vegetables  14.8Oz,7.99,hmart
One Vegan Dumpling Kimchi 14.8Oz,7.99,hmart
Maeda Yuzu Sherbet 1Pt,7.29,hmart
Lotte Korean Hotcake Hotteok  15.87Oz,15.29,hmart
Dongwon Dim Sum Cheongfun  19.4Oz,9.79,hmart
Chef Shuo Lamb Offal Soup 21Oz,15.29,hmart
Lotte Sweet Honey Pancake 8.11Oz,4.29,hmart
Hansang Squid&Radish Soup 1.1Lb 1,7.29,hmart
Daedoo Premium Corn Bread 14.8Oz,15.29,hmart
W. Chuan Mini Lotus Leaf Bun 500G,6.29,hmart
Wang Pocha Korean Sausage 16.4Oz,25.29,hmart
Crazy Cuizine Orange Chicken 22Oz,14.99,hmart
Crazy Cuizine Cripy Chicken Honey 22Oz,14.99,hmart
Miyako Jap Sanuki Style Udon 5/8.8Oz,8.29,hmart
Dy Roasted Bartail Flathead Angler 60G,4.99,hmart
Mil Gochugaru Korean Chile Flakes 3.25Oz,11.29,hmart
Hanamaruki Shiro Miso Soup 27G,4.99,hmart
Hanamaruki Aka Miso Soup 27G,4.99,hmart
Otoki Udon Tempura Noodle Bowl 3.88Oz,4.29,hmart
Jml Premium Inst Noodles Rst Pork 2.82Oz,2.99,hmart
Otoki Cheesy Ramen Spicy 3.92Oz,11.29,hmart
Ottogi Stir Fry Cheesy Ramen Chdr 15.5Oz,11.29,hmart
Wang Fired Sesame Ball 13.4Oz,6.29,hmart
Aroy D Frozen Sticky Rice W/ Mango 250G,11.79,hmart
Lotte Yorihada Plant Blackbean 11.64Oz,9.29,hmart
Ltte Yorihada Plant Based Japchae 8.92Oz,9.29,hmart
Sura Tempura Powder 2Lb,7.29,hmart
Otg Frying Mix 1Kg,6.29,hmart
Le Sweetened Coconut Flakes 14Oz,6.29,hmart
Hamaotome Sesame Seeds Goma Suri  1.59Oz,3.29,hmart
Goma Iri Shiro Sesame Seed 50G,3.29,hmart
Pickzzi Mushroom Pickle Soysauce10.52Oz,7.79,hmart
Youki Miniku Oroshi Garlic Paste 3.53Oz,6.29,hmart
Greenhat Whole Black Garlic 8.8Oz,13.29,hmart
Ice Cafe Coffee Hazelnut Flavor 190Ml,1.79,hmart
Cantabile Hazelnut Pouch 190Ml,2.29,hmart
Coffee Bean Pouch Drink Americano  230Ml,2.29,hmart
Tamaruya Shizuoka Wasabi 42G,6.29,hmart
Cjo Hot Mustard Pasted 35G,3.29,hmart
Ofood Wasabi Paste 3.3Oz,5.79,hmart
Cantabile Watermelon Ade Pouch 130Ml,2.29,hmart
Cantabile Pineaple Flavored Ade  230Ml,2.29,hmart
Cantabile Pomegranate Ade 230Ml,2.29,hmart
Rao Four Cheese Sauce 24Oz,13.29,hmart
Raos Homemade Roasted Garlic 24Oz,13.29,hmart
Rao Vodka Sauce 24Oz,13.29,hmart
Rao Arrabbiata Sauce 24Oz,13.29,hmart
Rao Tomato Herb Sauce 24Oz,13.29,hmart
Sclafani Crushed Tomato 28Oz,6.29,hmart
Sclafani Tomato Puree 28Oz,6.29,hmart
Alessi Sundried Tomatoes  7Oz,8.29,hmart
Dececco Linguine No. 7 1Lb,4.29,hmart
Barilla Linguine 16Oz,3.29,hmart
Casa Milo Farfalle Tricolore 16Oz,4.29,hmart
Felicia Organic Oat Penne 12Oz,6.29,hmart
Barilla Gluten Free Penne 12Oz,5.29,hmart
Ronzoni Gluten Free Elbow 12Oz,4.79,hmart
Felicia Brown Rice Spirulina Fusil8.8Oz,6.29,hmart
Ronzonigarden Delight Veggie Rotini 12Oz,3.29,hmart
Baris Extra Dark Chocolate 5.3Oz,10.79,hmart
Maeda Red Bean Ice Cream 1pt,7.29,hmart
Lollys Grapes Dark Chocolate Almond 6Oz,12.29,hmart
Lollys Frozen Grapes Dark Chocolate  6Oz,12.29,hmart
Lollys Grapes Dark Chocolate Coconut 6Oz,12.29,hmart
Maeda Lychee Ice Cream 1Pt,7.79,hmart
Maeda Mango Ice Cream Cup 1Pt,8.79,hmart
Lalasweet Milk Pint 330 474Ml,9.79,hmart
Baris White & Milk Chocolate 5.3Oz,10.79,hmart
One Vegan Dumpling Japchae 14.8Oz,7.79,hmart
Synear Plain Pancakes 450G,6.79,hmart
Crd Vegetable Bun 9Oz,5.79,hmart
Badaone  Soup Stock  Spicy 3.52Oz,12.29,hmart
Badaone Soup Stock Original 3.52Oz,12.29,hmart
Rhapsody Natural Natto Large Bean 3.5Oz,6.29,hmart
Rhapsody Natto Small Bean 3.5Oz,6.29,hmart
Starkist Tuna Creations Deli Salad 3Oz,2.79,hmart
Sura Sweet Red Bean Bun Corn 9Oz,5.29,hmart
Wow Bao Cheeseburger Bao 10Oz,14.29,hmart
Bibigo Chicken Soy Garlic Sauce  18Oz,25.49,hmart
Tokai Dried Pepper 0.71Oz,3.79,hmart
Baris White & Dark Chocolate  5.3Oz 1,10.99,hmart
Myriad Cha Siu Pork Buns 28Oz,14.99,hmart
W.Chuan Cha Shu Bun 23Oz,11.99,hmart
W.Chuan Hongkong Style Cha Shu Bun 23Oz,11.99,hmart
Dongwon Seasoned French Fries 650G,9.79,hmart
Sura Vegetable Bun 9Oz,5.29,hmart
Kcc Hokkaido Natto  4.94Oz,4.29,hmart
Wang Sweet Rice Pancake Green Tea 3/6.34,5.29,hmart
Cj Bibigo Fried Battered Squid  180G,7.99,hmart
Cs Bunmoja Tteokbokki 9.69Oz,6.79,hmart
Haitian Premium Soy Sauce 750Ml,10.29,hmart
Haday Mushroom Dark Soysauce 16.9Oz,6.29,hmart
K&F Turmeric Ginger Bone Broth 16.9Oz,10.29,hmart
K.Basics Unsalted Vegetable Stock 8.25Oz,4.29,hmart
K&F Lemongrass Ginger Beef Broth 16.9Oz,10.29,hmart
K&F Chipotle Beef Broth 16.9Oz,10.29,hmart
K.Basics Bone Broth Chicken Orig 233G,4.29,hmart
Kikkoman Yuzu Ponzu Citrus Season 10Oz,5.79,hmart
Kkm Ponzu Lime 10Oz,5.29,hmart
Pinkglow Pineapple 1 Each,11.99,hmart
Mesclun Salad Balsamic With Olive Oil,7.99,hmart
Grilled Chicken Salad Dressing. Blue Cheese,7.99,hmart
Baby Spinach Salad Dressing. Ranch,7.99,hmart
Baby Argula Salad Dijon Honey Mustard,7.99,hmart
Romaine Salad Dressing. Sesame Flavored,7.99,hmart
Haday Signature Dark Soy Sauce 16.9Oz,6.29,hmart
Haitian Superior Light Soy Sauce 16.9Oz,6.29,hmart
Cjo Anchovy Sauce 28Oz,9.29,hmart
Haitian Premium Haday Seasoned 500Ml,5.29,hmart
Hon Bai Rice Cooking Michiu Tou 750Ml,9.29,hmart
Otg Cooking Sauce 360Ml,5.49,hmart
Surasang Mustard With Gochujang 11.28Oz,9.29,hmart
Soy Shoda Marudaizu Shoyu Sauce 16.91Oz,15.29,hmart
Dongwon Tuna Extract Sauce 17.63Oz,8.99,hmart
Hcd Hot Pepper Paste Very Hot 1.1Lb,6.29,hmart
Kkm Gluten Free Teriyaki Sauce 10Oz,6.99,hmart
Cjo Apple Vinegar Double 500Ml,5.29,hmart
Otg Bibim Sauce 500G,11.29,hmart
Kkm Tempura Dipping Sauce 10Oz,5.29,hmart
San-J Tamari Lite 50%Less Sodium 10Oz,7.99,hmart
Kong Yen Black Vinegar 10.1Oz,2.99,hmart
Wan Ja Shan Rice Vinegar 10Oz,3.99,hmart
Nongshim Jjapagetti Sauce 280G,9.29,hmart
Cjo Oligo Corn Syrup 700G,7.29,hmart
Hinode Shinmiryo Junryo 13.5Oz,5.29,hmart
Kikkoman Ryorishu Coocking Sake 17Oz,8.29,hmart
Ofood Olico Apple Syrup 700Ml,6.49,hmart
Berio Org Extra Virgin Olive Oil 16.9Oz,18.29,hmart
Wesson Vegetable Oil 24Oz,7.29,hmart
Kenko Arabiki Golden Goma 10.14Oz,6.79,hmart
Nisshin Pure Sesame Oil  4.58Oz,5.79,hmart
Agv Spicy Chili Sauce 5.8Oz,5.29,hmart
Bulldog Tonkatsu Sauce 10.1Oz,5.29,hmart
Superlucky Sichuang Sauce Garlic 12.3Oz,7.79,hmart
Hot Crispy Oil Original 6Oz,16.79,hmart
Wang Zhi He Sesame Paste 225G,6.79,hmart
Gyukaku Yakiniku No Tare Shio 7.4Oz,5.29,hmart
Laksa Paste 16Oz,7.29,hmart
Clh Spicy Chilli Sauce 500G,5.29,hmart
S.U.N Chili Crisp Sauce Extra Spicy 6Oz,14.99,hmart
S.U.N Chili Crisp Sauce Hot Honey 7.7Oz,14.99,hmart
S.Shine Cage Free Md Brwon 12Eggs,5.49,hmart
Sunshine Cage Free Large 18Eggs,8.99,hmart
Sunshine Farms Large Brown 12 Eggs,6.79,hmart
N.Yoke Free Range Lg Brown 6Eggs,5.49,hmart
Yamaki Men Tsuyu Soup Base 16.7Oz,7.79,hmart
Sura Vegan Kimchi Hot Sauce 7.77Oz,9.99,hmart
Kewpie Deep Rstd Sesame Dressing 500Ml,12.99,hmart
Sk Wonton Skins 12Oz,3.99,hmart
Cook Tok Wheat Flour Cakes Korea 21.16Oz,4.99,hmart
Cook-Tok Korean Wheat Flour Cakes 1Kg,7.29,hmart
Polar Salted And Gutted Hairtail 14Oz,11.99,hmart
Dw Belt Fish 400G,10.99,hmart
Sy.Buldak Potato Original Spicy 4.23Oz,9.49,hmart
Lf F Rice Cake With Spicy Sauce 11.64Oz,7.79,hmart
Ayo Ji Fried Fish Ball W/ Taro 8.82Oz,7.79,hmart
Polarbird Cooked White Clam 1Lb 1,5.49,hmart
Polarbird Tilapia Fillets 2Lb,13.99,hmart
Polarbird Flounder Fillets 2Lb,17.49,hmart
Polar Bird Pollock Fillets No Skin 2Lb,11.99,hmart
East Sea Frozen Roasted Eel Unagi 10Oz,16.99,hmart
Miyako Miso Marinated Black Cod 6.35Oz,20.49,hmart
Pb Frozen Half Cut Swimming Crab 2Lb,12.99,hmart
Sk Breaded Shrimp 4.7Oz,6.29,hmart
Crd Frozen Oyster 8Oz,7.29,hmart
Pb Seafood Mix 1Lb,9.49,hmart
Pb Seafood Mix 12Oz,6.79,hmart
Save Plus Seafood Mix 14.1Oz,8.29,hmart
Southern Bay Seafood Mix Medley 1Lb,6.79,hmart
Shirakiku Tilapia Fillets 9Oz,8.79,hmart
Ryukakusan Throat Candy 120Max 1.4Oz,3.29,hmart
Ryukakusan Throat Candy 1.4Oz,2.29,hmart
Halls Vita-C Strawberry 34G,2.29,hmart
Min Jiom Herbal Candy Lemongrass 60G,7.79,hmart
Min Jiom Herbal Candy Tangerine 2.11Oz,7.29,hmart
Titanium Energy Chews Watermelon 1.23Oz,5.49,hmart
Wrigley's Spearmint Gum 15 Sticks,2.99,hmart
"Wrigley's Doublemint Gum, 15 count",2.99,hmart
Beemax  Dubai Cocholate & Pistacho  200G,21.99,hmart
Uha Mikakuto Cola Puchao 1.76Oz,2.29,hmart
Barebell Choco Dough Protein Bar 55G,5.49,hmart
Barebells Salty Peanut Protein Bar 55G,5.49,hmart
Quantum Caffe Mocha Almond Chip1.69Oz,4.49,hmart
Trubar Saltylicious Almond Love 1.76Oz,4.49,hmart
Quantum Peanut Butter Darkchocolat1.69Oz,4.99,hmart
Marumiya Mazekomi Wakame Wakana 29G,4.49,hmart
Marumiya Mazekomi Okaka 1.02Oz,4.49,hmart
Marumiya Takana Seasoning Mix1.02Oz,4.49,hmart
Min Jiom Herbal Candy Apple Logan 2.11Oz,6.79,hmart
Trident Vibes Spearmint 40Ct,6.79,hmart
Ghiraldelli Milk Chocolate Caramel  15G,1.79,hmart
Lotte Xylitol Gum Blueberry Mint 2.04Oz,4.99,hmart
Mentos Spearmint 80Pc,8.79,hmart
Beef Intestines (frozen) 1.98lb,4.63,hmart
Grass Fed Beef Sliders,10.99,hmart
Wagyu Top Blade Tenderized 0.44lb,17.60,hmart
Hs Soup Stock Shiitake Anchovy 120G,11.49,hmart
Hs Soup Stock Radish Anchovy 120G,10.99,hmart
Jinju Chunhajangsa Original 20/15G,6.79,hmart
Jinju Chunhajangsa Cheese Flavor 20/15G,6.79,hmart
Keats Fish Sausage Spicy 8.47Oz,6.79,hmart
Halls Vita C Lime 34G,2.29,hmart
Barebells Caramel Cashew Protein Bar 55G,5.49,hmart
Cadbury Flake Chocolate 32G,2.79,hmart
Halls Extra Strong Mint Flavored 34G,2.29,hmart
Tivon Kukkia Choco Cookie Mix 93.6G,11.79,hmart
Barebells Cookies & Cream Protein Bar 55G,5.49,hmart
Mezcla Matcha Vanilla 1.4Oz,3.99,hmart
Ritter 70%Cocoa Fine Extra Darkchoco3.5Oz,6.29,hmart
Gullon Sugar Free Maria Biscuit 7Oz,3.99,hmart
Lotte Eve Chewing Gum 0.9Oz,2.29,hmart
Cleveland Kitchen pickled Red Onions16Oz,10.49,hmart
Barebells Creamy Crisp Protein Bar 1.9Oz,5.49,hmart
Quest Cookies Cream 60G,3.99,hmart
Mezcla Hazelnut Choco Late  1.4Oz,3.99,hmart
Mezcla Peanut Choco Late 1.4Oz,3.99,hmart
Mezcla Pistacho Choco Late  1.4Oz,3.99,hmart
Mezcla Maple Blue Berry 1.4Oz,3.99,hmart
Mars Chocolate Bar 1.8Oz,2.29,hmart
Morinaga Hi-Chew Blue Raspberry 1.76Oz,2.29,hmart
Kit kat Duos Mocha Chocolate 1.5Oz,2.29,hmart
Lt Fits Grape Mix Chewing Gum 24G,4.29,hmart
Ritter Strawberry Yogurt 3.5Oz,6.29,hmart
Lt Xylitol Alpha Gum Fresh 86G,7.79,hmart
Mentos Pure Fresh Mint 80Pc,8.99,hmart
Y.C Xylitol Candy (Grape Flavor) 30G,3.29,hmart
Y.C Xylitol Candy (Yogurt Flavor) 30G,3.29,hmart
Uha Puchao Strawberry Candy 50G,2.29,hmart
Uha Puchao Melon Candy 50G,2.29,hmart
Uha Puchao Mango Candy 50G,2.29,hmart
Candy Break Peach Sour Belts 8Oz,5.49,hmart
Candy Break Red White&Blue  8Oz,5.49,hmart
Candy Break Rainbow Sour Belts  8Oz,5.49,hmart
Candy Break  Apple Sour Belts 8Oz,5.49,hmart
Candy Break Pineapple Sour Belts 8Oz,5.49,hmart
Candy Break Strawberry 8Oz,5.49,hmart
Akai Bohshi Kukkia Green Tea 3.38Oz,10.49,hmart
Disney Mickey Hamazaki Mango  105G,3.29,hmart
Disney Mickey Hamazaki Strawberry  105G,3.29,hmart
Wrigleys Rpm Mint 15Sticks,3.29,hmart
Wrigleys 5 Watermelon Flood 15Sticks,3.29,hmart
Wrigleys 5 Wintermint 15Sticks,3.29,hmart
Trident Island Berry Lime 14Pc,2.29,hmart
Wrigleys Orbit Sweet Mint Gum 14Pcs,2.29,hmart
Orbit Spearmint Gum 14Ct,2.29,hmart
Trident Wintergreen 14Ct,2.29,hmart
Milka Happy Cows Chocolate 100G,3.29,hmart
Morinaga Dars Kiwi fruit Chocolate 1.6Oz,4.49,hmart
Feritio Dubai Chocolate W/Pistachio 7Oz,18.99,hmart
Dentyne With Neutra Fresh Pure Mint 9Pc,2.29,hmart
Wrigleys 5 Strawberry Flood 15Sticks,3.29,hmart
Wrigleys Spearmint Rain 15Sticks,3.29,hmart
Wrigleys Peppermint Cobalt 15Sticks,3.29,hmart
Wrigleys Orbit Strawberry Remix 14Ct,2.29,hmart
Wrigleys Orbit Wintermint Gum 14Pc,2.29,hmart
Trident Cinnamon 14Pc,2.29,hmart
Wrigleys Eclipse Peppermint 18Pcs,2.29,hmart
Trident Mint Bliss 14Pc,2.29,hmart
Trident Spearmint  14Ct,2.29,hmart
Trident  White Peppermint 16Pc,2.29,hmart
Trident original Flavor 14Pc,2.29,hmart
Trident Tropical Twist  14Pc,2.29,hmart
Milk Chocolate W/ Pistacho Dubai 7.05Oz,16.99,hmart
Gomtang,10.99,hmart
Kimchi Stew,10.99,hmart
Cut Napa Cabbage (Kimchi),2.00,hmart
Cut Radish,2.00,hmart
Seafood Seaweed Soup,10.99,hmart
Dogani Tang,14.99,hmart
Pulmuone Spicy Ssamjang Tube 12.7Oz,8.29,hmart
Pulmuone Mild Ssamjang 12.7Oz,9.49,hmart
Sajo Sweet Sour Pickled Radish 350G,4.49,hmart
Sk Pickled Scallion Rankkyo 9Oz,14.29,hmart
Marukome Miso Soup Mushroom 3/1.25Oz,6.19,hmart
Mishima Hot&Sour Soup 3/0.95Oz,5.49,hmart
Mutual Red Yuzu Seasoning 2.82Oz,7.79,hmart
Mutual Blue Yuzu Seasoning 2.82Oz,7.79,hmart
Sk Salted Plum Shiso Umeboshi 8Oz,7.29,hmart
Prime Cook Stainless Whisk,3.99,hmart
Sanrio Paper Plates 50 Character  5Pc,3.29,hmart
Sanrio My Melody&Kuromi Wet Wipes 80P,3.99,hmart
Goodco Flexible Straws 40Ct,2.29,hmart
Goodco Heavy Duty Forks 24Pc,2.29,hmart
Goodco Heavy Duty Spoon 24Pc,2.29,hmart
Goodco Heavy Duty Cutlery 48Pck,3.99,hmart
Glad Small Trash 4Gal 30Bags,6.79,hmart
Gs Tall Kitchen Bags W/Flap Ties 12Pck,2.99,hmart
Tide To Go Wipes Stain Remover 10P,8.29,hmart
Mr Clean Magic Eraser Original 2Pads,3.99,hmart
Swiffer Dry Sweeping Cloths 16Ct,8.79,hmart
St Premium Aroma Initial Bloom 400Ml,8.29,hmart
St Premium Aroma Moonlight Savon 400M,8.29,hmart
Glass Oil Bottle Oil&Vinegar 2Pset 250Ml,15.49,hmart
Fabuloso Multi-Purpose Lavender 33.8Oz,7.79,hmart
Fabuloso 2X Multi Purpose Cleaner 33.8Oz,7.79,hmart
Fabuloso Multi-Purpose Lemon 33.8Oz,6.29,hmart
Downy Comfy Cozy+Rain 13Oz,15.99,hmart
Downy Unstopables Booster Fresh 9.1Oz,12.29,hmart
Downy In-Wash Scent Booster Calm 9.1Oz,12.29,hmart
Downy  Rinse & Refresh 25.5Oz,13.29,hmart
Clorox Disinfecting Bleach 24Oz,5.49,hmart
Clorox Bleach 11Oz,2.29,hmart
Febreze Fabric Extra Strength 438Ml,6.29,hmart
Tide Pods Ultra Oxi 12/12Oz,10.99,hmart
Herbal Injeolmi (S),4.49,hmart
Black Rice Cake W/ Nuts (S),4.99,hmart
Tri Color Rice Cake (S),4.49,hmart
Ottogi Frying Mix 17.63Oz,4.99,hmart
Alessi Avocado Toast Seasoning 1.83Oz,4.49,hmart
Alessi White Peppercorns 1.51Oz,4.49,hmart
Alessi Whole Mixed Peppercorns 1.12Oz,4.49,hmart
Alessi Black Peppercorns 1.34Oz,4.49,hmart
La Flor Comino Seed 2Oz,3.99,hmart
La Flor Minced Onion 1.5Oz,3.99,hmart
La Flor Rosemary Leaves 1Oz,3.99,hmart
La Flor Cinnamon Sugar 4Oz,4.49,hmart
La Flor Turmeric 2.25Oz,4.99,hmart
La Flor Steak Seasoning 5.5Oz,5.49,hmart
La Flor Chicken Seasoning 5.5Oz,5.49,hmart
Mishima Katsuo Mirin Furikake 1.5Oz,8.79,hmart
La Flor Bay Leaves 0.25Oz,4.49,hmart
Alderfer Cage Free Jumbo Brown 12 Eggs,7.99,hmart
S.Shine Cage Free Org Jumbo Brown 6Eggs,7.99,hmart
S.Shine Cage Free Org Lg Brown 6Eggs,6.99,hmart
Puffs Plus Lotion 124 2Ply Facial Tissue,4.49,hmart
Puffs Ultra Soft 124 2Ply Facial Tissue,4.49,hmart
Hello Kitty 70 Wipes,5.49,hmart
Puffs Ultra Soft Cube Box 56Ct,2.79,hmart
Puffs Plus Cube Lotion 56Ct,2.79,hmart
Puffs Plus Lotion Vicks 48Ct,2.79,hmart
Gf Unscented Sanitary Pad Original 14Pcs,7.79,hmart
White Super Absorbent Ultra Wing 18Pc,8.79,hmart
Hello Kitty White Facial Tissue 1Ea,5.49,hmart
Hello Kitty Mini Wipes 10Ct,1.79,hmart
I=Sure Granola Fullmix Sweet Potato 40G,3.29,hmart
I=Sure Granola Fullmix Shake Banana 40G,3.29,hmart
Granola Fullmix Strwberry Shake 40G,3.29,hmart
Granola Fullmix Shake Matcha  1.41Oz,3.29,hmart
Dial Fresh Pear Hand Soap 7.5Oz,6.79,hmart
Dial Antibacterial Coconu Water  7.5Oz,6.79,hmart
Ajax Ultra Vinegar+Lime Dish Soap 366Ml,2.79,hmart
Ajax Ultra Fabuloso Lavander  12.4Oz,2.79,hmart
Ajax Ultra Orange Dish Liquid 12.4Oz,2.79,hmart
Soonsaem Detergent Baking Soda 500Ml,7.79,hmart
Mv Foaming Hand Soap Candy Cane 8.8Oz,10.49,hmart
Mv Hand Soap Siberian Fir 8.8Oz,10.49,hmart
Mv Hand Soap By The Fire 8.8Oz,10.49,hmart
Dawn Ultra Apple Hand Soap 7.5Oz,2.79,hmart
Dawn Ultra Lemon 7.5Oz,2.79,hmart
Method Foamsoap Sweet Water 10Fl Oz,6.79,hmart
Method Pink Grape Fruit Hand Wash 10Oz,6.79,hmart
Method Hand Wash Sea Minerals 10Oz,6.79,hmart
Orion Strawberry Song Elg 7.61Oz,9.49,hmart
North Sea Fish Nack Bbq 2Oz,3.99,hmart
North Sea Fish Nack Original Wide 2Oz,3.99,hmart
North Sea Fish Snack Original Thin 2Oz,3.99,hmart
Glico Caplico Wafer Cone 2.91Oz,8.79,hmart
Caplicostrawberry&Shortcake3.14Oz,8.29,hmart
Glico Calpico No Atama Strawberry 1.06Oz,3.29,hmart
Glico Calpico No Atama Milk 1.06Oz,3.29,hmart
Meiji Yan Yan Strawberry creme 2Oz,2.99,hmart
Meiji Yan Yan Chocolate Creme 2Oz,2.99,hmart
Nabisco Ritz Cracker Onion 2.57Oz,4.99,hmart
Nabisco Ritz Crackers 3.47Oz,4.99,hmart
Mccabe Sesame Seeds Organic Hulless 8Oz,10.99,hmart
Wang Roasted Sesame Seed 8Oz,8.79,hmart
Mccabe Organic Roasted Sesame Seed 8Oz,10.49,hmart
Orion Turtle Chips Caramel Popcorn5.64Oz,6.79,hmart
Genertal Mills Reeses Puffs Treats 6.8Oz,7.79,hmart
Cinnamon Toast Crunch Oat Bar 163G,7.79,hmart
Alessi Coarse Sea Salt 2.83Oz,4.49,hmart
Cj Bs White Sugar 2.2Lb,8.79,hmart
Tomato Pure Brown Sugar 200G,3.99,hmart
Pearlace Sugar Johakuto 1Kg,9.49,hmart
Bs Brown Sugar 2.2Lb,11.79,hmart
Chicken Katsu Sandwich,5.99,hmart
Buldak Spicy Chicken Katsu Sandwich,6.99,hmart
Yakitori Chicken Ground Skewer With Sauce,7.99,hmart
Yakitori Chicken Thigh Skewer With Sauce,7.99,hmart
Wang Bamboo Chopsticks 100Pairs,6.79,hmart
Raw Nature Cooked White Rice 7.4Oz,2.99,hmart
Kadoya Sesame Oil 56Oz,32.99,hmart
Honey Rice Cake (S) 4oz,3.99,hmart
TAKAOKAYA Yakinori (Roasted Seaweed) Tokusen - 50 sheets,17.99,hmart
H MART Manhattan New York Tote Bag,9.99,hmart
Dongwon Roasted Laver 8P 1.54Oz,4.49,hmart
Sea Seaweed Snacks W/Green Tea 10G,2.79,hmart
Sea Crunchy Premium Roasted Seaweed With Olive Oil 1oz,3.29,hmart
Cjo Perilla Oil Traditional Laver 12/4G,8.79,hmart
Seacrunchy Seaweed S. Hot Chicken 0.35Oz,2.79,hmart
Sea Seaweed Snacks W/Wasabi Flv 10G,2.79,hmart
Sea Seaweed Sea Salt & Sesame Oil 10G,2.79,hmart
C&D Natural Seaweed Snack Wasabi 32G,2.49,hmart
Hiyoshi Yuzu Dorayaki 10.58Oz,7.79,hmart
Matcha Dorayaki 5P 10.5Oz,8.79,hmart
Hiyoshi Dorayaki Maroon 10.58Oz,7.19,hmart
Cjo Perilla Oil Traditional Laver 16/4G,10.49,hmart
Hamaotome Bimikensyoku Aji Nory 22G,7.79,hmart
Cj Roasted Seaweed Flkes With Butter&Soy Sauce,7.19,hmart
Nico Nori Seasoned Seaweed 80/0.76Oz,7.29,hmart
Hs Roasted Laver 12/0.17Oz,9.49,hmart
Kwang Koran Low Sodium Seaweed 3/5G,3.29,hmart
Takaokaya Kizami Nori 1Oz,8.79,hmart
Takaokaya Teriyaki Nori 0.8Oz,7.79,hmart
Sk Seasoned Roasted Seaweed 0.8Oz,8.29,hmart
Crd Rstd Seaweed Olive Oil 10/5G,7.29,hmart
Kubota Kuhaku Daifuku 7.4Oz,6.19,hmart
Kubota Chestnut Rice Cake 7.4Oz,7.79,hmart
Kubota Mango Rice Cake 7.4Oz,7.19,hmart
Kubota Sesame Rice Cake 7.05Oz,6.79,hmart
Sweets Aji No Meisaku Bean Cake 8.81Oz,8.29,hmart
Royal Family Red Bean Mochi 7.4Oz,4.49,hmart
Royal Family Sesame Mochi 7.4Oz,4.49,hmart
Royal Family Taro Mochi 7.4Oz,4.49,hmart
Royal Family Green Tea Mochi 7.4Oz,4.49,hmart
Daifuku Sesame Mochi 210G,4.49,hmart
Daifuku Brown Sugar Boba Mochi 180G,4.49,hmart
Cantabile  Blueberry  Ade 7.7Oz,2.19,hmart
Pmo Mozzarella Cheese Topokki 14.1Oz,11.79,hmart
Bgr Summer Crush Coffee 700Ml,8.79,hmart
Cjo Spicy Ssamjang 450G,9.99,hmart
J&J Fish Ball With Roe 8Oz,5.49,hmart
Osaki Kani Stick 500G,12.79,hmart
Dongsuh Enertive Soft Drink  5.07Oz,1.79,hmart
TQ Ice Cream Mango Propitious 9.13Oz,15.29,hmart
TQ Ice Cream Mango Propitious 2.6Oz,6.79,hmart
TQ Ice Cream Sweet Peach Flavor 7.94Oz,15.29,hmart
TQ Ice Cream Sweet Peach Flavor 3.5Oz,6.29,hmart
Cj Bibigo Tteokbokki W/ Spicy Sauce 575G,10.99,hmart
Maeil Picnic White Grape Juice 6/200Ml,5.49,hmart
Maeil Picnic Apple Fruit Juice 6/200Ml,5.49,hmart
Cantabile Sweet Americano Pouch 190Ml,2.29,hmart
Ice Cafe Americano Black 190Ml,1.79,hmart
Ice Cafe Blueberry Ade 190Ml,2.29,hmart
Cantabile Vanilla Flv Americano 230Ml,2.29,hmart
Cantabile Orange Ade 230Ml,2.19,hmart
Shanghai Shrimp Spring Rolls 9.7Oz,6.19,hmart
H Mart Frozen Durian 1 LB,19.79,hmart
K Town Dukboki Spicy Jjajang 1.32Lb,9.49,hmart
K Town Dukboki Mad Spicy 1.32Lb,9.49,hmart
Pmo Spicy Topokki 16.9Oz,9.99,hmart
Hmart Seedless Frozen Jackfruit 1Lb,8.79,hmart
Shanghai Vegetable Spring Rolls 9.7Oz,5.49,hmart
Bibigo  Spring Rolls Vegetable 9.8Oz,6.79,hmart
Pmo Rose Topokki 14.8Oz,10.49,hmart
S.Home Roti Paratha Onion 11.02Oz,3.29,hmart
S.Home Roti Paratha Whole Wheat 11.2Oz,3.29,hmart
S.Home Roti Paratha Plain 11.2Oz,3.29,hmart
Goodness Gardens Org Rosemary 0.75Oz,3.99,hmart
Goodness Garen Org Mint 0.75Oz,3.99,hmart
Organic Oregano,3.99,hmart
Amphora Org Soft Dried Dates 6Oz,7.19,hmart
Amphora Org Sft Drd White Mulberries 4Oz,7.19,hmart
Fresh Ginko Nuts 3.5Oz,2.19,hmart
Cindys.K Real Bleu Cheese Dressing 11Oz,10.49,hmart
Cindys Kitchen Creamy Italian,10.49,hmart
C.Kitchen Dressin Buttermilk Ranch  11Oz,10.49,hmart
C.Kitchen Meyer Lemon Vinaigrette 11Oz,10.49,hmart
C.Kitchen Dressing Balsamic  11Oz,10.49,hmart
Organic Mini King Oyster Mushroom 300G,7.79,hmart
Auerpak Organic Garlic 8Oz,6.79,hmart
Cal-Organic Red Leaf Lettuce 1 Bunch,4.29,hmart
Cal-Organic Green Leaf Lettuce 1 Bunch,4.49,hmart
Old Peking Cake With Radish Silk 460G,7.79,hmart
Old Peking Leek Cake 460G,7.79,hmart
Cj Square Fish Cake 19.4Oz,8.79,hmart
Osaki Imitation Crab Stick 4.58Oz,5.49,hmart
Polarbird Seasoned Pollock Roe 6Oz,12.79,hmart
Sk Fish Cake Chikuwa 3.52Oz,2.79,hmart
Sk Kani Kamaboko Gold 17.6Oz,6.99,hmart
Sk Cooked Sticky Rice 12Pk,35.19,hmart
Sekka  Cooked White Rice Gold 2.52Kg,31.49,hmart
Nh Cooked White Rice 12/210G,36.29,hmart
Cjo Cooked Sticky White Rice 12/210G,24.99,hmart
Smoked Half Duck Sliced Bn 1.31lb,39.29,hmart
Gmi Korean Recipe Beef Short Rib 1lb,21.99,hmart
Parks Meats Pm Korean Recipe Wagyu Beef 1lb,18.79,hmart
Grass Fed Ground Beef 1lb,11.99,hmart
Angus Beef Back Rib 1.90lb,19.99,hmart
Wagyu Top Blade Sliced 0.33lb,11.04,hmart
Natural B.B.Q Pork Belly 0.65lb,9.09,hmart
Organic Ground Pork 1lb,8.99,hmart
Sekka  Rice Cooked White Gold 7.4Oz,2.79,hmart
Cjo Cooked Sticky White Rice 210G,2.79,hmart
Wagyu Beef Ground 80% lean  0.61lb,5.49,hmart
Prime Bnls Short Rib Stew 0.48lb,15.99,hmart
Wagyu Chuck Flat Tail 0.26lb,13.00,hmart
Wagyu Striploin NY Steak 0.33lb,14.19,hmart
Wagyu Flat Iron Sukiyaki 0.24lb,12.00,hmart
Lamb Rack (Rib Chop) 0.66lb,15.89,hmart
Natural Pork CT Butt Slice Frozen 0.77lb,11.69,hmart
Natural Ground Chicken 1lb,6.99,hmart
Pork Belly Stew 0.84lb,6.79,hmart
Natural Pork Belly Tenderized 0.51lb,9.19,hmart
Pork Boneless Pinic 1.17lb,7.09,hmart
Natural Porkloin( BoneI In) 1.23lb,7.37,hmart
Berkshire Baby Rib 0.84lb,12.59,hmart
Natural Pork Belly Thin Sliced 0.84lb,16.99,hmart
Ichimasa Red Fish Cake Narutomaki 4.76Oz,5.49,hmart
Kibun Kamaboko Aka 5.29Oz,7.19,hmart
W.Chuan Spring Roll Shells 7.4Oz,2.79,hmart
Pmo Potato Mozzarella Corn Dogs 12.7Oz,12.99,hmart
Crd Kimchi Dumpling 2.87Lb,10.99,hmart
Lt K Chefood Seafood Stick 510G,8.29,hmart
Crd Spicy Vegetable Potstickers 800G,7.79,hmart
Lt K Chefood Spicy Squid Stick 510G,8.29,hmart
Crd Vegetable Potstickers 800G,7.79,hmart
Choripdong Vermicelli Dumpling 1.76Lb,8.79,hmart
The House Kimchi Pork Vege Dumpling 24Oz,13.19,hmart
Bibigo Beef Steamed Soup Dumpling 24Oz,16.49,hmart
Dl-Prde Sriracha Chicken Gyoza 21Oz,10.49,hmart
The House Pork & Shrimp Dumpling 20Oz,13.19,hmart
Day Lee Pride Chicken Gyoza 21Oz,12.09,hmart
Cj Bibigo Vegetable Dumpling Kimchi Flv,15.99,hmart
Cj Bibigo Chicken Dumpling 24Oz,16.49,hmart
Cj Mandu Veggie Dumplings Japchae 770G,15.99,hmart
Pmo Thinwrap Kimchi Dumpling 21.2Oz,12.99,hmart
Pmo Thinwrap Vege Pork Dumpling 19.8Oz,17.79,hmart
Pmo Thinwrap Kimchi Pork Dumpling 19.8Oz,16.99,hmart
Pmo Garlic Chive S.Potato Noodle 720G,13.99,hmart
Pmo Szechuan Style Flat Dumplings 700G,13.99,hmart
Day Lee Pride Vegetable Gyoza 21Oz,12.19,hmart
Surasang Korean Kimchi Mandu 22.22Oz,13.29,hmart
Sk Vegetarian Meat Gyoza 600G,13.19,hmart
Way Fong Chicken & Shrimp Dumpling 24Oz,10.49,hmart
Sura Leek Dumpling 35.2Oz,12.19,hmart
Sura Vegetable Dumpling 2.2Lb,12.19,hmart
Aji Shrimp Shumai 17.46Oz,15.99,hmart
Ajinomoto Crab Shumai Dumplings 7.93Oz,8.29,hmart
Aji Seafood Gyoza 8.46Oz,7.19,hmart
Aji Pork Shumai 17.46Oz,15.99,hmart
W.Chuan Pork & Leaf Mustard 21Oz,9.49,hmart
W.Chuan Sd Pork Vege Seafood 21Oz,9.49,hmart
W.Chuan Sd Chicken Veg B.Mushroom 21Oz,9.49,hmart
W.Chuan Bamboo Shoot&Pork Dumpling 21Oz,9.49,hmart
W.Chuan Oyster Mushroom Chicken 21Oz,9.49,hmart
Synear Pork Sweet Corn Dumpling 16Oz,7.49,hmart
Synear Red Bean Rice Ball 16Oz,6.79,hmart
Synear Pork Shrimp Scallop 360G,12.19,hmart
W. Chuan Pork & Chinese Spinach 21 Oz,9.49,hmart
W.Chuan Pork & Green Onion 21Oz,9.49,hmart
W.Chuan Szechwan Style Spicy Pork 21Oz,9.49,hmart
W.Chuan Sd Pork & Pickled Napa 21Oz,9.49,hmart
Twin Mrq Jiaozi Dumpling W/Pork & Shrimp,8.99,hmart
S.Home Glutinous Rice Ball Red Bean 200G,3.29,hmart
S.Home Glutinous Rice Ball Peanut 200G,3.29,hmart
Sura Sweet Red Bean Bun 9oz,5.49,hmart
Daedoo real chestnut bread 16.9oz,15.49,hmart
W.Chuan Pork Mini Bun 20oz,9.99,hmart
Myriad Pork Vegetable Buns 28oz,13.79,hmart
Myriad Vegetable Pork Buns 28oz,15.99,hmart
Spring grilled sweet potato bread 1.19lb,14.99,hmart
Daedoo real sweet potato bread 80g,15.99,hmart
Sk seafood pancake 10.58oz,7.19,hmart
Sk kimchi pancake 10.58oz,7.29,hmart
Sk Vegetable Pancake 10.58oz,7.19,hmart
Cj bibigo fish shaped waffle corn 300g,8.79,hmart
Kc ganko oyaji frozen udon 5/260g,8.79,hmart
Pmo red bean & cream cheese balls 12.7oz,13.19,hmart
Sk okonomi yaki 8.1oz,6.79,hmart
Pulmuone red bean bungeo ppang 12.7oz,12.99,hmart
Pmo sweet potato bungeo ppang 12.7oz,13.19,hmart
Daifuku sanuki udon 44.05oz,8.79,hmart
Sk korean japchae spicy cheese 7.4oz,7.19,hmart
Cs noodle w/ spicy black bean 10.05oz,7.19,hmart
Endico Frozen Green Peas & Carrots 2.5lb,6.29,hmart
Endico Frozen Cut Corn 2.5lb,6.29,hmart
Wang Frozen Peeled Chestnut 10oz,10.99,hmart
W.Chuan Frozen Broad Beans 1lb,4.49,hmart
Sun noodle mazemen original 13.2oz,9.99,hmart
Sun noodle yakisoba garlic pepper 14.3oz,8.29,hmart
Nissui Salted Edamame 400g,4.99,hmart
Azuma gokusyoichiban natto 4.76oz,4.99,hmart
Okame Maroyaka Umami Natto Takano 5.46oz,4.49,hmart
Okame Kazoku No Tei Ban 7.11oz,6.79,hmart
Sugoi Natto S-903 Takano 3pc 4.8oz,4.49,hmart
Snapdragon Mushroom Pho 2.1oz,5.49,hmart
Snapdragon Vegetable Pho 2.1oz,5.49,hmart
Snapdragon Laksa Curry 2.1 oz,5.49,hmart
Snapdragon Chicken Pho 2.1oz,5.49,hmart
Snapdragon Beef Pho 2.1oz,5.49,hmart
Bibigo Tteokbokki Hot & Spicy 4.40oz,4.99,hmart
Bibigo Tteokbokki Cheese 12.69oz,8.29,hmart
Bibigo Tteokbokki Hot&Spicy 12.69oz,8.29,hmart
Dw Rapokki Rice Cake & Ramen 11.53oz,7.29,hmart
Jjajang Rapokki Rice Cake & Ramen 327g,7.19,hmart
Shizuren Clam Vermicelli 5.11oz,4.49,hmart
Paldo Volcano Chicken Noodle 3.70oz,3.99,hmart
Ns Bowl Noodle Soup Beef 3.03oz,4.49,hmart
Ns Shin Noodle Soup Vegan 75g,2.79,hmart
Bulramen Stir-Fried Ramen Hot 3.88oz,3.29,hmart
Ns Shin Gold W/ Chicken Broth Cup 3.56oz,4.99,hmart
Key Coffee Tetra Prisma Bito 33.81oz,7.79,hmart
Jongga Fermented Vegan Kimchi 10.6oz,9.99,hmart
Goshen Kimchi Scallion 14OZ,15.49,hmart
Goshen Kimchi Cucumber 12oz,15.49,hmart
Goshen Vegan Kimchi Mustard Leaf 14oz,14.49,hmart
Hs Seasoned Squid W/ Herring Roe 190g,9.99,hmart
Food Jangter Cubed Radish Kimchi 4.2oz,5.49,hmart
Food Jangter White Kimchi 4.2oz,5.49,hmart
Food Jangter Mak Kimchi 4.2oz,5.49,hmart
Jinga Whole Cabbage Kimchi 17.6oz,10.99,hmart
Jongga Kimchi Mild Vegan 2.8oz,2.29,hmart
Jongga Kimchi Mild Classic 2.8oz,2.29,hmart
Cj Bibigo Sliced Radish Kimchi 500g,9.99,hmart
Ns Neoguri Spicy Seafood Flv 4.83oz,3.99,hmart
Bgr Melona Choco Dipped Strawberry 8/76ml,8.79,hmart
Gugen Tofu Tiramisu Matcha 6.35oz,11.49,hmart
Imuraya Frozen Wafer Sadwich 10.14oz,9.99,hmart
Imuraya Ice Monaka Matcha An 10.14oz,9.49,hmart
Maeil Biofeel Probiotic Lower Sugar 11oz,2.19,hmart
Imuraya Milkbars W/ Azuki Filling 6/60ml,9.49,hmart
Lt Papico Chocolate Ice Tube 130ML/6pk,7.99,hmart
Lotte Papico Milky Yogurt Ice Tube 4.4oz,7.99,hmart
Lt Screw Pouch Apple Strawberry 5/160ml,13.99,hmart
Yasso Grk Ygrt Creamy Mango 14oz,10.99,hmart
Sk Mochi Ice Cream Mango 8.4oz,8.99,hmart
Bgr Melona Coconut Mochi 9.1oz,8.99,hmart
Bgr Melona Mochi Yuzu 9.1oz,8.79,hmart
Lt Watermelon Bar 6/75ml,9.49,hmart
Lt World Cone Vanilla 5/160ml,13.19,hmart
Gugen Big Yogurt Apple Mango 23.66oz,4.99,hmart
Magnolia avocado Ice Cream  1.42l,15.49,hmart
Mg Ice Cream Ube Cookies& Cream 48oz,17.79,hmart
Maeda Black Sesame Ice Cream 1pt,8.29,hmart
Mint Chip,13.19,hmart
Sangaria Royal Milk Coffee 265ml,3.29,hmart
Itoen Barley Tea Mugicha 16.9oz,3.29,hmart
Calpico Melon 16.9oz,4.49,hmart
Wang Aloe Drink 500ml,3.29,hmart
Calpis Calpico Strawberry 500ml,4.49,hmart
Pokka Black Coffee No Sugar 8.1oz,2.79,hmart
Poland Spring Lime Sparkling Water 1l,2.79,hmart
Kukuru Yogurt Drink Peach 280ml,2.19,hmart
Tomomasu Suika Soda 10.14oz,4.49,hmart
Lkk Choy Sun Oyster Flv Sauce 20.5oz,5.49,hmart
Lkk Less Sodium Oyster Sauce 17.5oz,6.29,hmart
Lkk Fine Chili Sauce 16oz,7.79,hmart
Lkk Sweet Soy Sauce 14oz,7.29,hmart
Lkk Sriracha Chili Sauce 18oz,7.19,hmart
Lgm Fried Chili In Oil 25.75oz,12.19,hmart
Lkk Guizhou Black Bean Chili Sauce 12oz,7.79,hmart
Lkk Chili Black Bean Sauce 8.1oz,7.79,hmart
Spicy King Pexian Bean Sauce 8oz,3.99,hmart
LKK Minced Ginger 11.5oz,7.79,hmart
Lkk Minced Garlic 11.5oz,9.99,hmart
Lkk Concentrated Chicken Bouillon 9.6oz,6.19,hmart
Kkm Soy Sauce 5oz,3.99,hmart
Shibanuma Shiho No Shizuku Sho 10.1oz,11.79,hmart
Yms Shinmi Soy Sauce 1l,8.79,hmart
Yamasa Shoyu Soy Sauce Less Salt 10oz,8.79,hmart
Kkm Manjo Aji Mirin 17oz,7.19,hmart
Sk Sweet Chili Sauce 18oz,7.79,hmart
CJ Tuna Fish Sauce Mild 500g,10.99,hmart
Kkm Hon Tsuyu Soup Base Koidashi 17oz,10.49,hmart
Morita Tsuyo Katsuo Seasoning 500ml,5.49,hmart
San-j Organic Tamari Gluten Free 10oz,10.99,hmart
Marukan Yuzu Ponzu Prem Soy Drss 120z,8.79,hmart
Marukan Ponzu Prem Soy Dressing 12oz,8.79,hmart
Sp Soy Sauce Rich & Delicate 29.8oz,7.19,hmart
CJO L.Sodium Sea Tangle Soy Sauce 840ml,9.99,hmart
Beksul Tuna Fish Sauce Rich 14.2oz,10.99,hmart
Otafuku Sushi Sauce 15oz,8.79,hmart
Yamaki Kappo Shirodashi 16.7oz,7.19,hmart
Daisho Seasoning Sauce For Sukiyak 1.3lb,11.19,hmart
Ebara Tare Yakiniku Shoyu 600g,15.49,hmart
Ebara Tare Yakiniku Hot Sauce 600g,15.49,hmart
Kimbo Dumpling Sauce Garlic 6.42oz,3.99,hmart
Marukan Rice Vinegar Lite 24oz,8.79,hmart
Marukan Rice Vinegar Genuine Brewed 24oz,8.79,hmart
Otg Korean Rice Syrup 700g,10.99,hmart
Bragg Liquid Aminos 16oz,9.49,hmart
Heinz Apple Cider Vinegar 16oz,3.99,hmart
Cjo Fresh Corn Oil 500ml,7.19,hmart
Berio Olive Oil 16.9oz,16.49,hmart
Hellmanns Light Mayonnaise 11.5oz,9.49,hmart
Morita Yuki Ryori Shu 16.6oz,10.49,hmart
Cj Oligosaccharide 700g,7.79,hmart
Mzk Cooking Rice Wine 13.53oz,8.29,hmart
Morita Cooking Rice Wine 500ml,5.49,hmart
Mizkan Rice Vinegar Natural 12oz,6.19,hmart
Cjo Apple Vinegar 500ml,5.29,hmart
Moon Lake Plum Wine With Plums 750ml,10.99,hmart
Ttl Cooking Spiritsmichiu 750ml,9.99,hmart
Morita Mirin Sweet Sake Seasoning 33.8oz,9.99,hmart
Sk Sesame Oil 22.12oz,17.79,hmart
Heinz Distilled White Vinegar 16oz,3.29,hmart
Marutomo Soup Base Tsuyu Somen 12.17oz,6.79,hmart
Dy Premium Oyster Sauce 9oz,6.79,hmart
Sk Pure Sesame Oil 6.25oz,6.19,hmart
Nisshin Mayo Dore Dressing 315g,8.79,hmart
Three Crabs Fish Sauce Small 10.14oz,7.79,hmart
Hansang Perilla Oil 5.41oz,7.79,hmart
Crd Roasted Black Bean Paste 1.1lb,8.79,hmart
Kenko Creamy Sesame Dressing 16.9oz,9.99,hmart
Kame Hoisin Sauce 8oz,6.79,hmart
Cholula Hot Sauce Original 5oz,6.99,hmart
ElYucateco Hot Sauce Chile Habanero 4oz,3.99,hmart
Lion & Glove Pure Peanut Oil 900ml,19.79,hmart
Lion&Globe Extra Virgin Peanut Oil 900g,19.79,hmart
Datu Puti Vinegar 33.81oz,5.49,hmart
Agri Yamazaki Onigiri Rice 2lb,14.99,hmart
Tomo Seasoned Bambooshoots 12.35oz,3.99,hmart
Otafuku Tonkatsu Sauce 17.6oz,7.79,hmart
He Cheng Pixian Broad Bean Paste 500g,4.99,hmart
Hot Crispy Oil Extra Hot 6oz,17.79,hmart
Jongga Vision Hot Pepper Paste 500g,6.79,hmart
Wang Hot Pepper Paste 1.1lb,7.79,hmart
Yuzu It Yuzu Pepper Sauce 5oz,11.79,hmart
Olivaroma Organic Olive Oil 750ml,31.49,hmart
W.Chuan F.Bean Curd Sesame Oil 13oz,5.49,hmart
W.Chuan White Fermented BeanCurd 13oz,5.49,hmart
Wang Korean BBQ Sauce Hot & Spicy 480g,7.79,hmart
Wang Korean B.B.Q Sauce Bulgogi 480g,6.09,hmart
Wang Soy Bean Paste 500g,6.09,hmart
Mil Fermented Chile Sauce Garlic 9oz,12.09,hmart
Mil Fermented Chile Paste Original 10oz,14.29,hmart
Youki Tenmenjan 4.59oz,7.79,hmart
Ht Ace Cracker Basque Cheesecake 12.74oz,8.79,hmart
Crw Poteau Cheese Cracker 368g,8.29,hmart
Sukina Mixed Grain 32oz,7.79,hmart
Hakubai Mochigome-Sweet Rice 2lb,5.49,hmart
Aguri Masakado Hikarimai Org Rice 2kg,49.49,hmart
Haru Haru Sushi Rice 4.4lb,9.99,hmart
Crd Black Beans 2lb,9.99,hmart
Crd Black Rice 4lb,19.79,hmart
S.shine Moonlight Akitakomachi 4.4lb,15.99,hmart
8 Elephants Jasmine Brown Rice  2lb,6.29,hmart
Koshihikari Premium Short Grain 4.4lb,20.99,hmart
Nishiki Premium Haiga Rice 5lb,14.99,hmart
Agri Milky Queen Org Rice 2kg,49.49,hmart
Kagayaki Rice 4.4lb,15.99,hmart
Japanese Premium Rice 11lb,43.99,hmart
Matsuri Rice Koshihikari 4.4lb,16.49,hmart
Sam Su Gab San Sweet Rice 4.4lb,11.99,hmart
Sukoyaka Genmai Brown Rice 4.4lb,20.99,hmart
Miyako Pearl Rice Medium Grain 4.4lb,8.79,hmart
Carolina Basmati Rice 32oz,8.79,hmart
Orion Choco Chip Mini 3.17Oz,2.79,hmart
Glico Bite Matcha Chocolate 3.3Oz,6.09,hmart
Lotte Sand Pineapple 315G,8.29,hmart
Pocas Thai Tea Flv 16.5Oz,4.39,hmart
Pocas Taro Bubble Tea 16.5Oz,4.39,hmart
Lotte Milkis Low Calorie Original 8.45Oz,2.19,hmart
Pocas Matcha Bubble Tea 16.5Oz,4.39,hmart
Paldo Rice Punch 50.72Oz,8.29,hmart
Hawaiian Sun Strwbrry Guava Nectar 340Ml,2.19,hmart
Harmless Harvest Coconut Water  10Oz,7.69,hmart
Pocas Brown Sugar Bubble Tea 16.5Oz,4.39,hmart
Health Ade Kombucha Passion Fruit 16Oz,5.99,hmart
Kameda Rice Cracker Soft Salad 4.9Oz,7.19,hmart
Glico Pretz Sweet Corn 1.09Oz,2.79,hmart
Glico Pretz Pizza 1.09Oz,2.79,hmart
Orion O!Tube Tomato 4.06Oz,6.09,hmart
Lotte Corn Snack Original 4.72Oz,7.69,hmart
Wei Lih Gge Tempura 2.82Oz,3.29,hmart
Orion Turtle Chips Choco Churros 2.83Oz,3.29,hmart
Lays Potato Chip Cucumber 70G,3.29,hmart
Harney&Sons English Breakfast 20/40G,9.89,hmart
Harney&Sons Organic Ginger Lemon Tea 20/40G,9.89,hmart
Harney&Sons  Earl Grey Supreme 20/40G,9.89,hmart
Harney & Sons New York Blend 20Ct,10.99,hmart
Nokchawon Bitter Melon 28G,9.89,hmart
Cg Ten Roasted Grain Powder 2.2Lb,8.79,hmart
Cg Ten Roasted Grain Powder Mix 2.2Lb,11.79,hmart
Sura Roasted Barley Tea 1Lb,6.59,hmart
Sura Roasted Corn Tea 16Oz,4.99,hmart
Ymy Organic Jasmine 1.2Oz,9.89,hmart
Cjo Rice Noodle Seafood 3.2Oz,3.99,hmart
Cjo Rice Noodle Spicy 3.2Oz,3.99,hmart
Cjo Seafood Ramen Big Cup 3.7Oz,3.79,hmart
Ucc The Blend Taste No 117 3.1Oz,15.39,hmart
Agf Cafe Latoty Milk Tea Latte 2.3Oz,6.79,hmart
Agf Cafe Latory Creamy Cappuccino 2.3Oz,8.79,hmart
Alderfer Organic Large Brown 6 Eggs,5.99,hmart
Alderfer Cage Free Large Eggs 18P,9.99,hmart
San Sui Soft Tofu 16Oz,2.79,hmart
San Sui Silken Tofu 16Oz,2.79,hmart
San Sui Firm Tofu 16Oz,2.79,hmart
Otafuku Smoky Teriyaki Sauce 7.05Oz,5.49,hmart
Daifuku Jumbo Udon W/ Soup Base 3/207G,5.49,hmart
Myojo Authentic Jap Udon 21.8Oz,7.69,hmart
Myojo Jumbo Udon Noodles Only 20.94Oz,7.19,hmart
Wang Fresh Udon 630G,8.29,hmart
Choripdong Tempura Udon 1.45Lb,5.49,hmart
Itsuki Yakisoba 17.99Oz,7.19,hmart
Asahi Mitsuya Peach Squash 500ml,4.49,hmart
Foco Thai Tea Drink 11.8fl.oz,2.79,hmart
Coca-Cola Zero Sugar Can Soda 12fl.oz,1.79,hmart
Cocomix Organic Pure Coconut Water 1L,6.79,hmart
Dongwon Sweet Rice and Pear Drink 1.5L,5.49,hmart
Woongjin 210 Days Mandarine Drink 1.5L,5.49,hmart
Ito En Milk Tea Matcha (Green Tea + Milk) 11.8fl.oz,3.29,hmart
Pokka Milk Coffee Gold 10fl.oz,3.29,hmart
The Mountain Valley Spring Water 33.8fl.oz,4.99,hmart
Essentia Water 20fl.oz,2.79,hmart
Lotte 2% Refreshing Water Peach Flavor 1.5L,8.29,hmart
Dong-A Oran-C Low Calorie Orange Carbonated Soft Drink 250ml,2.29,hmart
Dong-A Oran-C Low Calorie Orange Carbonated Soft Drink 6 Cans x 8.45fl.oz,10.99,hmart
Dong-A Oran-C Low Calorie Pineapple Carbonated Soft Drink 250ml,2.29,hmart
Dong-A Oran-C Low Calorie Pineapple Carbonated Soft Drink 6 Cans x 8.45fl.oz,2.29,hmart
Lotte Greek Yogurt Ice Bar Strawberry 6 Bars x 2.83fl.oz,8.79,hmart
Lotte Frozen Cider & Yogurt Flavored Ice Bar Family Pack 2.70fl.oz x 6 Bars,8.79,hmart
Surasang Seasoned Salted Pollack Roe (Tarako) 5oz,17.99,hmart
Lotte Milkis Carbonated Drink Strawberry 8.45fl.oz,2.29,hmart
Oatly The Orginal Oat Milk Low Fat 64fl.oz,8.29,hmart
Yogo Vera Non Carbonated Soft Drink with Natural Juice & Aloe Pulp Aloe Mango Flavor 500ml,3.29,hmart
La Fermiere Raspberry Blueberry Creamy Whole Milk Yogurt 5.6oz,4.99,hmart
Nestle Kit Kat Rich Green Tea Mini Biscuit 4.3oz,10.99,hmart
Country Archer Provisions Grass-Fed Beef Jerky Teriyaki 2.5oz,9.99,hmart
Glico Pocky Mint Cream Covered Cocoa Biscuit Sticks 2.14oz,3.99,hmart
Orion Fresh Berry Peach Pie 11.85oz,8.29,hmart
Orion Choco Pie with Banana Cream Filling 15.66oz,9.49,hmart
CW Premium Dessert Cookies Donut Peach Tart 160g,7.79,hmart
Orion Fresh Berry Pie 11.85oz,8.79,hmart
Suavitel Complete Fabric Conditioner Morning Sun 18 Sheets,3.49,hmart
Suavitel Complete Fabric Conditioner Field Flowers 36 Sheets,3.99,hmart
Kracie Ichikami Color Care Conditioner 16.2fl.oz,14.99,hmart
Kracie Ichikami Moisturizing Conditioner 16.2fl.oz,14.99,hmart
Kao Merit Rinse-Free Shampoo Pump 16.2fl.oz,19.99,hmart
Kao Merit The Shampoo 16.2fl.oz,19.99,hmart
Angus Beef Finger Meat 0.5lb,8.99,hmart
Jongga Sliced Napa Cabbage Kimchi 10.6oz,7.79,hmart
Surasang Sliced Kimchi 28.2oz,10.99,hmart
CJ Bibigo Vegan Kimchi Sliced Kimchi 17.63oz,9.99,hmart
Kibun Abura Age (Fried Beancurd) 3.17oz,3.99,hmart
Fleischmann's Active Dry Yeast Original 21g,3.99,hmart
Fleischmann's Rapid Rise Instant Yeast Fast-Acting 21g,3.99,hmart
Erawan Brand Tapioca Starch 16oz,2.79,hmart
Gompyo Wheat Flour 5.5lb,10.99,hmart
Jeonwon Perilla Powder 400g,17.99,hmart
Jeonwon Glutinous Rice Flour 400g,7.79,hmart
Ottogi Bread Crumbs 7.05oz,4.99,hmart
Erawan Brand Rice Flour 16oz,2.79,hmart
Jeonwon Acorn Jelly Salad Flour 400g,17.79,hmart
Beksul Wheat 100% Soft All-Purpose Flour 2.2lb,7.29,hmart
Shirakiku Japanese Bread Crumbs Honey Panko 8oz,4.99,hmart
Gompyo Frying Mix 2.2lb,6.29,hmart
Havista Corn Starch 8oz,3.99,hmart
Jeonwon Potato Starch Taste 400g,9.49,hmart
Jeonwon Sweet Potato Starch Taste 400g,9.99,hmart
Wang Korea Organic Roasted Chestnut 5.29oz,7.29,hmart
"Nongshim Premium Shin Gold with Chicken Broth Ramen Multi 4.58oz x 4 Packs, 18.3oz",15.49,hmart
"Nongshim Premium Shin Green Mushroom and Fried Tofu Ramen Multi 4.4oz x 4 Packs, 17.6oz",14.99,hmart
Sempio Brown Rice Vinegar 500ml,4.99,hmart
Sempio Naturally Brewed Soy Sauce Less Salt 29fl.oz,8.29,hmart
Sempio Premium Naturally Brewed Soy Sauce Yuginong 29fl.oz,16.49,hmart
"Sempio Naturally Brewed Soy Sauce for Soup, Chosun 31.44fl.oz",8.29,hmart
Nongshim Yookgaejang Sabalmyeon 3.03oz,3.29,hmart
Kong Yen Black Vinegar 20.2fl.oz,3.99,hmart
Sukina Tonkatsu Sauce (Pork Cutlet Sauce) 8.81oz,8.79,hmart
Sukina Gyoza Sauce 7.77fl.oz,6.79,hmart
Sukina Gyoza Sauce Hot 7.77fl.oz,7.79,hmart
Lee Kum Kee Seasoning Soy Sauce 16.9fl.oz,4.49,hmart
Lee Kum Kee Minced Ginger 7.5oz,6.79,hmart
"Mochidoki Mochi Ice Cream Cake Batter 1.25oz x 6ea, 7.50oz",10.49,hmart
"Mochidoki Mochi Ice Cream Strawberry 1.25oz x 4ea, 5.00oz",10.49,hmart
"Mochidoki Mochi Ice Cream Vanilla Chip 1.25oz x 6ea, 7.50oz",10.49,hmart
"Mochidoki Frozen Mochi Dessert Passion Fruit 1.25oz x 4ea, 5.00oz",10.49,hmart
"Mochidoki Frozen Mochi Dessert Mango 1.25oz x 4ea, 5.00oz",10.49,hmart
Imuraya Japanese Frozen Dessert with Azuki Bean and Soft Mochi (Yawa Mochi Original) 4 Cups. 10.8fl.oz,10.99,hmart
Imuraya Japanese Frozen Dessert with Azuki Bean and Soft Mochi (Yawa Mochi Matcha) 4 Cups. 10.8fl.oz,10.99,hmart
Vegetable Dumpling,5.99,hmart
Kimchi Pancake,4.99,hmart
Fried Shrimp Shumai,5.99,hmart
Mozzarella Cheese Potato Hotdog,5.99,hmart
Farmland Fresh Dairies 1% Lowfat Milk Half Gallon,6.79,hmart
Farmland Fresh Dairies 1% Lowfat Milk One Quart,3.29,hmart
Planet Oat Oatmilk Vanilla 52fl.oz,6.79,hmart
Planet Oat Oatmilk Orginal 52fl.oz,6.79,hmart
Kimchi Dumpling,5.99,hmart
Sweet Corn Nugget,4.99,hmart
Vegetable Gyoza Dumplings,4.99,hmart
Vegan Summer Roll,7.49,hmart
Spicy Shrimp Salad,5.99,hmart
Rosette Cleansing Paste Hyogadei Cleanse 4.2oz,9.49,hmart
Rosette Cleansing Paste Ghassoul Bright  4.2oz,9.49,hmart
Rosette Cleansing Paste Red Wrinkle 4.2oz,9.49,hmart
Tokyo Bread Hokkaido Cream Pan 2.47oz,3.99,hmart
Orion Turtle Chips Truffle 5.65oz,7.29,hmart
Weilong Delicious Konjac Shuang Szechwan Taste 360g,8.49,hmart
Mother in Law's Kimchi House Napa Cabbage 16fl.oz,14.49,hmart
Seoul Kimchi 100% Natural Fermented Sliced Napa Cabbage 14oz,12.99,hmart
Gonshen Kimchi Vegan White Napa 14oz,15.49,hmart
Gonshen Kimchi Sliced Napa 14oz,13.99,hmart
Shirakiku Fermented Soybean Hikiwari Natto 6.03oz,4.99,hmart
"Shirakiku Fermented Soybean with Seasoning Sauce ""Goku Kotsubu Mini 3"" 6.0oz",4.49,hmart
Tony's Chocolonely Tiny Assorted Chocolate Flavors 4.44oz,10.99,hmart
Tony's Chocolonely Tiny Milk Chocolate Caramel Sea Salt 4.44oz,11.79,hmart
Orion O'Jelly Real Gummy Candy Grape Flavor 2.36oz,2.29,hmart
Orion O'Jelly Real Gummy Candy Plum Flavor 2.36oz,2.29,hmart
Little Sheep Hotpot Soup Base Mala Spicy 7.05oz,7.29,hmart
Nestle Smarties Milk Chocolate 38g,2.29,hmart
Kracie Popin' Cookin' Tanoshii Cakes 0.9oz,5.49,hmart
Kracie Popin' Cookin' Tanoshii Donuts 1.4oz,5.49,hmart
Kracie Popin' Cookin' Tanoshii Bento 1oz,5.49,hmart
Ritter Sport Milk Chocolate with Whole Hazelnuts 3.5oz,6.29,hmart
Ritter Sport Alpine Milk Chocolate 3.5oz,4.99,hmart
Ritter Sport Milk Chocolate with Butter Biscuit & Cocoa Creme 3.5oz,6.29,hmart
Lindt Excellence a Touch of Sea Salt Dark Chocolate 3.5oz,6.29,hmart
Lindt Excellence Intense Orange Natural Flavor 3.5oz,6.29,hmart
Lindt Excellence Caramel with a Touch of Sea Salt 3.5oz,6.49,hmart
Lindt Excellence 90% Cocoa Dark Chocolate 3.5oz,6.29,hmart
"Harney & Sons Organic Black Tea 20 Tea Bags, 1.26oz",6.79,hmart
"Twinings of London Pure Black Tea English Breakfast 20 Tea Bags, 1.41oz",6.79,hmart
Gourmet Taste Shaoxing Cooking Wine 25.3fl.oz,6.79,hmart
Nestle Kit Kat Mini Milk Tea 2.9oz,8.99,hmart
Nestle Kit Kat Mini Chocolate Orange 2.8oz,7.99,hmart
Ferrero Rocher Fine Hazelnut Chocolates 5.3oz,11.79,hmart
Kettle & Fire Organic Low Sodium Beef Broth 32oz,7.79,hmart
Kettle & Fire Organic Classic Chicken Bone Broth 16.9oz,10.99,hmart
Kettle & Fire Low Sodium Savory Vegetable Broth 32oz,7.79,hmart
Kettle & Fire Organic Low Sodium Chicken Broth 32oz,7.79,hmart
Kikkoman Sushi & Sashimi Soy Sauce 10fl.oz,7.29,hmart
Ottogi Perilla Oil 160ml,15.49,hmart
Ottogi 100% Pure Sesame Oil 5.4fl.oz,10.99,hmart
Wang Korea 100% Sesame Oil 6.25fl.oz,7.29,hmart
Wang Korea Hot Sesame Oil 6.25fl.oz,7.29,hmart
Beksul Abalone Oyster Sauce 350g,10.99,hmart
Kame Fish Sauce 7fl.oz,6.79,hmart
Kame Duck Sauce 8.5oz,6.79,hmart
Roland Oyster Sauce 7.03fl.oz,5.49,hmart
Kame Oyster Sauce 7.1fl.oz,6.79,hmart
Twin Marquis Hong Kong Style Pan Frying Noodle 16oz,6.79,hmart
Twin Marquis Japanese Style Yakisoba Noodle 16oz,5.49,hmart
"Binggrae Melona Purple Yam(Ube) Flavor 8 Bars, 19fl.oz",8.79,hmart
Assorted Kimbap,15.99,hmart
Twin Marquis Jiaozi Dumpling with Pork & Chinese Chive 16oz,8.29,hmart
Twin Marquis Jiaozi Dumpling with Pork & Mushroom 16oz,8.29,hmart
Wei-Chuan Lotus Leaf Bun 23oz,8.79,hmart
Ajinomoto Chicken Gyoza Dumplings Family Pack 24.7oz,15.99,hmart
Ajinomoto Vegetable Gyoza Dumplings Family Pack 24.7oz,15.99,hmart
EZN Odorless Hair Color Cream No. 5 Dark Chestnut,8.99,hmart
EZN Odorless Hair Color Cream No. 7 Natural Black Brown,8.99,hmart
Por Kwan Shrimp Paste with Bean Oil 7oz,7.79,hmart
"Maxim White Gold Coffee Mix 100 Sticks, 41.27oz",30.79,hmart
Maxim Supreme Gold Coffee Mix 9.52oz,9.99,hmart
"Nescafe Taster's Choice Hazelnut Instant Coffee 16 Packets, 1.69oz",6.79,hmart
"Nescafe Taster's Choice House Blend Instant Coffee 18 Packets, 1.9oz",7.79,hmart
"Nescafe Taster's Choice Decaf House Blend Instant Coffee 16 Packets, 1.69oz",7.29,hmart
Chung Jung One Extra Virgin Olive Oil 500ml,15.99,hmart
Chung Jung One Premium Canola Oil 500ml,9.49,hmart
Chung Jung One Premium Grapeseed Oil 500ml,15.49,hmart
Yamajirushi Yuzu Juice Gluten Free 5fl.oz,10.99,hmart
Kitagawa Yuzu Juice 5fl.oz,19.79,hmart
Sukina Teriyaki Sauce 9.52oz,7.29,hmart
Sweetened Condensed Filled Milk 14oz,5.29,hmart
Nissui Mackerel in Oil 6.52oz,4.49,hmart
Pearl River Bridge Fried Dace with Salted Black Beans 6.5oz,4.99,hmart
Pearl River Bridge Fried Dace 6.5oz,4.99,hmart
Twin Marquis Thick Wonton Noodle 12oz,6.79,hmart
Joy & Bonjuk Premium Tuna & Vegetable Juk 300g,9.49,hmart
Joy & Bonjuk Premium Sweet Red Bean Juk 300g,9.49,hmart
Yi-Feng Sliced Noodles 21oz,8.29,hmart
Lee Kum Kee Mushroom Bouillon Powder 7.1oz,7.29,hmart
Lee Kum Kee Premium Bouillon Powdered Flavored with Chicken 8oz,7.29,hmart
Guan Miao Ramen Noodles 26oz,7.29,hmart
Ajinomoto Umami Seasoning Monosodium Glutamate 16oz,6.29,hmart
Hata Soda White Peach Flavor 500g,3.99,hmart
Hawaiian Sun Passion Orange 11.5fl.oz,2.29,hmart
Hawaiian Sun Lilikoi Lychee 11.5fl.oz,2.29,hmart
Hawaiian Sun Lilikoi Passion 11.5fl.oz,2.29,hmart
Hawaiian Sun Green Tea Lychee with Ginseng and Natural Lychee Flavor 11.5fl.oz,2.29,hmart
Ottogi Snack Ramen 3.8oz,2.79,hmart
Nongshim Kimchi Flavor Noodle Soup 4.2oz,2.79,hmart
Nongshim Ansung Noodle Soup Beef & Fermented Bean Flavors 4.40oz,2.79,hmart
Mama Oriental Style Instant Noodles Green Curry Flavor 3.17oz,1.29,hmart
Mama Oriental Style Instant Noodles Shrimp Creamy Tom Yum Flavor 3.17oz,1.29,hmart
Paldo Gomtang Korean Beef Flavored Noodle Soup 3.60oz,2.79,hmart
Paldo Namja Ramen Instant Noodle with Soup Base 4.06oz,2.79,hmart
Paldo Omori Kimchi Stew Ramyun 5.64oz,3.29,hmart
Nissin Raoh Ramen Noodle Soup Artificial Tonkotsu Flavor 3.53oz,6.29,hmart
Nissin Raoh Ramen Noodle Soup Soy Sauce Flavor 3.77oz,6.29,hmart
"Tokyo Noodle Mini Instant Noodle Chicken Flavor 4 Packs, 4.23oz",4.49,hmart
Paldo Premium Gomtang Noodle 4.41oz,3.29,hmart
Paldo Instant Noodle with Seafood Soup 120g,2.79,hmart
Paldo Rabokki Noodle Stir Fried Noodle with Korean Hot & Spicy Soup Base 5.11oz,3.29,hmart
Paldo Jjajangmen Instant Noodles with Black Bean Sauce 7.16oz,3.99,hmart
Paldo Hwa Ramyun Hot & Spicy 4.23oz,2.29,hmart
Paldo Bul Jjamppong Instant Noodles with Flamed Spicy Seafood Soup 4.90oz,3.29,hmart
Ottogi Sesame Flavor Ramen 4.05oz,3.99,hmart
Ottogi Kimchi Ramen 120g,3.29,hmart
Ottogi Beijing Jjajang Ramen Stir Fried Black Bean Flavor 4.76oz,3.29,hmart
Ottogi Jin Jjamppong Spicy Seafood Noodle 4.58oz,3.29,hmart
Ottogi Beijing Jjambong Ramen Spicy Seafood Stew Flavor 4.23oz,4.29,hmart
Nongshim Naengmyeon Sweet & Spicy Gochujang Sauce 5.6oz,4.49,hmart
"Wei Lih Instant Noodles with Shrimp Flavour 5 Packs x 85g, 425g",7.79,hmart
"Shirakiku Goku-Uma Ramen Noodles Soy Sauce Flavor 5 Packs, 455g",8.79,hmart
Pasco Shikishima Choujuku Shokupan 6 Slices 374g,9.99,hmart
Pasco Shikishima Choujuku Shokupan 4 Slices 374g,9.99,hmart
Lotte Margaret Cookie 6.20oz,7.79,hmart
"Jardin Fruit Orange Flavored Black Tea 8 Bags x 0.67oz, 6.7oz",12.79,hmart
"Wei Lih Instant Noodles with Spicy Beef Flavour 5 x 85g, 425g",7.79,hmart
"Wei Lih Instant Noodles with Onion Flavour 5 x 85g, 425g",7.79,hmart
Haidilao Beef Tallow Hot Pot Soup Base 7.8oz,7.29,hmart
Jinmailang Instant Noodle Artificial Hot & Sour Pork Bone Flavor 5 packs x 141g,7.29,hmart
Jinmailang Instant Noodle Artificial Japanese Style Pork Bone Flavor 5 packs x 124g,7.29,hmart
Haio Passion Fruit & Yuja Tea with Honey 2.2lb,11.79,hmart
Haio Ginger & Yuja Tea with Honey 2.2lb,11.79,hmart
Bacchama Yam Cake (Itokon) 7oz,2.79,hmart
Lee Kum Kee Vegetarian Hoisin Sauce 20oz,6.29,hmart
Lee Kum Kee Supreme Soy Sauce 16.9fl.oz,5.49,hmart
Lee Kum Kee Soup Base for Tom Yum Hot Pot 7oz,6.19,hmart
Lee Kum Kee Soup Base for Satay Hot Pot 7oz,5.49,hmart
Lee Kum Kee Selected Five Spices Marinade 14fl.oz,5.49,hmart
Lee Kum Kee Premium Seasoning Soy Sauce 16.9fl.oz,6.79,hmart
Lee Kum Kee Panda Oyster Flavored Sauce 9oz,4.99,hmart
Lee Kum Kee Minced Garlic 7.5oz,6.29,hmart
Lee Kum Kee Garlic Hoisin Sauce 20.8oz,7.29,hmart
Lee Kum Kee Curry Sauce 8.3oz,6.29,hmart
Lee Kum Kee Brown Cooking Soy Sauce 16.9fl.oz,4.49,hmart
Lee Kum Kee Brown Braising Sauce 14fl.oz,4.99,hmart
Nestle Kit Kat Otona No Amasa Strawberry 4.7oz,10.99,hmart
Blue Bottle Bold Whole Bean Coffee 12oz,26.49,hmart
Blue Bottle Balanced Whole Bean Coffee 12oz,26.49,hmart
Fresh Beef Oxtail,33.00,hmart
CJ Bibigo Steamed Soup Dumplings 1.5lb,15.99,hmart
Frozen Beef Tendon,8.99,hmart
Beef Sliced Omasum,12.99,hmart
Prime Beef Eyeround Shabu Shabu 0.75lb,14.99,hmart
Sweet Mini Pepper,3.49,hmart
Shiitake Mushrooms,7.99,hmart
Koppert Cress Sakura Cress,4.49,hmart
Organic Shiitake Mushroom,7.49,hmart
Organic King Oyster Mushroom 300g,6.79,hmart
Organic Enoki Mushrooms 3.5oz,7.49,hmart
Korea White Shimeji Mushroom 150g,3.49,hmart
Korea Brown Shimeji Mushroom 150g,3.49,hmart
Koppert Cress Daikon Cress,4.49,hmart
Crimini Mushroom,4.49,hmart
Chinese Shiitake Mushrooms,9.27,hmart
Burdock Weed Gobo,8.07,hmart
Red D' Anjou Pears,5.29,hmart
Organic Red Seedless Grapes,5.99,hmart
Organic Green Seedless Grapes,8.00,hmart
Cotton Candy Green Seedless Table Grapes 1lb,10.49,hmart
Forelle Pears 1 Each,2.49,hmart
Fuyu Persimmons 1lb,3.99,hmart
Berry Lover Mix Salad,4.76,hmart
Cantaloupe Salad,3.65,hmart
Jinga Seasoned Garlic Stem (S) 4oz,4.99,hmart
Jinga Seasoned Perilla Leaves (S) 4oz,5.49,hmart
Jinga Stir-Fried Spicy Anchovies (S) 2oz,7.99,hmart
Jinga Seasoned Dried File Fish (S) 2oz,7.99,hmart
Heng Shun Zhenjiang Vinegar 550ml,4.49,hmart
Gold-Plum Chinkiang Vinegar 550ml,6.79,hmart
Asian Taste Yellow Rock Sugar 16oz,3.29,hmart
Asian Taste Shao Sing Rice Cooking Wine 750ml,5.49,hmart
Lotte Pepero Snowy Almond 32g,2.29,hmart
Berkshire Tenderloin Stirfry 0.56lb,9.51,hmart
Lee Kum Kee Sesame Oil Blended with Soybean Oil 7fl.oz,7.79,hmart
Lee Kum Kee Pure Black Sesame Oil 7fl.oz,7.79,hmart
Greenmax Black Sesame Cereal 14.8oz,9.99,hmart
Greenmax Purple Yam & Black Soybean Powder 12.7oz,9.49,hmart
Greenmax Purple Rice & Black Sesame Cereal 14.8oz,9.49,hmart
Tokyo Bread Sio Butter Pan 70g,3.99,hmart
Tokyo Bread Chocolate Pan 70g,3.99,hmart
Lotte Sac Sac Orange 12 cans x 238ml,23.99,hmart
House Foods Tofu Shirataki Macaroni 8oz,3.99,hmart
Glade Plugins Scented Oil Plus 1 Warmer (Refill Not Included),9.99,hmart
Glade Energize 2in1 Vanilla Passion Fruit + Hawaiian Breeze Candle96g,6.79,hmart
Glade Renewing Clean Linen Candle 96g,6.79,hmart
Glade Invigorating Aqua Waves Candle 96g,6.79,hmart
Easy-Off Oven Cleaner Heavy Duty 14.5oz,8.99,hmart
Easy-Off Oven Cleaner Fume Free Safe for Self-Cleaning Ovens 14.5oz,8.99,hmart
"Yamamotoyama Gyokuro Premium Green Tea 10 Pyramid Tea Bags, 0.8oz",15.99,hmart
Yamasa Kombu Tsuyu 16.9fl.oz,12.29,hmart
Yoodong Canned Silkworm Pupa Spicy Flavor 9.87oz,3.99,hmart
Wei Lih GGE Wheat Crackers Original Flavor 2.82oz,3.29,hmart
Wei-Chuan Water Chestnuts Whole 8oz,2.29,hmart
Wang Korea Mabo Tofu Sauce Mild Hot 4.58oz,4.49,hmart
Wang Korea Mabo Tofu Sauce Mild 4.58oz,4.49,hmart
Wang Korea Mabo Tofu Sauce Extra Hot 4.58oz,4.49,hmart
Wang Korea Cold Buck Wheat Noodles with Chilled Broth 22oz,7.29,hmart
Wang Korea Cold Buck Wheat Noodle with Chilled Broth 22oz,7.29,hmart
Wei-Chuan Organic Chinese Lomein 1lb,4.49,hmart
Vilac Yogurt Flavored Jelly Peach 1.76oz,2.99,hmart
Vilac Yogurt Flavored Jelly Original 1.76oz,3.99,hmart
Vekoo Stainless Square Chopsticks Set (5 Pairs),8.49,hmart
Vekoo Bamboo Chopsticks (Blue/Green) 5Pairs,5.99,hmart
Giant One Way Potato Peeler,3.29,hmart
Star Susemi Sponge Scrubber (Large),2.49,hmart
Star Susemi Trista Sponge Scrubber,2.99,hmart
Tarami Kudamonoyasan White Peach Jelly 5.6oz,2.09,hmart
Tarami Kudamonoyasan Mango with White Peach Jelly 5.6oz,2.09,hmart
Shoda Seasoned Soy Sauce (Tosa Shoyu) 16.91fl.oz,17.79,hmart
Thai Kitchen Sweet Red Chili 6.57fl.oz,9.99,hmart
Tarami Kudamonoyasan Mandarin Orange Jelly 5.6oz,2.79,hmart
Tarami Kudamonoyasan Fruit Mixed Jelly 5.6oz,2.09,hmart
Tarami Kudamonoyasan Melon Jelly 5.6oz,2.09,hmart
Tampax Regular 10 Tampons,5.49,hmart
Tamanoi Powdered Sushi Flavoring 2.64oz,4.49,hmart
Colgate Extra Clean Full Head Soft Toothbrush,2.49,hmart
"Samyang Cheese Buldak Hot Chicken Flavor Ramen Family Pack, 140g x 5Pks, 700g",12.29,hmart
Samyang 2X Spicy Hot Chicken Flavor Ramen Cup (Small Cup) 2.46oz,2.79,hmart
"Samyang 2X Spicy Buldak Hot Chicken Flavored Ramen (Small Cup) 70g x 6 Cups, 420g",15.49,hmart
Sunaroma Lavender Calming Body Bar 8oz,7.49,hmart
Sunaroma Goat's Milk Nourishing Body Bar 8oz,7.49,hmart
Sunaroma Coconut Moisturizing Body Bar 8oz,7.49,hmart
Tagami Toothpicks Size M 5Pck,3.99,hmart
Sempio Mackerel Pike Boiled (Pacific Saury) 14.11oz,7.79,hmart
Songwha Lemon Ginger Hard Candies 3.5oz,3.99,hmart
Songwha Pure Ginger Syrup 12fl.oz,8.79,hmart
Pearl Soba Tray (Square),6.99,hmart
Kokubo Plastic Rice Ball Mold,3.99,hmart
Shirakiku Japanese Style Noodles Shirasagi No Ito Somen 25.39oz,9.99,hmart
Shirakiku Dried Shaved Skipjack Tuna 2.82oz,12.29,hmart
Shirakiku Cut Wakame Dried Seaweed 2oz,3.99,hmart
Sinbo Canton Noodles Oriental Style (Thin) 13.2oz,2.79,hmart
Shirasaginohana Cha Soba 14.1oz,10.99,hmart
"Shimaya Japanese Kombu Dashi Powder 8g x 7 packs, 56g",4.99,hmart
SFC Bio Sparkling Mango 11.83fl.oz,1.79,hmart
SFC Bio Sparkling Calamansi 11.83fl.oz,1.79,hmart
Sapporo Ichiban Shio Ramen 102g,2.29,hmart
Sapporo Ichiban Chow Mein with Dried Seaweed Laver 3.6oz,2.29,hmart
S&B Spaghetti Sauce Spicy Cod Roe 52.4g,6.79,hmart
"S&B Spaghetti Sauce Garlic, Olive Oil & Chili Pepper 44.6g",6.79,hmart
S&B Spaghetti Sauce Cod Roe 46.4g,6.79,hmart
S&B Shio Arabiki Ground Pepper 3.1oz,6.79,hmart
S&B Ichimi Togarashi Chili Pepper 0.52oz,4.49,hmart
Prime Cook Spatula,4.49,hmart
Por Kwan Crab Paste with Bean Oil 7oz,7.79,hmart
Pokkin Fruit Kaju 20% 20.3fl.oz,3.99,hmart
Pokkin Fruit Milk 20.3fl.oz,3.29,hmart
Pocas Honey Ginger Tea Turmeric Flavor 20 Sachets 12.7oz,7.79,hmart
Pokkin Fruit Apple Juice & Milk 20.3fl.oz,4.99,hmart
Pocas Honey Ginger Tea Lemon Flavor 20Sachets 12.7oz,6.29,hmart
"Pulmuone Katsuo Soba Ramen Family Pack 116g x 4Pks, 464g",9.99,hmart
Hansung Scallion Slicer,3.49,hmart
Nutty Peanut Roasted Salt 9oz,3.59,hmart
Nutty Peanut Raw 9oz,2.79,hmart
"Paldo Volcano Chicken Noodles 140g x 4Pks, 560g",12.29,hmart
Paldo Volcano Chicken Noodle Spicy (Cup) 2.47oz,3.29,hmart
"Paldo Jang Ramyun 120g x 5Pks, 600g",10.99,hmart
Paldo Seafood Flavor King Noodle 3.88oz,4.49,hmart
"Paldo Instant Noodles with Seafood Soup 120g x 5Pks, 600g",12.29,hmart
"Paldo Premium Gomtang Family Pack, 125g x 4Packs, 500g",12.29,hmart
"You Us Omori Kimchi Stew Ramyun 160g x 4, 640g",10.99,hmart
"Paldo Namja Ramen 115g x 5pks, 575g",12.29,hmart
Paldo Lime Lobster Flavor King Noodle 3.88oz,4.49,hmart
Paldo Lobster Flavor King Noodle 3.88oz,4.49,hmart
"Paldo Jjajangmen Noodles with Black Bean Sauce 203g x 4Pks, 812g",13.29,hmart
Paldo Bibim Jang Sauce 12.80oz,12.29,hmart
Ottogi Wasabi Powder 10.58oz,12.49,hmart
Ottogi Sweet Red-Bean Porridge 10.05oz,6.29,hmart
Ottogi Soup Tteok-Bokki/ Spicy Rice Cake Soup 15.02oz,9.99,hmart
"Ottogi Snack Ramen Bundle 62g x 6 Cups, 372g",16.49,hmart
"Ottogi Snack Ramen Family Pack, 108g x 5 Pks, 540g",12.29,hmart
"Ottogi Kimchi Ramen Family Pack, 120g x 5Pks, 600g",12.29,hmart
"Ottogi Beijing Jjajang Ramen Stir Fried Black Bean Flavor 135g x 5Pks, 675g",11.99,hmart
"Ottogi Jin Ramen Mild Bundle 65g x 6 Cups, 390g",15.99,hmart
Ottogi Korean Style Instant Noodle Jin Ramen Spicy (Small Cup) 2.29oz,2.79,hmart
"Ottogi Jin Ramen Spicy Bundle 65g x 6 Cups, 390g",15.99,hmart
Ottogi Yuk-Gae-Jang Ramen 2.18oz,3.29,hmart
"Ottogi Yuk-Gae-Jang Ramen Bundle 62g x 6 Cups, 372g",17.29,hmart
"Ottogi Beijing Jjambbong Ramen Family Pack 120g x 5Pks, 600g",11.99,hmart
Ottogi Cooking Plum Extract Syrup 660g,17.79,hmart
Ottogi Black Bean Sauce Mix 3.52oz,6.79,hmart
O! Tea Omija Sangria Tea 14.1oz,11.79,hmart
O! Tea Mango Passion Fruit Tea 14.1oz,11.79,hmart
"Ottogi Jin Ramen Veggie 110g x 4Pks, 400g",12.29,hmart
Ohsung Yes! Chips! Deep Fried Shrimp Chips 3.7oz,4.99,hmart
Orion Turtle Chips Choco Churros Flavor 5.65oz,7.29,hmart
Orion Peanut Ball 7.13oz,6.79,hmart
Orion Chambungeobbang Korean Soft Cake 8 Packs 232g,11.79,hmart
Orion Cosomi Sweet & Salty Cracker 12 Packs 216g,8.29,hmart
Orion Turtle Chips Seaweed Flavor 5.65oz,7.29,hmart
Orion Turtle Chips Flamin' Lime Flavor 5.64oz,7.29,hmart
Orion O!Tube Cheddar Cheese Flavor 4.06oz,6.29,hmart
Orion Miz Black 2Pk 2.96oz,4.49,hmart
Moon Valley Organics Foaming Herbal Hand Soap Unscented 8.8fl.oz,10.49,hmart
Yamamotoyama Genmai Cha Green Tea With Roasted Rice 3.5oz,12.79,hmart
Organic Farm Roasted Chestnut 5.29oz,3.99,hmart
Nutty Pumpkin Seeds (Pepitas) 9oz,5.79,hmart
Nutty Dried Prunes 10oz,6.19,hmart
Nutty Pistachios Roasted No Salt 6oz,6.39,hmart
Nutty Pistachios Roasted Salt 6oz,6.39,hmart
Nutty Pecan 6oz,6.59,hmart
Nutty Omega-3 8oz,5.59,hmart
Nutty Mixed Nut 8oz,8.39,hmart
Nutty Cashews Roasted No Salt 8oz,7.19,hmart
Nutty Brazil Nut 10oz,10.99,hmart
Nutty Almond Raw 8oz,6.79,hmart
Nutty Almond Slice 7oz,7.79,hmart
Nongshim Tempura Udon Flavor Noodle Soup (Small Cup) 2.64oz,2.79,hmart
Nongshim Tako Chips Seafood Flavor Big Size 10.09oz,14.29,hmart
Nongshim Champong Noodle Soup 4.37oz,3.29,hmart
"Nongshim Spicy Shrimp Flavor Bundle 2.3oz x 6 Cups, 14.1oz",17.79,hmart
Nongshim Cup Noodle Soup Spicy Shrimp Flavor (Small Cup) 2.3oz,3.29,hmart
Nongshim Bowl Noodle Soup Spicy Shrimp Flavor 3.03oz,2.79,hmart
"Nongshim Soon Veggie Noodle Soup Bundle 75g X 6 Cups, 450g",14.29,hmart
Nongshim Soon Veggie Noodle Soup (Small Cup) 2.64oz,2.79,hmart
Nongshim Shrimp Cracker Spicy Flavor Big Size 14.10oz,13.29,hmart
Nongshim Gochujang Flavor Shrimp Crackers 2.64oz,3.99,hmart
Nongshim Shrimp Flavored Chips Big Size 7.05oz,14.99,hmart
"Nongshim Shin Ramyun Noodle Soup 120g X 10P, 1.2Kg",21.99,hmart
Nongshim Shin Ramyun Noodle Soup Black Bowl 3.5oz,4.99,hmart
Nongshim Udon Premium Noodle Soup 9.73oz,9.49,hmart
Nongshim Rice Shrimp Snack 80g,4.99,hmart
Nongshim Onion Flavored Rings Big Size 5.99oz,12.79,hmart
Nongshim Onion Flavored Rings 3.17oz,5.49,hmart
Nongshim Neoguri Noodle Soup Spicy Seafood Flavor Bowl 2.64oz,2.79,hmart
"Nongshim Neoguri Noodle Soup Spicy Seafood Flavor Bowl 75g X 6P, 450g",15.49,hmart
Nongshim Honey Twist Snack Big Size 10.05oz,12.79,hmart
Nongshim Fried Snack (Chicken Nugget) 2.32oz,4.99,hmart
"Nongshim Doong Ji Naeng Myeon with Sweet & Spicy Gochujang Sauce 159g X 3P, 477g",11.79,hmart
Nongshim Cuttlefish Snack 9.17oz,14.29,hmart
Nongshim Cuttlefish Snack 1.94oz,3.99,hmart
Nongshim Cho Chung U-Gua Rice Snack 2.82oz,3.99,hmart
Nongshim Cho Chung U-Gua Rice Snack Big Size 10.23oz,12.79,hmart
"Nongshim Champong Spicy Seafood Flavored Noodle Soup 4 Pkgs x 130g, 520g",14.99,hmart
Nongshim Bowl Noodle Soup Spicy Kimchi Flavor 3.03oz,2.79,hmart
Nongshim Bowl Noodle Soup Lobster Flavor 3.03oz,2.79,hmart
"Nongshim Baehongdong Bibimmyeon 137g X 4Packs, 548g",11.79,hmart
Nongshim Banana Kick 6.34oz,12.79,hmart
Nongshim Banana Kick 1.58oz,3.99,hmart
"Nokchawon Corn Silk Tea, 1.5g X 50 Tea Bags, 75g",7.29,hmart
Nissin Cup Noodle Seafood 2.7oz,4.49,hmart
Nissin Cup Noodle Curry 2.8oz,4.49,hmart
Ninben Noodle Sauce Tsuyu 400ml,8.29,hmart
Mizkan Natural Flavored Distilled Vinegar 500ml,19.79,hmart
Moon Valley Organics Foaming Herbal Hand Soap Cranberry Citrus 260.2ml,10.49,hmart
Morn Rice Noodle (Vermicelli) 250g,4.99,hmart
Morinaga Mori-Nu Silken Tofu Soft 12.0oz,2.99,hmart
Morinaga Mori-Nu Silken Tofu Firm 12.3oz,2.99,hmart
Morinaga Mori-Nu Silken Tofu Extra Firm 12.3oz,2.99,hmart
Morinaga Hi-Chew Plus Fruit Sunrise Mix Candy 2.82oz,3.79,hmart
Morinaga Hi-Chew Berry Mix 3.17oz,3.79,hmart
Mogu Mogu Pina Colada Drink With Nata De Coco 320ml,1.79,hmart
Mogu Mogu Passion Fruit Drink with Nata De Coco 320ml,1.79,hmart
Mogu Mogu Melon Drink with Nata De Coco 320ml,1.79,hmart
Mogu Mogu Grape Juice with Nata De Coco 320ml,1.79,hmart
Mogu Mogu Coconut Juice with Nata De Coco 320ml,2.79,hmart
Mogu Mogu Apple Juice with Nata De Coco 320ml,1.79,hmart
Ito En Matcha Love Japanese Matcha + Green Tea 10T 0.63oz,8.29,hmart
Mizkan Mirin Sweet Cooking Seasoning 355ml,7.79,hmart
Mishima Gluten Free Miso Soup Mixed Flavor 3Pk 1.05oz,5.49,hmart
Mishima Gluten Free Miso Soup Sriracha Flavor 3Pk 1.05oz,5.49,hmart
Miko Brand Instant Miso Soup Wakame Seaweed 6.21oz,6.29,hmart
Miko Brand Instant Miso Soup Green Onion 6.21oz,6.29,hmart
Sanada Microwave Oven Cleaner (Orange Oil),2.99,hmart
Meishoku Placewhiter Whitening Eye Cream 30g,16.99,hmart
"Maxim Decaffeinated Coffee Mix 20 Sticks, 8.32oz",9.99,hmart
Makairi Genmaicha Marushichi Suzuki Br. Tea Leaf 250g,7.79,hmart
Mammos Korean Red Ginseng Candy 3.52oz,2.29,hmart
Mama Pho Ga Rice Noodles with Chicken Flavor 2.29oz,3.29,hmart
Mama Pho Bo Rice Noodles with Beef Flavor 2.29oz,3.29,hmart
Mae Ploy Sweet Chilli Sauce 32oz,6.29,hmart
Lotte Pepero White Cookie 32g,2.29,hmart
Lotte Pepero Original 47g,2.29,hmart
"Lotte Milkis Peach Flavored Carbonated Drink 8.45fl oz x 6Cans, 50.7fl.oz",8.79,hmart
Lotte Chewing Candy Strawberry 5.57oz,7.49,hmart
Lotte Mom's Homemade Butter Flavored Pie 20 Packs 254g,9.99,hmart
Lotte Custard Pie Strawberry 10P 7.76oz,12.79,hmart
Lotte Choco Pie Black Sugar Milk Tea 12P 11.85oz,7.79,hmart
"Lotte Chilsung Cider Lemon Lime Soda 8.45fl.oz X 6Pk, 50.7fl.oz",10.99,hmart
Lotte Chic-Choc Original (Big Pack) 12P 6.35oz,8.29,hmart
Lotte Chic-Choc Original 4.23oz,6.79,hmart
Lotte Cheetos Sweet & Spicy Flavor 5.78oz,7.79,hmart
Lotte Cheetos Smoky Bbq Flavor 5.78oz,7.79,hmart
Lotte Cereal Choco (Cup) 3.14oz,3.99,hmart
Lotte Butter Coconut Sweet Biscuit 3.53oz,3.29,hmart
Lotte Burdock Tea Unsweetened 500ml,5.49,hmart
Lotte Binch Chocolate & Biscuit Cookie 3.60oz,4.99,hmart
Lotte 2% Peach 240ml x 6Pk,10.49,hmart
Lotte Oat & Seven Grain Biscuit (Cereal Choco) 1.48oz,2.79,hmart
Lotte Harvest Original 3.5oz,3.29,hmart
Long Kow Broad Cellophane Noodles 6.3oz,7.79,hmart
Lee Kum Kee Sichuan Spicy Noodle Sauce 8.2oz,4.99,hmart
Lee Kum Kee Sichuan Style Hot & Spicy Soup Base (Malatang) 7oz,5.49,hmart
Lee Kum Kee Premium Soy Sauce 150ml,4.49,hmart
Little Sheep Tomato Soup Base For Hot Pot 7.05oz,7.79,hmart
Kose Coenrich Q10 Whitening Hand & Finger Cream 2.8oz,10.99,hmart
Rainbow Go Stop Cards,7.99,hmart
Kukubo Multipurpose Brush Green,4.29,hmart
Knorr Tamarind Soup Mix with Other Natural Flavor 1.41oz,2.49,hmart
Kikkoman Traditionally Brewed Soy Sauce 148ml,4.99,hmart
Kikkoman Sriracha Mayo 8oz,7.79,hmart
Kikkoman Traditionally Brewed Less Sodium Tamari Soy Sauce 296ml,9.49,hmart
Kikkoman All Purpose Seasoning Tamari Gluten-Free Soy Sauce 296ml,7.79,hmart
Kikkoman Hoisin Sauce 9.4oz,7.79,hmart
Kikkoman All Purpose Seasoning Soy Sauce (Gluten-Free) 296ml,7.79,hmart
YZ Kitchen Scrubber,3.29,hmart
"I Love My Kitchen Bamboo Skewers 11.9""",1.99,hmart
Kimbo Pork Sung 4oz,6.79,hmart
Kanro Pure Gummy Grape 1.9oz,3.29,hmart
Jongga Real Kimchi Ramen King Cup 4.93oz,4.49,hmart
Jeonwon Corn Starch Taste 14.1oz,4.49,hmart
J-Basket Inarizushi-No-Moto Seasoned Fried Bean Curd 10oz,7.29,hmart
Ito En Matcha Love Sweetened Green Tea 155ml,2.79,hmart
Ito En Matcha Green Tea Sweet Matcha 17.5oz,32.99,hmart
Ito En Golden Oolong Tea Unsweetened 500ml,3.99,hmart
"Ibumie Mi Goreng Tom Yum Flavor Instant Noodles 80g x 5Pks, 400g",4.49,hmart
"Ibumie Mi Goreng Sambal Prawn Flavor Instant Noodles 80g x 5Pks, 400g",4.49,hmart
"Ibumie Mi Goreng Original Flavor Instant Noodles 80g x 5Pks, 400g",4.49,hmart
Imei Choco Roll Taro Flavor 4.83oz,4.99,hmart
Hunsty Sichuan Pepper 3.52oz,6.79,hmart
House Foods Shichimi Togarashi Red Pepper Mix 0.63oz,4.49,hmart
Hunsty Star Anise 3.52oz,7.29,hmart
Hitejinro Black Bori Roasted Dark Barley Tea 520ml,3.99,hmart
Haechandle Red Pepper Sauce with Vinegar 10.6oz,5.49,hmart
Harney & Sons Peppermint Herbal 20 Sachets 1.2oz,9.99,hmart
Harney & Sons Paris 20 Sachets 1.4oz,9.99,hmart
Hapi Spicy Sriracha Flavored Peas 4.23oz,3.29,hmart
Hapi Mixed Crackers The Original Party Mix 3oz,4.99,hmart
Hapi Fortune Cookies 4oz,6.79,hmart
Haio Mackerel Pike Boiled 14.1oz,6.79,hmart
Haidilao Hot & Spicy Hot Pot Soup Base 7.8oz,6.79,hmart
Harney & Sons Chamomile Herbal 20 Sachets 0.9oz,9.99,hmart
Gugen Churros Snack with Cheese Cream 7oz X 12Packs,12.79,hmart
Mammos Green Tea Candy 3.52oz,2.79,hmart
Glico Pocky Chocolate Banana 2.47oz,3.99,hmart
Giraldo Farms Colombian Coffee Vanilla 1.76oz,7.79,hmart
Fun Part Waffle Cones Filled with White Chocolate 4.23oz,7.29,hmart
Fremo Aloe Vera Drink Pineapple Flavor 16.9fl.oz,2.29,hmart
Fremo Aloe Vera Drink Kiwi Flavor 16.9fl.oz,2.29,hmart
Fun Part Waffle Cones Filled with Milk Chocolate 4.23oz,7.29,hmart
Fun Part Waffle Cones Filled with Dark Chocolate 4.23oz,7.29,hmart
Dynasty Whole Water Chestnuts 8oz,3.29,hmart
Dynasty Jasmine Rice 2lbs,6.79,hmart
Dongwon Cooked Multigrain Rice 210g x 3PK,8.79,hmart
"Dongsuh Cassia Toralinne Tea 18TBags x 8g, 144g",6.79,hmart
"Dongsuh Barley Tea 10g x 30 Tea Bags, 300g",7.29,hmart
"Damizle Puer Tea 40Tbags, 1.12oz",8.29,hmart
CW Yuja Cheesecake 6.7oz,7.79,hmart
"CW Grand Shell Apple Cookie 12 Packs, 8.25oz",7.79,hmart
Crown Jolly Pong Cereal Snack 5.82oz,4.99,hmart
Choripdong Roasted Grain Powder with Black Bean 2.2lb,8.79,hmart
Choripdong Corn Silk Tea 40T x 2oz,6.29,hmart
"Choripdong 15 Grain Mixed Powder with Yam 20g x 40 Sticks, 800g",19.29,hmart
Colgate Extra Clean Full Head Firm Toothbrush,2.79,hmart
Nutty Walnut Light Halves 5oz,4.39,hmart
Chung Jung One Sweet Potato Glass Noodle 18oz,10.99,hmart
Chung Jung One Luncheon Meat Pork 12oz,6.49,hmart
CJ Bibigo Spicy Mushroom Soup 17.64oz,11.79,hmart
CJ Bibigo Seaweed Flakes with Korean-Style Soy Sauce Powder 1.76oz,6.79,hmart
CJ Bibigo Seaweed Soup 500g,7.79,hmart
CJ Bibigo Beef Stock Soup 500g,4.99,hmart
CJ Dasida Premium Gold Soup Stock (Anchovy Flavor) 10.6oz,8.79,hmart
Chinese Noodle 25.39oz,10.99,hmart
China Sea Peeled Sliced Water Chestnuts in Water 8oz,3.29,hmart
Chacha Food Roasted Sunflower Seeds Chinese Pecan 5.64oz,5.49,hmart
Chacha Food Roasted Sunflower Seeds Natural Flavor 8.82oz,5.49,hmart
Chacha Food Roasted Sunflower Seeds Coconut Flavor 8.82oz,5.49,hmart
Chacha Food Roasted Jumbo Sunflower Seeds 3.45oz,4.49,hmart
Nutty Cashews Roasted Salt 8oz,7.19,hmart
Chloe & Dylan Honey Citron Tea 2.2lbs,13.29,hmart
Beksul Premium Oyster Sauce 12.36oz,8.79,hmart
Beksul Korean Pancake Mix 35.3oz,6.29,hmart
Beksul Frying Mix for Cooking 35.3oz,6.29,hmart
Binggrae Gotgaerang Snack Original 2.47oz,5.49,hmart
Royal Chocolates Belgian Chocolate Thins Milk Flavor 4.4oz,6.79,hmart
Royal Chocolates Belgian Chocolate Thins Mint Flavor 4.4oz,6.79,hmart
Royal Chocolates Belgian Chocolate Thins Hazelnut Flavor 4.4oz,6.79,hmart
Royal Chocolates Belgian Chocolate Thins Dark Orange Flavor 4.4oz,6.79,hmart
Royal Chocolates Belgian Chocolate Thins Dark Flavor 4.4oz,6.79,hmart
Royal Chocolates Belgian Chocolate Thins Caramel Sea Salt Flavor 4.4oz,6.79,hmart
Ishihara Beautist Make Up Puff (Square) (2Pk),4.49,hmart
I Love My Kitchen Bamboo Sushi Rolling Mat 24cm x 24cm,3.99,hmart
"I Love My Kitchen Bamboo Skewers 5.9""",2.49,hmart
Baby Star Crispy Ramen Snack Tonkotsu Flavor 2.47oz,3.29,hmart
Baby Star Crispy Ramen Snack Garlic Flavor 2.47oz,3.29,hmart
Avocado Slicer,4.29,hmart
Amphora Organic Soft Dried Smyrna Figs 6oz,7.19,hmart
Amphora Organic Soft Dried Tart Cherries 3oz,7.19,hmart
Nutty Almonds Roasted Salt 8oz,7.79,hmart
Asian Taste Vermicelli (Bean Thread) 10.5oz,3.99,hmart
Jinga Korean Seasoned Pollack Roe,10.99,hmart
FMG Brown Sugar Milk Tea 250ml,4.49,hmart
Nonghyup Cooked White Rice 7.4oz,3.29,hmart
Dongwon Cooked Mixed Grains Rice 7.4oz x 3 Packs,10.99,hmart
Ritter Sport Milk Chocolate with Whole Almonds 3.5oz,6.29,hmart
Ritter Sport Milk Chocolate with Cornflakes 3.5oz,6.29,hmart
Loacker Quadratini Vanilla Creme-Filled Wafer Cookies 8.82oz,8.29,hmart
Woongjin 196 Days Pomegranate Drink 1.5L,6.79,hmart
Kagome Yasaiseikatsu 100 Berry 6.76fl.oz,3.29,hmart
Ito En Unsweetened Bold Green Tea 2L,8.79,hmart
Ito En Oi Ocha Hojicha Unsweetened Roasted Green Tea 2L,8.79,hmart
Calpis Calpico Mango 1.5L,10.99,hmart
"Ottogi Spicy Vegetable Soup 21g x 2 Packs, 42g",7.79,hmart
Hansang Whole Abalone Porridge 8.95oz,9.99,hmart
Hansang Abalone Porridge 8.92oz,9.99,hmart
Dongwon Cooked Brown Rice 6.87oz,10.99,hmart
Damizle Korean Ginseng Ginger Tea with Honey 1.27lb,13.29,hmart
Chloe & Dylan Honey Lemon Tea 2.2lbs,13.29,hmart
Chloe & Dylan Honey Ginger Tea 2.2lbs,13.29,hmart
Takano Okame Tsuyu Tappuri Natto 5.21oz,5.49,hmart
"Mizkan Fermented Soybeans with Seasoning Sauce ""Niowanatto"" 5.93oz",3.99,hmart
Asaichiban Hokkaido Mini-3 Natto 4.74oz,4.49,hmart
Thai Red Chili Peppers 0.25lb,5.49,hmart
Thai Ginger Galangal 0.62lb,7.43,hmart
Idaho Potato 1.15lb,1.49,hmart
Pepino Melon 0.7lb,7.07,hmart
Half Kabocha 2.5lb,5.99,hmart
Corn 0.9lb,3.02,hmart
Marusan Tounyu Banana Soy Milk 1L,6.79,hmart
Marusan Chousei Tounyu Soy Milk 1L,6.79,hmart
Lotte Crispy Crunch Ice Cone 5.41fl.oz,10.49,hmart
Binggrae B.B. Big Matcha with Red Bean 18.9fl.oz,9.99,hmart
General Mills Reese's Puffs 16.7oz,13.29,hmart
Yu Choy 0.9lb,3.99,hmart
Tarragon,3.99,hmart
Sweet Onion 1.2lb,1.99,hmart
String Beans 0.80lb,3.19,hmart
Snow Peas 0.5lb,3.49,hmart
Serrano Pepper 0.6lb,3.49,hmart
Red Onion 1.1lb,2.99,hmart
Plum Tomato 1.3lb,3.99,hmart
Yellow Papaya 3.6lb,5.99,hmart
Lotus Root 1.16lb,5.79,hmart
Holland Red Long Hot Pepper 0.45lb,4.80,hmart
Herbs Oregano,3.99,hmart
Green Papaya 4.16lb,6.99,hmart
Green Cabbage 2.5lb,2.99,hmart
Carrot 1.5lb,2.99,hmart
Beef Tomato 1.77lb,5.29,hmart
Bay Leaves,3.99,hmart
Tokyo Bread Okinawa Kokuto Pan 70g,3.99,hmart
Tokyo Bread Maple Pan 70g,3.99,hmart
Lilly's Baking Company Rainbow Cookies 8oz,10.99,hmart
Lilly's Baking Company Vegan Rugelach Chocolate 8oz,8.29,hmart
Tomomasu Muskemelon Soda 10.1fl.oz,3.99,hmart
Woongjin Corn Silk Tea Drink 500ml,2.29,hmart
Seiken Apple Juice 210 Bottle 33.81fl.oz,13.79,hmart
Seiken Hatorazu Apple 100 Juice 32.2fl.oz,10.49,hmart
Teas' Tea Organic Unsweetened Green + White Tea 16.9fl.oz,3.99,hmart
Ito En Organic Oi Ocha Unsweetened Green Tea 500ml,3.99,hmart
Health-Ade Kombucha Ginger Lemon 16fl.oz,6.29,hmart
Health-Ade Kombucha Berry Lemonade 16fl.oz,6.29,hmart
Health-Ade Kombucha Blood Orange Carrot Ginger 16fl.oz,6.29,hmart
Cantabile Green Grape Flavored Ade 230ml,2.29,hmart
Cantabile Double Mango Flavored Ade 230ml,2.29,hmart
Pulmuone Korean Style Noodles with Black Bean Sauce and Pork 23.3oz,13.29,hmart
Pulmuone Buckwheat Cold Noodles with Spicy Sauce 13.5oz,10.99,hmart
Pulmuone Kimchi Hotpot Udon 566g,9.99,hmart
Poland Spring Sparkling Water with a Twist of Lemon 1L,2.79,hmart
Olipop Classic Root Beer Sparkling Tonic 12fl.oz,3.29,hmart
Okame Kanikko Senbei 75g,10.99,hmart
Okame Iwashi Senbei (Cracker with Sardine) 75g,10.99,hmart
Country Archer 100% Natural Turkey Jerky Hickory Smoke 2.5oz,9.99,hmart
Toblerone Swiss Milk Chocolate with Honey & Almond Nougat 3.52oz,3.99,hmart
Toblerone Swiss White Chocolate with Honey & Almond Nougat 3.52oz,3.99,hmart
Toblerone Swiss Dark Chocolate with Honey & Almond Nougat 3.52oz,6.29,hmart
Ritter Sport Fine Milk Chocolate 3.5oz,4.99,hmart
Ritter Sport Dark Chocolate with Whole Hazelnuts 3.5oz,6.29,hmart
Ritter Sport Dark Chocolate with Marzipan 3.5oz,6.29,hmart
Ritter Sport 50% Cacao Dark Chocolate 3.5oz,6.29,hmart
Tincarbell Tamago Pan 8.11oz,15.49,hmart
Sakuraya Green Tea Daifuku 4oz,6.79,hmart
Domremy Patisserie Tokyo 9 Layered Crepe Cake Original 6.1oz,9.99,hmart
Aratama Mame Daifuku 8.25oz,6.79,hmart
Aratama Kinako Daifuku 8.25oz,6.79,hmart
Asian Taste Canned Quail Eggs 15oz,4.99,hmart
"Lysol Dual Action Wipes Citrus Scent 35 Wet Wipes, 8.7oz",8.49,hmart
Purell Advanced Hand Sanitizer Soothing Gel 8oz,5.99,hmart
"Lysol Disinfecting Wipes Lemon & Lime Blossom Scent 35 Wipes, 7.3oz",8.49,hmart
"Lysol Disinfecting Wipes Fresh Citrus Scent 37 Wipes, 16.4oz",12.99,hmart
Vita HK Style Milk Tea Artificially Flavored 6 Packs x 250ml,10.49,hmart
Moriyama Matcha Strawberry Latte 6.8fl.oz,4.49,hmart
Moriyama Matcha Latte 6.8fl.oz,4.49,hmart
Moriyama Caffe Latte 7.4fl.oz,4.49,hmart
La Fermiere Pressed Lemon Creamy Whole Milk Yogurt 4.9oz,4.99,hmart
Kagome Yasaiseikatsu 100 Mango 6.76fl.oz,3.29,hmart
Kagome Yasaiseikatsu 100 Apple 6.76fl.oz,3.29,hmart
Teas' Tea Organic Unsweetened Green Tea 16.9fl.oz,3.99,hmart
Ito En Black Milk Tea 11.8fl.oz,4.49,hmart
Chobani Greek Yogurt 0% Milk Fat Black Cherry 5.3oz,2.29,hmart
Chobani Greek Yogurt 0% Milk Fat Blackberry 5.3oz,2.29,hmart
Bacchama Onion Dressing 10.14fl.oz,9.99,hmart
Bacchama Ginger Dressing 10.14fl.oz,9.99,hmart
Bacchama Carrot Dressing 10.14fl.oz,9.99,hmart
Prime Beef Boneless Short Rib 0.48lb,24.00,hmart
Wagyu Boneless Short Rib 0.35lb,33.00,hmart
Angus Beef Brisket 0.6lb,10.29,hmart
Angus Beef Skirt Meat 0.33lb,10.99,hmart
Wagyu Chuck Roll Steak 0.54lb,13.49,hmart
Boar's Head Traditional Bacon 16oz,10.99,hmart
Wei-Chuan Fried Garlic 6oz,3.99,hmart
Quaker Instant Oatmeal Blueberry Strawberry 8.2oz,9.49,hmart
Nongshim Shrimp Chip Black Truffle 2.82oz,6.79,hmart
Poached Bamboo Shoots 7oz,5.49,hmart
Gourmet Farm Organic Pickled Cabbage Shredded 1lb,4.99,hmart
American Yam 1.4lb,2.99,hmart
White Onions 1.4lb,2.49,hmart
Sun Dried Tomato 0.5lb,3.49,hmart
Thyme,3.99,hmart
Spanish Yellow Onion 2lb,2.99,hmart
Sage,3.99,hmart
Rosemary,3.99,hmart
Red Pepper 0.92lb,2.99,hmart
Red Cabbage 2lb,2.99,hmart
Potato White 1.1lb,2.29,hmart
Organic Ginger 0.55lb,3.29,hmart
Organic Lemongrass 0.34lb,8.50,hmart
Kohlrabi Chou Rave 1.1lb,1.79,hmart
Green Pepper 1.16lb,2.89,hmart
Green Long Hot Pepper 0.9lb,3.49,hmart
Ginger 0.7lb,2.49,hmart
Beet Loose 1lb,1.99,hmart
Organic Purple Sweet Potato,7.99,hmart
Klondike Medley Petite Potatoes 24oz,6.49,hmart
Klondike Gourmet Petite Idaho Potatoes (Yellow-Yellow Fleshed) 24oz,6.49,hmart
Klondike Gourmet Petite Idaho Potatoes (Red-Yellow Fleshed) 24oz,6.49,hmart
Fresh Dill,2.99,hmart
Eddo (Taro) 1lb,1.49,hmart
Cal-Organic Leeks,8.29,hmart
Butternut Squash 2.5lb,4.79,hmart
Bloom Fresh Mexican Guava 1lb,6.79,hmart
Cal-Organic Farms Shredded Carrots 10oz,3.99,hmart
Asian Pears 1 each,4.99,hmart
Sunkist Star Ruby Grapefruit,2.49,hmart
Wu-Mu Shanxi Noodles 2.5lbs,7.79,hmart
Wu-Mu Lanzhou Noodles 2.5lbs,7.79,hmart
Wu-Mu Shandong Noodles 2.5lbs,7.79,hmart
Wu-Mu Fuzhou Noodles 2.5lbs,7.79,hmart
Wu-Mu Beijing Noodles 2.5lbs,7.79,hmart
Wang Korea Dried Noodles For Kalguksu 48oz,10.99,hmart
Wang Korea Dried Noodle Thin Round Mak Kuk-Soo 48oz,10.99,hmart
Wang Korea Buckwheat Noodle Memil Mak Kuk-Soo 48oz,13.29,hmart
Sun Chi Guan Miao Noodle 14oz,4.49,hmart
Showa Banshu No Ito Jukusei Soba 800g,12.79,hmart
Showa Banshu No Ito Jukusei Soumen 2.2lb,14.29,hmart
Kimbo Wide Bean Thread 150g,2.29,hmart
Kimbo Bean Thread 140g,2.29,hmart
Yamaimoiri Itsuki Soba (Japanese Buckwheat Noodles) 13.75oz,7.29,hmart
Havista Sorghum Noodles 380g,4.99,hmart
Havista Corn Noodle 13.4oz,4.99,hmart
Wu Long Noodle 17.6oz,5.49,hmart
Sliced Noodle 17.6oz,6.79,hmart
Wu-Mu Buckwheat Noodles 11.3oz,4.49,hmart
Sukina Buckwheat Noodle 48oz,10.99,hmart
Wei-Chuan Organic Shanxi Noodles 2lbs,7.79,hmart
Wei-Chuan Organic Somen 2lbs,7.79,hmart
Wei-Chuan Organic Sichuan Noodles 2lbs,7.79,hmart
Wei-Chuan Organic Buck Wheat Noodles 2lbs,7.79,hmart
Wei-Chuan Organic Henan Dry Noodle 2lbs,7.79,hmart
La Fermiere Vanilla Creamy Whole Milk Yogurt 4.9oz,4.99,hmart
Coconut Shrimp Sweet Chili Mayo Rice Bowl,11.99,hmart
Shirakiku Mochi Ice Cream Matcha 8.4oz,8.79,hmart
Shirakiku Mochi Ice Cream Chocolate 8.4oz,8.79,hmart
Shirakiku Mochi Ice Cream Black Sesame 8.4oz,8.79,hmart
"Lysol Disinfecting Wipes Mango & Hibiscus Scent 80 Wet Wipes, 16.7oz",12.99,hmart
"Lotte Pepero Ice Bar Peanut Flavor 6 Ice Bars x 2.54fl.oz, 15.22fl.oz",10.99,hmart
Greenhat Pistachio Mochi Ice Cream 9oz,8.79,hmart
Greenhat Mango Mochi Ice Cream 9oz,8.79,hmart
"Tiger Sugar Black Sugar Boba Milk Ice Cream Bar 4pcs, 11.28oz",12.29,hmart
"Binggrae Melona Strawberry 8 Bars x 70ml, 19fl.oz",8.79,hmart
Fage Total 2% Milkfat Yogurt 454g,7.29,hmart
Umeka Umeboshi Shisokoubai 8.1oz,8.79,hmart
Shirakiku Sweet Pickled Ginger Amasu Shoga 12oz,8.39,hmart
Shirakiku Pickled Plums Hachimitsu Umeboshi 8oz,6.09,hmart
Mother In Law's Kimchi Vegan Napa Cabbage Table Cut 16fl.oz,12.99,hmart
Hansang Seasoned Pollock Roe 5.99oz,9.99,hmart
Hansang Seasoned Octopus 6.7oz,9.99,hmart
Goshen Kimchi Cubed Radish 14oz,15.49,hmart
Fage Total 5% Milkfat Yogurt 454g,7.29,hmart
Fage Total 0% Milkfat Yogurt 454g,7.29,hmart
Daifuku White Ginger 12oz,4.59,hmart
Choripdong Salted Shrimp 1.1lb,9.99,hmart
Chobani Greek Yogurt Vanilla 32oz,10.79,hmart
Chobani Greek Yogurt Non-Fat Plain 32oz,9.99,hmart
Organic Valley Whole Milk Half Gallon (1.89L),9.99,hmart
Chongga Jeonlado Poggi Kimchi 1kg,21.99,hmart
Shirakiku Pickled Ginger 12oz,9.99,hmart
Corn Salad,3.99,hmart
Crab Salad,5.49,hmart
Macaroni Salad,4.99,hmart
Wagyu Shoulder Clod Thin Sliced (Bulgogi),12.99,hmart
Wagyu Chuck Eyeroll Sliced Frozen 0.60lb,16.49,hmart
Pork Belly Sliced (Frozen) 1.1lb,19.99,hmart
Berkshire Pork CT Butt Shabu Shabu 0.65lb,12.99,hmart
Glico Pretz Sour Cream & Onion 1.09oz,2.79,hmart
Choripdong Yellow Pickled Radish (Whole) 1.1lb,3.79,hmart
Hansang Preserved Radish 200g,4.49,hmart
Hansang Preserved Radish (Half) 350g,4.49,hmart
Marukome Boy Miso Paste Koshi Smooth Paste 22.9oz,8.79,hmart
Hansang Seasoned Squid 6.7oz,9.99,hmart
Samhak Minced Garlic 1lb,13.49,hmart
Wang Fish Cake Shrimp Flavor 380g,8.29,hmart
Choripdong Seasoned & Fried Soybean Curd 160g,3.99,hmart
Choripdong Seasoned & Fried Soybean Curd 480g,9.99,hmart
Taisun Peanut Soup 11.3oz,2.79,hmart
Ve Wong Mixed Porridge Chinese Style 11.3oz,2.29,hmart
Taisun Mixed Congee Black Glutinous Rice & Job's Tears 9oz,2.29,hmart
Wuzhuo Authentic Guilinggao in Original Flavor 8.8oz,2.29,hmart
Zespri Organic Kiwi Fruit Green 1lb,9.99,hmart
S&B Nanami Togarashi Assorted Chili Pepper 0.52oz,4.49,hmart
Christopher Ranch Organic Fresh Garlic 3 Bulbs,4.49,hmart
Lee Kum Kee Chicken Bouillon Powder 8oz,7.79,hmart
Chung Jung One Seasoning Mix Beef Flavor 8.82oz,13.29,hmart
Chung Jung One Seafood Spice Mix 250g,13.29,hmart
Chung Jung One Anchovy & Bonito Spice Mix 250g,13.29,hmart
Chung Jung One Spicy Ssamjang Original Seasoned Soybean Paste 6.0oz,4.49,hmart
Chung Jung One Soy Bean Paste 450g,6.79,hmart
"Chung Jung One Hot Pepper Bean Paste, Very Hot 500g",10.49,hmart
Chung Jung One Hot Pepper Bean Paste (Very Hot) 15.87oz,12.79,hmart
Kimchi Onigiri,3.49,hmart
Mentaiko Onigiri,3.99,hmart
Spicy Tuna Onigiri,3.99,hmart
Smoked Salmon Onigiri,3.99,hmart
Polar Bird Squid Ring 1lb,7.99,hmart
Polar Bird Steamed Squid Flower 1lb,6.29,hmart
Jane-Jane Fish Ball with Shrimp 8oz,6.29,hmart
Beksul Ham Original Flavor Vienna Sausage with Chunky Juicy Pork 12oz,12.19,hmart
Beksul Ham Bulgogi Flavored Vienna Sausage with Chunky Juicy Pork 12oz,11.79,hmart
Green Squash 1.3lb,3.07,hmart
S&B Oriental Curry Powder 3oz,7.79,hmart
S&B Oriental Hot Mustard 3.0oz,6.79,hmart
Himalayan Chef Himalayan Pink Salt Fine 1lb,7.79,hmart
McCormick Old Bay Seasoning Lemon & Herb 2.37oz,4.99,hmart
McCormick Old Bay Seasoning Garlic & Herb 2.25oz,4.99,hmart
S&B Seasoned Pepper 3.8oz,6.79,hmart
Wei-Chuan Lemon Pepper Salt 1.48oz,2.79,hmart
Ottogi Black Pepper Powder (Can) 50g,8.29,hmart
Ottogi Black Pepper Powder (Can) 100g,12.29,hmart
Shan Virgin Pink Himalayan Salt 400g,6.29,hmart
La Flor Hot Cayenne Pepper 2oz,4.49,hmart
La Flor Onion Powder 3oz,4.49,hmart
La Flor Anise Seed 1.5oz,4.99,hmart
La Flor Thyme 1oz,3.99,hmart
La Flor Paprika 2oz,3.99,hmart
La Flor Ground Oregano 1oz,6.29,hmart
La Flor Ground Cinnamon 2oz,5.49,hmart
La Flor Ground Ginger 1.75oz,3.99,hmart
La Flor Ground Cloves 2.5oz,7.29,hmart
La Flor Curry Powder 2oz,3.99,hmart
La Flor Chili Powder 2.5oz,4.49,hmart
Fruit Bliss Organic Tart Cherries Snacks 4oz,8.99,hmart
Fruit Bliss Organic Fig Snacks 5oz,8.99,hmart
Fruit Bliss Organic Fruit Medley Snacks 5oz,8.99,hmart
Fruit Bliss Organic Deglet Nour Dates Snacks 5oz,8.99,hmart
Wonderful Pistachios Roasted & Salted 8oz,8.49,hmart
Wonderful Pistachios Salt & Pepper 7oz,7.99,hmart
Wonderful Roasted & Salted Pistachios No Shells 6oz,11.99,hmart
Wonderful Lightly Salted Pistachios No Shells 6oz,11.99,hmart
Wonderful Pistachios No Salt 8oz,7.99,hmart
Wonderful Pistachios Lightly Salted 8oz,9.39,hmart
Mishima Wakame Seaweed Furikake 1.76oz,8.79,hmart
Havista Haw Flakes 11.6oz,4.49,hmart
Ring Red Haw Jelly Roll,6.29,hmart
Gompyo Korean Pancake Mix 1kg,5.49,hmart
Tarami Oishii Konjac Jelly Mikan Flavor 150g,2.79,hmart
CJ Bibigo Chicken Soup with Ginseng 28.2oz,20.99,hmart
Wan Ja Shan Dumpling Sauce 6.7floz,3.99,hmart
Dongwon Rose Topokki 12.69oz,9.79,hmart
Dongwon Rose Topokki 5.64oz,5.99,hmart
Tony's Chocolonely 32% Milk Chocolate Honey Almond Nougat 6.35oz,8.79,hmart
Seaweed Salad,6.35,hmart
Cooked Egg for Sushi,7.83,hmart
Pickle Ginger,4.49,hmart
White Ginger,4.99,hmart
Tobiko Orange,6.60,hmart
Salmon Roe,14.00,hmart
Masago,3.99,hmart
Cooked Shrimp (31/40),5.49,hmart
Squid Salad,7.22,hmart
Baby Octopus Salad,7.20,hmart
Topshell with Kimchi Sauce,5.40,hmart
Fish Cake Flakes,4.49,hmart
Shrimp with Head (Farm),6.49,hmart
Shrimp (21/25),9.50,hmart
Peeled Shrimp (26/30),5.29,hmart
Mackerel (Wild),9.49,hmart
Golden Pampano Butterfish,9.99,hmart
Yellow Croaker,8.29,hmart
Tilapia Fillet,11.49,hmart
Swai Fillet (Farm),9.99,hmart
Flounder Fillet (Wild),12.99,hmart
Skinless Tube Squid,5.09,hmart
Cod Fillet (Wild),10.79,hmart
Salmon Head (Farm),7.49,hmart
Salmon Sashimi Farm with Soy Sauce and Scallion,16.15,hmart
Salmon (Farm) Sushi Grade,12.00,hmart
Salmon Boneless (Farm),10.99,hmart
Salmon Fillet (Farm),15.00,hmart
Cleanwrap Clean Disposable Gloves 200 pcs,7.99,hmart
Aroy-D Coconut Milk 14fl.oz,3.29,hmart
"Dongwon Tuna with Hot Pepper Sauce 4 Cans, 21.2oz",18.29,hmart
"Dongwon Tuna Light Standard 3 Cans, 26.5oz",18.79,hmart
Dongwon Cooked White Rice 3 Bowls x 210g,8.79,hmart
Dongwon Canned White Peach 14.1oz,4.49,hmart
Choripdong Rice Flour 2lb,9.99,hmart
Choripdong Sweet Rice 2lb,7.99,hmart
Choripdong Sweet Rice Flour 2lb,8.29,hmart
Choripdong Potato Starch 2lb,7.79,hmart
Samhak Roasted Hulled Sesame Seed 8oz,10.49,hmart
Shirakiku Sanukiya Udon Soup Base 10.14fl.oz,6.29,hmart
Shirakiku Carbonated Ramune Drink Melon 200ml,3.29,hmart
Shirakiku 100% Pure Sesame Oil 12.5fl.oz,9.49,hmart
Shirakiku Goku-Uma Ramen Noodles Miso Flavor 3.70oz,3.99,hmart
Shirakiku Goku-Uma Ramen Noodles Hot Flavor 2.89oz,3.99,hmart
Shirakiku Goku-Uma Ramen Noodles Artificially Flavored Tonkotsu 2.93oz,3.99,hmart
Maxim Kanu Decaf Latte 10 Sticks x 13.5g,11.79,hmart
Mount Hagen Organic Fairtrade Instant Coffee Glass Jar 3.53oz,16.49,hmart
Chung Jung One Premium Sesame Oil 5.4floz,8.79,hmart
CJ Bibigo 100% Sesame Oil 5.4floz,9.99,hmart
Beksul Grapeseed Oil from Spain 16.9fl.oz,13.99,hmart
CJ Hetbahn Cooked Rice with Black Rice 7.4oz,3.29,hmart
"CJ Hetbahn Cooked Rice with Black Rice 3Bowls, 22.2oz",11.79,hmart
"CJ Bibigo Savory Roasted Korean Seasoned Seaweed 20g x 4 packs, 80g",11.79,hmart
"Dongwon Yangban Perilla Oil Seasoned Laver 5g x 9packs, 45g",7.29,hmart
Ottogi Snack Ramen 2.19oz,2.99,hmart
Sapporo Ichiban Shio Ramen 2.98oz,3.99,hmart
Sapporo Ichiban Miso (Soy Bean Paste) Ramen 2.98oz,3.99,hmart
Nongshim Tonkotsu Ramen Cup 3.56oz,4.49,hmart
Acecook Saigon Pho Chicken Artificially Flavored 2.5oz,3.99,hmart
Acecook Saigon Pho Beef Artificially Flavored 2.5oz,3.99,hmart
House Foods Ichimi Togarashi Red Pepper 16g,4.49,hmart
WuFuYuan Tapioca Pearl Taro Flavor 250g,4.49,hmart
WuFuYuan Tapioca Pearl Lychee Flavor 250g,4.49,hmart
Kracie Naive Makeup Removal Face Wash Green Tea 200g,10.49,hmart
Kracie Naive Makeup Removal Face Wash Yuzu Ceramide 200g,10.49,hmart
Kracie Naive Makeup Removal Face Wash Peach Leaf 200g,10.49,hmart
Rosette Cleansing Paste Hakudei Lift (White Clay Lift) 120g,9.49,hmart
Hada Labo Shiro-jyun Milk 140ml,20.99,hmart
Hada Labo Goku-jyun Moisturizing Cream 50g,23.99,hmart
Gatsby Moving Rubber Wild Shake 2.8oz,12.99,hmart
Aveeno Skin Relief Moisturizing Lotion 532ml,19.99,hmart
Aveeno Daily Moisturizing Lotion 532ml,20.99,hmart
Kracie Naive Body Wash Peach 530ml,12.99,hmart
Kracie Naive Body Wash Refresh 530ml,12.99,hmart
S&B Miso-Yaki Miso Sesame Glazed Salmon Seasoning Mix 1.19oz,3.99,hmart
Takaokaya Doraemon Furikake Teriyaki Bonito 1.7oz,6.29,hmart
Takaokaya Doraemon Furikake Aonori & Sesame 1.76oz,6.29,hmart
Takaokaya Doraemon Furikake Nori & Sesame Seasoning 2.1oz,6.29,hmart
Takaokaya Doraemon Furikake Nori Shrimp Seasoning 1.94oz,6.29,hmart
Lotte Kancho Choco 196g,8.29,hmart
Lotte Choco Pie Cacao 11.85oz,7.79,hmart
Lotte Choco Pie Banana 11.85oz,7.79,hmart
Lotte Dream Cake Cacao Cake 6.77oz,6.29,hmart
"Lotte Choco Pie Cacao 6 Packs, 5.92oz",6.29,hmart
Surasang Rice Senbei 10.6oz,10.99,hmart
Orion Peanut Crunch 5.89oz,6.79,hmart
Crown Shin Zzang! Snack 8.64oz,4.99,hmart
Orion O! Tube Jalapeno & Cheese Flavored 4.06oz,6.29,hmart
Irvins Spicy Salted Egg Salmon Skin 3.7oz,18.29,hmart
Fremo Aloe Vera Drink Mango Flavor 16.9fl.oz,2.29,hmart
Chung Jung One Pomegranate Hong Cho 2fl.oz,12.29,hmart
Daifuku Japanese Style Orange Mochi 8.45oz,6.79,hmart
Daifuku Japanese Style Strawberry Mochi 8.45oz,6.79,hmart
Crown White Heim White Hazelnut 284g,8.79,hmart
Crown Choco Heim Choco Cream Wafers with Hazelnuts 284g,8.79,hmart
Daifuku Red Bean Mochi 7.4oz,4.49,hmart
Daifuku Taro Mochi 7.4oz,5.49,hmart
Morinaga Hi-Chew Mixed Soft Candy Yogurt Mix 3.17oz,3.79,hmart
Dentyne Fire Spicy Cinnamon Sugar free Gum 16pcs,2.29,hmart
Dentyne Ice Peppermint Sugar free Gum 16pcs,2.29,hmart
Dentyne Ice Spearmint Sugar free Gum 16pcs,2.29,hmart
Dentyne Ice Arctic Chill Sugar free Gum 16pcs,2.29,hmart
Wrigley's Eclipse Winterfrost Sugarfree Gum 18pcs,2.29,hmart
Wrigley's Eclipse Spearmint Sugarfree Gum 18pcs,2.29,hmart
Wrigley's Extra Sweet Watermelon Sugar Free Gum 15 Sticks,2.29,hmart
Trident White Wintergreen Sugar Free Gum 16pcs,2.29,hmart
Trident Pineapple Twist Sugar Free Gum with Xylitol 14 Sticks,2.29,hmart
Trident Minty Sweet Twist Sugar Free Gum with Xylitol 14 Sticks,2.29,hmart
Trident Bubblegum Sugar Free Gum with Xylitol 14 Sticks,2.29,hmart
Wrigley's Extra Peppermint Sugar Free Gum 15 Sticks,2.29,hmart
Trident Purely Spearmint Sugar Free Gum with Xylitol 14 Sticks,2.79,hmart
Trident Watermelon Twist Sugar Free Gum with Xylitol 14 Sticks,2.29,hmart
Wrigley's Orbit Sugarfree Bubblemint Gum 14pcs,2.29,hmart
Kameya Grated Wasabi 42g,6.29,hmart
S&B Premium Gluten Free Wasabi 43g,5.49,hmart
S&B Hot Gluten Free Wasabi 90g,6.79,hmart
S&B Original Wasabi Sauce 158ml,6.79,hmart
Ottogi Prepared Mustard Tube 100g,9.49,hmart
Imuraya Japanese Style Baked Sponge Cake Matcha Castella 9.8oz,12.29,hmart
Imuraya Japanese Style Baked Sponge Cake Original Castella 9.8oz,12.29,hmart
Imuraya Japanese Style Baked Sponge Cake Cheese Castella 9.8oz,12.29,hmart
Seoul Milk Strawberry Flavored Milk Drink 6 packs x 190ml,9.99,hmart
Surasang Roasted Squid Bulgogi Flavor 4.23oz,16.49,hmart
Surasang Roasted Squid 4.23oz,18.99,hmart
"Ceruza Osuid, 3 Flavors 2.82ozoony Roasted Sq",12.79,hmart
Everydaze Essential C's Konjac Jelly Green Grape Flavor 5.07fl.oz,2.49,hmart
Everydaze Essential C's Konjac Jelly Mango Flavor 5.07fl.oz,3.29,hmart
Everydaze Essential C's Konjac Jelly Peach Flavor 5.07fl.oz,2.49,hmart
Wang Red Pepper Powder Coarse 8oz,7.29,hmart
Wang Premium Red Pepper Powder Coarse 16oz,9.49,hmart
Wang Premium Red Pepper Powder Fine 16oz,9.49,hmart
Mrs. Meyer's Clean Day Dish Soap Lavender Scent 16fl.oz,7.49,hmart
Tarami Oishii Konjac Jelly Peach Flavor 150g,2.09,hmart
Greenmax Matcha Milk 7.1oz,5.49,hmart
Morinaga Pancake Mix 21.16oz,10.99,hmart
Shirakiku Honey Panko Japanese Bread Crumbs 10.58oz,6.79,hmart
Catalina Crunch Keto Friendly Cinnamon Toast Cereal 9oz,14.29,hmart
Catalina Crunch Keto Friendly Honey Graham Cereal 9oz,14.29,hmart
Catalina Crunch Keto Friendly Maple Waffle Cereal 9oz,14.29,hmart
Albanese Ultimate 8 Flavor Gummi Bears 7.75oz,7.19,hmart
Albanese Mini Gummi Butterflies 8oz,7.19,hmart
Albanese 12 Flavor Mini Gummi Worms 9oz,7.19,hmart
Albanese Gummi Peach Rings 8oz,7.19,hmart
Albanese 12 Flavor Gummi Bears 9oz,7.19,hmart
"Ajinomoto Hondashi Bonito Soup Stock 4 Packs, 1.13oz",4.49,hmart
Kupiec Rice Cakes with Belgian Dark Chocolate and Salted Caramel Pieces 2.5oz,3.99,hmart
Kupiec Rice Cakes with Belgian Dark Chocolate and Orange Flavoured Pieces 2.5oz,4.49,hmart
Aroy-D Tom Yum Paste 14oz,8.49,hmart
Shirakiku Wasabi Mate Assorted Rice Cracker 16oz,11.79,hmart
Shirakiku Hot Mate Assorted Rice Cracker 16oz,10.99,hmart
Joeun Korean Style Popcorn 5.99oz,6.79,hmart
Nutty Cashews Raw 8oz,6.59,hmart
Nutty Almonds Roasted No Salt 8oz,7.79,hmart
Nutty Mango Slice 7oz,3.99,hmart
"Nongshim Anchovy Kalguksoo Family Pack 5 Pkgs X 3.45oz, 17.2oz",13.99,hmart
Asahi Calpico Mini Non-Carbonated Beverage Original 10.8fl.oz,2.79,hmart
Asahi Calpico Mini Non-Carbonated Beverage Strawberry 10.8fl.oz,2.79,hmart
Dong-A DemiSoda Peach Carbonated Soft Drink 250ml,2.29,hmart
Dong-A DemiSoda Lemon Carbonated Soft Drink 250ml,2.29,hmart
Dong-A DemiSoda Apple Carbonated Soft Drink 250ml,2.29,hmart
H2O Coconut Water 33.8fl.oz,6.79,hmart
H2O Coconut Water 500ml,4.49,hmart
Chloe & Dylan Organic Coconut Water Cocowai 33.8fl.oz,6.79,hmart
Sanzo Lychee Sparkling Water 12fl.oz,3.29,hmart
Sanzo Mango Sparkling Water 12fl.oz,3.29,hmart
UCC Original Blend Coffee with Milk 11.4fl.oz,3.29,hmart
UCC Hawaii Kona Blend Coffee with Milk 11.4fl.oz,3.29,hmart
Pokka Real Brewed Milk Coffee 240ml,3.29,hmart
Pokka Real Brewed Cappuccino Coffee Drink 240ml,3.29,hmart
Miya Bamboo Tea Whisk,18.99,hmart
Sato Acess Toothpaste for Oral Care 4.2oz,14.99,hmart
Sato Acessl Toothpaste for Oral Care 4.2oz,13.49,hmart
Listerine Original 250ml,6.49,hmart
Kracie Naive Body Wash Aloe 530ml,12.99,hmart
Sunaroma Peppermint Revitalizing Body Bar 8oz,7.49,hmart
Sunaroma Patchouli Body Bar 8oz,7.49,hmart
Sunaroma Eucalyptus Stress Relief Body Bar 8oz,7.49,hmart
Sunaroma Charcoal Detoxifying Body Bar 8oz,7.49,hmart
Q One Home Made Churros Mix 240g,9.99,hmart
Q One Sweet Pumpkin Korean Pancake Mix Original 19.4oz,8.79,hmart
Beksul Sweet Korean Pancake Mix 14.1oz,9.49,hmart
"Orion Yegam Onion Potato Chips 12 packs, 7.02oz",8.79,hmart
"Orion Yegam Original 12 packs, 6.77oz",7.79,hmart
"Orion Yegam Cheese Gratin 12 packs, 7.02oz",8.79,hmart
AGV Adlay Oatmeal Deluxe 12oz,2.79,hmart
AGV Deluxe Grass Jelly Dessert 11.6oz,2.79,hmart
AGV Milk Peanut Soup 12oz,2.79,hmart
Taisun Mixed Congee 13.2oz,2.29,hmart
SLW Yogurt Drink Original 280ml,4.99,hmart
SLW Yogurt Drink Strawberry Flavor 280ml,4.99,hmart
SLW Yogurt Drink Mango Flavor 280ml,4.99,hmart
Mogu Mogu Mango Juice with Nata De Coco 320ml,1.79,hmart
Mogu Mogu Yogurt Juice with Nata De Coco 320ml,1.79,hmart
Mogu Mogu Strawberry Juice with Nata De Coco 320ml,1.79,hmart
Mogu Mogu Peach Juice with Nata De Coco 320ml,1.79,hmart
Mogu Mogu Lychee Juice with Nata De Coco 320ml,1.79,hmart
Binggrae Coffee Flavored Milk 6 x 200ml,10.99,hmart
Lotte Milkis Carbonated Drink Melon Flavor 250ml x 6 Cans,9.99,hmart
Lotte Milkis Carbonated Drink Banana Flavor 250ml x 6 Cans,8.79,hmart
Lotte Milkis Carbonated Drink Strawberry Flavor 250ml x 6 Cans,9.99,hmart
Cici Jelly Drink Peach Flavor 5.3oz,1.09,hmart
Cici Jelly Drink Strawberry Flavor 5.3oz,1.49,hmart
Cici Jelly Drink Pineapple Flavor 5.3oz,1.09,hmart
Cici Jelly Drink Mango Flavor 5.3oz,1.09,hmart
Cantabile Peach Flavored Iced Tea 230ml,2.29,hmart
Organic Farm Organic Peeled Roasted Chestnut 100g,3.29,hmart
Paldo Jjajangmen Instant Noodle with Black Bean Sauce 190g,4.99,hmart
Dongwon Cheese Topokki 240g,6.29,hmart
Dongwon Hot Spicy Topokki 240g,6.29,hmart
Dongwon Spicy and Sweet Topokki 240g,7.79,hmart
McCormick Pure Almond Extract 2fl.oz,7.79,hmart
Lotte Doritos Late Night Snack Oven Roasted Chicken 172g,7.79,hmart
Pocasville Organic Peeled & Roasted Chestnuts 100g,2.79,hmart
Wang Organic Roasted Peeled Chestnut 300g,13.29,hmart
Asian Taste Organic Peeled Roasted Chestnuts 300g,7.29,hmart
McCormick Pure Vanilla Extract 2fl.oz,14.29,hmart
McCormick Pure Vanilla Extract 1fl.oz,7.79,hmart
McCormick Anise Pure Extract 1fl.oz,7.79,hmart
McCormick Pure Lime Extract 1fl.oz,7.79,hmart
Paldo Jumbo Bowl Noodle Hot & Spicy 110g,4.49,hmart
Shirakiku Sanukiya Somen Spicy 5.82oz,5.49,hmart
Shirakiku Sanukiya Somen Original 5.78oz,5.49,hmart
Shirakiku Sanukiya Soba 7.16oz,5.49,hmart
Shirakiku Sanukiya Udon Bonito 7.76oz,5.49,hmart
Shirakiku Sanukiya Udon Original 7.76oz,5.49,hmart
Nongshim Bowl Noodle Soup Spicy Chicken Flavor 86g,2.79,hmart
Nongshim Bowl Noodle Soup Hot & Spicy Flavor 3.3oz,2.79,hmart
Red Dragon Fruit Salad,11.49,hmart
Watermelon Salad,5.49,hmart
Pomegranate Salad,5.99,hmart
Honeydew Salad,5.49,hmart
HBAF Tiramisu Almond 190g,10.99,hmart
HBAF Mint Chocolate Almond 6.7oz,10.99,hmart
HBAF Honey Butter Cashewnut Almond 7.4oz,10.99,hmart
HBAF Garlic Bread Almond 190g,12.29,hmart
HBAF Black Sugar Milk Tea Almond 190g,10.99,hmart
HBAF Tom's Wasabi Almond 7.4oz,10.99,hmart
HBAF Tom's Tteokbokki Almond 7.4oz,11.79,hmart
HBAF Starlight Pangpang Almond 190g,10.99,hmart
HBAF Jeju Matcha Almond 6.7oz,12.29,hmart
HBAF Injeolmi Almond 190g,10.99,hmart
HBAF Hot Spicy Almond 7.4oz,10.99,hmart
Gilim Tom's Farm Honey Butter Mixnut 7.76oz,21.99,hmart
HBAF Honey Butter Almond 6.7oz,10.99,hmart
HBAF Cookie & Cream Almond 6.7oz,10.99,hmart
Gilim Tom's Farm Baked Corn Almond 210g,10.99,hmart
Ottogi Cooked Rice and Fish Roe Sauce with Kimchi 7.83oz,8.29,hmart
Otaste Habanero Topokki 4.66oz,4.49,hmart
Mukko Pororo Rice Cake with Cream Cup (Cream Topokki) 115g,4.49,hmart
Dongwon Spicy & Sweet Topokki 4.23oz,5.99,hmart
Dongwon Hot Spicy Topokki 4.23oz,5.99,hmart
Dongwon Cheese Topokki 4.23oz,5.99,hmart
CJ Cooked Sprouted Brown Rice 210g,3.29,hmart
CJ Cooked Sprouted Brown Rice 3 Bowls x 210g,10.99,hmart
CJ Cooked White Rice with Stir Fried Kimchi 247g,7.29,hmart
CJ Cooked White Rice with Soybean Paste Bibimbap 280g,7.29,hmart
CJ Cooked White Rice with Black Bean Sauce 275g,7.29,hmart
CJ Dasida Premium Gold Soup Stock (Beef Flavor) 250g,11.79,hmart
Paldo Spicy Stir-Fried Chicken Noodle Spicy Soy Sauce Flavor 520g,13.29,hmart
Paldo Rabokki Noodle 4 Packs x 145g,12.29,hmart
Ottogi Jin Jjambbong Spicy Seafood Noodle Family Pack 520g,14.99,hmart
Prima Taste Singapore Curry La Mian 24.8oz,19.79,hmart
Paldo Hot & Spicy Hwa Ramyun 600g,10.99,hmart
Paldo Bul Jjamppong Family Pack 556g,13.29,hmart
Ottogi Sesame Flavor Ramen Family Pack 575g,14.29,hmart
Paldo Kokomen 4.23oz x 5 Packs,12.29,hmart
"Paldo Gomtang Korean Beef Flavored Noodle Soup 102g x 5ea, 510g",10.99,hmart
"Pulmuone Black Soybean Natto 6 Packs, 10.5oz",12.29,hmart
Boar's Head Vermont Cheddar 8oz,7.79,hmart
Boar's Head Gold Label Swiiss Cheese 7oz,8.79,hmart
Elmhurst Oat Creamer Chai Spice 16fl.oz,8.79,hmart
Elmhurst Oat Creamer Caramel Macchiato 16fl.oz,8.79,hmart
Elmhurst Oat Creamer Pistachio 16fl.oz,8.79,hmart
La Baleine Sea Salt Coarse 26.5oz,6.79,hmart
La Baleine Sea Salt Fine 26.5oz,6.79,hmart
Roland Sea Salt Coarse Crystals 26.4oz,6.29,hmart
Roland Sea Salt Fine Crystals 26.4oz,6.29,hmart
Dove Dry Spray Antiperspirant Deodorant Original 150ml,5.99,hmart
Nutella Hazelnut Spread with Cocoa 13oz,8.29,hmart
Sweet Ella's Smooth Organic Peanut Butter 13oz,12.29,hmart
Sweet Ella's Crunchy Organic Peanut Butter 12.5oz,12.29,hmart
Peanut Butter & Co Dark Chocolatey Dreams 16oz,9.49,hmart
"Wang Roasted Sesame Seed, Crushed 8oz",8.79,hmart
Maxim Arabica 100 Coffee 175g,26.49,hmart
Mango Mix Berries,5.49,hmart
Pineapple Mix Berries,4.49,hmart
White Dragon Fruit Salad,7.49,hmart
Cantaloupe Mix Berry Salad,3.65,hmart
Juicy Orange Salad,4.99,hmart
"Greenland Rice Paper 22cm, 12oz",5.49,hmart
Nongshim Chapaguri Jjajang Noodles with Spicy Seafood Flavor 4.02oz,4.99,hmart
Hokuto Bunapi Mushroom 3.5oz,4.49,hmart
Hansang Preserved Radish 11.63oz,4.49,hmart
Twist Peppers,3.49,hmart
Wangderm Authentic Thai Iced Tea Flavored Black Tea 2.80oz,7.79,hmart
Nabisco Ritz Sandwich Crackers Lemon 77g,4.99,hmart
Nabisco Ritz Sandwich Crackers Danish Cheese 77g,4.99,hmart
Nabisco Ritz Sandwich Crackers White 77g,4.99,hmart
Nabisco Oreo Thins Choco Mousse 84g,4.99,hmart
Nabisco Oreo Chocolate Sandwich Cookies Strawberry Creme 100g,4.99,hmart
Nabisco Ritz Sandwich Crackers Choco 77g,4.99,hmart
Nabisco Oreo Thins Vanilla Mousse 84g,4.99,hmart
Nabisco Oreo Thins Tiramisu 84g,4.99,hmart
Nabisco Oreo Chocolate Sandwich Cookies Mild Sweet 100g,4.99,hmart
Nabisco Oreo Chocolate Sandwich Cookies Chocolate Creme 100g,4.99,hmart
Kinder Bueno Mini 108g,7.79,hmart
Milka Oreo Brownie 100g,3.29,hmart
Kinder Schoko Bons 125g,7.79,hmart
Meiji Hi Milk Chocolate 4.23oz,7.29,hmart
Meiji Black Chocolate Box 4.23oz,7.29,hmart
Nestle Kit Kat Mini Milk Tea 2.9oz,9.99,hmart
Bourbon Every Burger 2.3oz,3.99,hmart
Pirouline Vanilla 400g,11.79,hmart
Pirouline Chocolate Hazelnut 400g,11.79,hmart
Kewpie Onion Dressing with Garlic 8fl.oz,7.79,hmart
Heinz Organic Tomato Ketchup 14oz,6.79,hmart
Lee Kum Kee Premium Oyster Sauce 18oz,9.99,hmart
San-J 28% Less Sodium Tamari Brewed Soy Sauce Gluten Free 10fl.oz,8.29,hmart
San-J Organic Tamari Brewed Soy Sauce Gluten Free 10fl.oz,8.79,hmart
San-J Gluten Free Szechuan Spicy Hot Stir-Fry & Marinade 10fl.oz,6.79,hmart
San-J Gluten Free Orange Sauce Asian Glaze & Stir-Fry 10fl.oz,6.79,hmart
San-J Gluten Free Sweet & Tangy Polynesian Glazing & Dipping 10fl.oz,7.29,hmart
Superior Natural Organic Soft Tofu 16oz,3.49,hmart
Superior Natural Organic Firm Tofu 16oz,3.49,hmart
Havista Soy Tofu Roll Five Spices 500g,6.99,hmart
Havista Soy Tofu Roll Original Flavor 500g,6.99,hmart
Havista Soy Tofu Slices Five Spices 500g,6.99,hmart
Havista Soy Tofu Slices Original Flavor 500g,6.99,hmart
Havista Refrigerated Soy Tofu Slices Original Flavor 250g,3.99,hmart
Havista Refrigerated Soy Tofu Slices Five Spices 250g,3.99,hmart
Nature's Soy Fried Bean Curd Sheet 3.5oz,4.49,hmart
Nature's Soy Fried Bean Curd Roll 4.2oz,6.49,hmart
Orchid Gourmet Vegetarian Delight Pop Soy 5.93oz,7.49,hmart
Havista Frozen Soy Sticks 300g,5.49,hmart
Havista Soy Vegetarian Chicken Slices 500g,5.49,hmart
Havista Frozen Soy Skin Knot 250g,5.99,hmart
Choripdong Seasoned & Shredded Squid 8oz,13.29,hmart
Choripdong Dried Anchovy 8oz,13.79,hmart
H Mart Rice Cake Kit,13.99,hmart
Sunshine Farms Pasture Raised Large Grade A Heirloom Brown 6 Eggs,4.99,hmart
S.Shine Heirloom Blue Large 6Eggs,4.99,hmart
Sunshine Farms Pasture-Raised Organic Grade A Large Brown One Dozen,9.49,hmart
Sunshine Farms Pasture-Raised Grade A Large Brown One Dozen Eggs,6.99,hmart
Sunshine Farms Grade A Cage Free Organic Jumbo Brown One Dozen Eggs,9.49,hmart
Sunshine Farms Cage Free Extra Large Half Dozen Brown Eggs,5.99,hmart
Sunshine Farms Grade A Large White One Dozen Eggs,6.79,hmart
Sunshine Farms Cage Free Jumbo Half Dozen Brown Eggs,6.49,hmart
Kewpie Yuzu & Kosho Dressing 8fl.oz,7.79,hmart
Haidilao Spicy Flavor Green Chili Hot Pot Seasoning 7.1oz,5.49,hmart
Haidilao Broth Flavor Hot Pot Seasonning 3.9oz,6.79,hmart
Lee Kum Kee Laksa Soup Base 7oz,5.49,hmart
Lee Kum Kee Soup Base for Pork Bone Soup Hot Pot 7oz,7.29,hmart
Taekyung Red Pepper Powder Fine 1lb,12.29,hmart
Haidilao Mushroom Hot Pot Soup Base 5.3oz,6.79,hmart
Haidilao Scallop Shrimp Soup Hot Pot Sauce 7.1oz,5.49,hmart
Haidilao Spicy Hot Pot Soup Base 7.8oz,6.79,hmart
Ottogi Cut Dried Seaweed 1.76oz,8.29,hmart
"Choripdong Dried Kelp, Sliced 4oz",6.29,hmart
Choripdong Red Pepper Powder Fine 200g,6.79,hmart
Choripdong Sunflower Oil Roasted Laver 3 packs x 0.88oz,7.29,hmart
Choripdong Cornish Hen Soup Preparation 10oz,6.79,hmart
"Choripdong Grape Oil Roasted Laver 3 packs x 0.88oz, 2.64oz",7.29,hmart
Choripdong Fresh Noodle Udon Jjajang 2.2lb,5.49,hmart
"Solo Squared Plastic Cups 18oz , 50 Count",12.99,hmart
Vekoo Check-Pattern Stainless Chopsticks 5 Pairs,9.99,hmart
I Love My Kitchen Bamboo Chopsticks Set 5 Pairs,3.99,hmart
Cleanwrap Clean Paper Foil (25cmx20m),9.49,hmart
Wang Wooden Chopsticks 100 Pairs,4.99,hmart
Nishiki Quick Cooking Whole Grain Brown Rice 5lb,16.99,hmart
"Choripdong Dried Pollock, Sliced 8oz",17.79,hmart
Way Fong Pork Shrimp Dumpling 24oz,10.49,hmart
Wei-Chuan Chicken Mini Bun 20oz,9.49,hmart
Wei-Chuan Pork Mini Buns Crab Meat Added 20oz,9.49,hmart
Spicy King Hotpot Sauce 8oz,4.49,hmart
Lee Kum Kee Sa Cha Sauce 7oz,7.79,hmart
Pearl River Bridge Golden Label Superior Light Soy Sauce 500ml,6.79,hmart
"Solo Paper Plates 6.785in (17.4cm), 48 Count",6.99,hmart
Azuma Organic Natto 135.6g,4.49,hmart
Hansang Spicy Sausage and Vegetable Soup 550g,14.29,hmart
Surasang Kimchi Gyoza 16oz,5.49,hmart
Chung Jung One Soy Sauce Jorim 500ml,8.79,hmart
Ottogi Gold Mayonnaise 500g,12.29,hmart
Kikkoman Whole Beans Soy Sauce 17oz,10.49,hmart
Wei-Chuan Pork & Leek Mini Bun 20oz,9.49,hmart
Bull-Dog Vegetable & Fruit Sauce (Semi Sweet) 10.1oz,5.49,hmart
Kikkoman Ponzu Soy Sauce 10oz,5.49,hmart
Maggi Europe Seasoning Sauce 6.7oz,8.79,hmart
Heinz Tomato Ketchup No Sugar Added 13oz,6.29,hmart
AGF Black in Box Roasting Assorted 0.5oz,6.79,hmart
"Greenmax Yam & Mixed Cereal 12 sachets x 30g, 12.7oz",9.49,hmart
O! Grain Premium Organic Sweet Rice 3.5lb,22.99,hmart
Baekseami Rice 4.4lb,18.79,hmart
Choripdong Soy Bean 2lb,5.49,hmart
Choripdong Whole Mung Bean 2lb,8.29,hmart
Endico Frozen Green Peas 2.5lb,6.29,hmart
"Surasang Organic Green Tea with Roasted Brown Rice 50 Tea Bags X 1.2g, 2.12oz",9.99,hmart
"Surasang Organic Green Tea 50 Tea Bags x 1.2g, 2.12oz",10.49,hmart
Wei-Chuan Frozen Mustard Green Mix 1lb,4.99,hmart
Wei-Chuan Frozen Mustard Green 1lb,4.49,hmart
Choripdong Black Sweet Rice 2lb,9.49,hmart
Choripdong Whole Barley 2lb,6.79,hmart
Yamamotoyama Organic Oolong Premium Tea 1.2oz,9.99,hmart
Shirakiku Matcha Green Tea Powder 400g,30.79,hmart
Pocas Honey Ginger Tea Original 12.7oz,6.29,hmart
Maxim White Gold Coffee Mix 234g,9.99,hmart
"Maxim Original Coffee Mix 20 Sticks, 236g",7.79,hmart
Orga Land Organic Seasoned Sea Snack 60g,10.99,hmart
Sempio Liquid Seasoning Light 320g,11.79,hmart
Sempio Liquid Seasoning 275ml,11.79,hmart
Marukan Seasoned Gourmet Rice Vinegar Sweet & Tangy Flavor 12fl.oz,5.49,hmart
Mae Ploy Sweet Chilli Sauce 12oz,4.49,hmart
Kikkoman Oyster Flavored Sauce Gluten Free 12.6oz,3.99,hmart
Jinmi Black Bean Paste Smoky 300g,3.99,hmart
Choripdong Red Pepper Powder Coarse 200g,6.79,hmart
Choripdong Korean Bbq for Pork Collar Butts 1.1lb,5.49,hmart
Choripdong Korean Bbq Sauce for Sliced Short Rib 1.1lb,5.49,hmart
Choripdong Korean Bbq Sauce for Sliced Beef Rib Eye 1.1lb,5.49,hmart
Chung Jung One Soy Sauce for Soup 840ml,9.99,hmart
Chung Jung One Classic Soy Sauce 500ml,7.29,hmart
Jongga Seasoned Dried Radish 200g,9.99,hmart
Jongga Sesame Leaf 200g,11.99,hmart
Jongga Gat Kimchi 500g,12.99,hmart
Daifuku Frozen Parfried Fish Cake 1.38lb,14.29,hmart
Hansang Kimchi Big Gyoza Dumpling 700g,9.49,hmart
Meiji Hello Panda Vanilla 258g,10.49,hmart
Jinga Kabocha Porridge(S) 14oz,5.29,hmart
Jinga Seasoned Dried Radish(S) 4oz,5.99,hmart
Roasted Sweet Potato,5.99,hmart
Cheese Kimbap,9.49,hmart
Chicken Mayo Rice Bowl,12.99,hmart
Berkshire Belly 6mm Sliced 0.65lb,14.79,hmart
Marinated Pork Belly,12.99,hmart
Haidilao Spicy Sauce for Stir Fry 7.8oz,5.49,hmart
Haidilao Tomato Flavor Hot Pot Seasoning 7.1oz,7.49,hmart
Natural Pork Belly 6mm Sliced 0.6lb,11.99,hmart
Long Kow Sliced Noodles 10.5oz,6.79,hmart
Long Kow Broad Threads Noodles 6.3oz,6.79,hmart
Long Kow Cellophane Noodles 6.3oz,6.79,hmart
Sunshine Farms Cage Free Organic Large Brown Half Dozen Eggs,5.99,hmart
General Mills Golden Grahams Treats S'Mores 8.48oz,7.79,hmart
Kellogg's Corn Flakes 12oz,11.99,hmart
Honey Nut Cheerios Treats 8 Bars x 24g,7.79,hmart
Spicy Chicken Inari,7.49,hmart
Mushrooms Saute Inari,6.49,hmart
Bulgogi Inari,7.49,hmart
Spicy Bulgogi Inari,7.49,hmart
Milkita Fruity Mix Lollipop 4.06oz,3.79,hmart
Milkita Neapolitan Mix Candy 120g,3.79,hmart
Irvins Salted Egg Potato Chips 105g,15.99,hmart
Nobel Super Cola Candy 3.1oz,4.99,hmart
Ktown Dukboki Original 1.32lb,9.49,hmart
88 Rice Cake Extremely Spicy 1.23lb,8.79,hmart
Hansang Green Onion Pancake with Seafood 15.87oz,8.79,hmart
Lotte Foods Crispy Crunch Hotdog 10.6oz,11.79,hmart
Lotte Mozzarella Cheese & Potato Hotdog 11.2oz,12.19,hmart
CJ Bibigo Glass Noodles with Vegetables and Mushrooms 20.8oz,13.99,hmart
CJ Bibigo Shrimp Fried Rice 15.87oz,12.29,hmart
China Sea Maifun Bean Threads 6oz,4.49,hmart
Jongga Aged Fermented Kimchi 17.6oz,12.19,hmart
Havista Premium Green Bean Sheet Stripe 8oz,4.99,hmart
Chung Soo Bibim Naengmyeon Oriental Style Noodle 25.40oz,7.29,hmart
Dongwon Sweet Potato Vermicelli 400g,10.49,hmart
Wang Korea Sweet Potato Starch Noodle 12oz,6.29,hmart
Ottogi Wheat Noodle Regular Round 900g,10.99,hmart
Surasang Sweet Potato Starch Noodle 12oz,6.29,hmart
Hansang Leek Pancake 15.87oz,8.79,hmart
Way Fong Chinese Brand Pork & Mushroom Dumpling 24oz,9.99,hmart
Choripdong Handmade Dumpling Kimchi 2.64lb,10.49,hmart
Synear Pork Dumpling with Shrimp Flavored 454g,7.29,hmart
Jinga Seasoned Dried Squid 7oz,12.49,hmart
Morinaga Hi-Chew Banana 1.76oz,1.69,hmart
Jongga Green Onion Kimchi (Pa Kimchi) 300g,14.29,hmart
Jongga Young Radish Leaves Kimchi (Yeolmu Kimchi) 500g,13.19,hmart
Jongga Whole Radish Kimchi (Chonggak Kimchi) 500g,13.19,hmart
Tobagi Country Style Sliced Kimchi 26oz (737g),14.99,hmart
CJ Bibigo Radish Kimchi 450g,13.19,hmart
Tai Mung Bean Sheet Jelly(S) 6.3oz,3.29,hmart
Long Kow Ichi Ban Soul Q Noodles 10.5oz,6.79,hmart
Kopiko Coffee Candy 4.23oz,2.09,hmart
Kasugai Mango Gummy Candy 3.59oz,3.79,hmart
China Sea Peeled Whole Water Chestnuts 8oz,3.29,hmart
Shirakiku Canned Seasoned Fried Bean Curd 10oz,7.79,hmart
Sempio Canned Braised Black Bean 70g,5.49,hmart
Palm Corned Beef with Juices 11.5oz,10.99,hmart
La Morena Pickled Jalapeno Nacho Slices 13.13oz,3.29,hmart
Kitchen Basics Original Seafood Stock for Cooking 32oz,6.29,hmart
Kitchen Basics Original Turkey Stock for Cooking 32oz,6.29,hmart
Sclafani White Beans 15.5oz,2.79,hmart
Sclafani Red Kidney Beans 15.5oz,2.79,hmart
Sclafani Spanish Manzanilla Olives Stuffed with Minced Pimento 5.75oz,4.49,hmart
Shirakiku Mandarin Orange in Light Syrup 11oz,3.29,hmart
Shirakiku Sweetened Red Bean 7.4oz,5.49,hmart
Mantova Organic Penne Rigate 1lb,4.99,hmart
Spam Jalapeno 12oz,7.29,hmart
Spam with Real Hormel Bacon 12oz,7.29,hmart
Spam Hot & Spicy 12oz,7.29,hmart
Spam Oven Roasted Turkey 12oz,6.79,hmart
Spam Hickory Smoke Flavored 12oz,6.79,hmart
Hunt's Tomato Paste 15oz,3.99,hmart
Hunt's Tomato Paste 12oz,4.99,hmart
Eden Organic Black Beans No Salt Added 15oz,4.99,hmart
Eden Organic Garbanzo Beans No Salt Added 15oz,4.99,hmart
Eden Organic Pinto Beans 13.13oz,4.99,hmart
De Cecco Farfalle No. 93 1lb,4.49,hmart
De Cecco Angel Hair No. 9 1lb,4.49,hmart
Heinz Sweet Relish 10fl.oz,3.29,hmart
Jinga Seafood and Scallion Pancakes 12oz,7.99,hmart
Sekka Premium Medium Grain Rice 15lb,25.99,hmart
Realime 100% Lime Juice 8oz,3.29,hmart
Dongwon Vegetable Tuna 135g,4.99,hmart
Yoodong Canned Cockle 280g,8.79,hmart
Dongwon Canned Pacific Saury 400g,7.29,hmart
China Sea Peeled Sliced Bamboo Shoots in Water 8oz,3.29,hmart
Yoodong Canned Mackerel 400g,4.49,hmart
Dongwon Canned Whelk (Hot) 400g,11.79,hmart
Maxim Kanu Dark Roast Americano 48g,21.99,hmart
AGF Blendy Cafe Latory Milk Cafe Latte 80g,6.79,hmart
Koshihikari Premium Sushi Rice 4.4lb,16.49,hmart
Nissui Light Tuna Flake in Oil 80g x 3 pcs,12.29,hmart
Dongwon D.H.A Tuna 135g,4.99,hmart
Dongwon Tuna Light Standard 250g,5.49,hmart
Haio Canned Whelk 14.1oz,10.99,hmart
Thai Kitchen Coconut Milk Unsweetened 13.66oz,6.29,hmart
Thai Kitchen Coconut Cream Unsweetened 13.66oz,8.79,hmart
Chef's Choice Coconut Milk 13.5oz,4.49,hmart
Shirakiku Coconut Milk 13.5oz,3.99,hmart
Shirakiku Cut Young Corn 15oz,3.99,hmart
Nestle Carnation Evaporated Milk 12oz,4.49,hmart
Nissui Mackerel in Soybean Paste 6.7oz,4.99,hmart
Nissui Salmon Flakes (Dry Pack) 110g,12.79,hmart
Sempio Canned Braised Anchovies in Soy Sauce 50g,6.29,hmart
Kasugai Frutia Kiwi Fruit Gummy Candy 3.77oz,4.99,hmart
Euro Classic Authentic French Brioche Hot Dog Buns 9.52oz,5.99,hmart
Kikkoman Manjo Aji-Mirin Sweet Cooking Rice Seasoning 10oz,6.79,hmart
Wang Seafood Mix 14oz,10.99,hmart
Nishiki Premium Grade Rice 10lb,22.99,hmart
Wei-Pac Lo Mein Egg Noodles 283g,2.79,hmart
Organic Fuji Apple 1 Each,2.79,hmart
Uni,24.99,hmart
Madhava Organic Amber Agave 11.75oz,8.29,hmart
Madhava Organic Light Agave 11.75oz,8.29,hmart
Beksul Korean style noodle(Somen) 900g,8.79,hmart
Gold Kili Instant Honey Ginger Tea 10 Sachets x 18g,6.29,hmart
Haio Seasoned Bean Paste 1.1lb,4.49,hmart
Haio Jeju Hallabong Tea 2.2lb,11.79,hmart
Ito En Green Tea 5.3oz,15.49,hmart
Pulmuone Juicy Dumplings with Pork and Vegetables 600g,15.99,hmart
Havista Shanghai Yangchun Noodles 38.8oz,10.49,hmart
Squid Brand Fish Sauce 725ml,4.99,hmart
Dynasty Chinese Restaurant Tea 32g,4.99,hmart
Sukina Japanese Style Noodle 3lb,12.29,hmart
Dynasty Jasmine Rice 5lb,12.99,hmart
Koshihikari Sunshine Moonlight Premium Sushi Rice 2lb,8.29,hmart
Tamaki Gold California Koshihikari Short Grain 4.4lb,24.29,hmart
Myungjin Rubber Gloves Medium,4.99,hmart
Sempio Vegan Samjang Seasoned Soybean Paste 500g,6.79,hmart
Chung Jung One Mild Ssamjamg Original Seasoned Soybean Paste 1.1lb,6.29,hmart
Kimbo Pork Fu 4oz,6.79,hmart
Nongshim Shrimp Noodle Soup Bowl Big 115g,4.49,hmart
Chung Jung One Mild Doenjang 1.1lb,6.29,hmart
China Sea Saifun Bean Threads 6oz,6.29,hmart
Choripdong Soybean Paste 1.1lb,3.99,hmart
Chung Jung One Spicy Cocktail Sauce Vinegar Gochujang 10.58oz,6.29,hmart
Long Kou Vermicelli 11.3oz,4.49,hmart
Wei-Chuan Organic Mung Beans 14oz,4.99,hmart
Yamasa Yuuki Shoyu Organic Soy Sauce 17oz,8.79,hmart
Crd Daechun Roasted Seaweed 3/20G,6.79,hmart
Wang Seasoned Seaweed 4g x 3 packs,3.29,hmart
"Gwangcheon Samwon Yaki Sushi Nori 10 Sheets, 22g",5.49,hmart
Wei-Chuan Organic Adzuki Beans 14oz,4.99,hmart
Sam Su Gab San Brown Sweet Rice 10lb,25.99,hmart
Sam Su Gab San Sweet Rice 10lb,24.99,hmart
Sam Su Gab San Sushi Rice 10lb,24.29,hmart
Sam Su Gab San Sushi Rice 5lb,12.99,hmart
Kokuho Rose Sushi Rice 10lb,26.99,hmart
Nishiki Premium Grade Rice 15lb,34.99,hmart
Ichimasa Chikuwa (Fish Cake) 3.96oz,3.29,hmart
Hansang Beef Leg Bone Extract 1.38lb,9.99,hmart
Hansang Fermented Soybean Paste Stew Stock 140g x 3 packs,9.99,hmart
Havista Shanxi Planed 38.8oz,10.49,hmart
Pulmuone Jumbo Kimchi & Pork Dumplings 630g,16.49,hmart
Choripdong Roasted Laver with Grape Oil 12 packs 60g,8.79,hmart
Yamasa Soy Sauce Less Salt 33.8fl.oz,12.29,hmart
"Nissui Baked Wheat Cakes with Octopus (Takoyaki) 20 pcs, 400g",10.99,hmart
Yamagataya Nori Zenkei 50Sht 4.46Oz,21.99,hmart
Jongga Stir-Fried Kimchi 190g,6.79,hmart
Dongwon Vienna Sausage 8oz,6.79,hmart
Synear Pork & Leek Dumpling 16oz,7.29,hmart
Choripdong Frozen Pumpkin Bun 15.5oz,9.49,hmart
Jinga Sweet Red Bean Porridge 500g,9.49,hmart
Hansang Mungbean Pancake 15.87oz,10.49,hmart
Choripdong Imitation Scallop Meat 1.1lb,7.79,hmart
Sun Noodle Tan Tan Ramen 13.9oz,9.99,hmart
Sun Noodle Shoyu Ramen 12.5oz,9.99,hmart
Sun Noodle Miso Ramen 13.2oz,9.99,hmart
Shirakiku Edamame Shelled 14.1oz,5.49,hmart
Kibun Oden Set(S) Assorted Fish Cakes 15.27oz,13.29,hmart
Euro Classic Authentic Brioche Burger Buns 10.58oz,6.99,hmart
H Mart Spicy Chicken Soup Kit,16.99,hmart
Hansang Beef and Vegetable Soup 19.4oz,9.99,hmart
Havista Lanzhou Fresh Noodles 38.8oz,10.49,hmart
Havista Shanxi Pull Noodles 38.8oz,10.49,hmart
Pulmuone Jjamppong Noodle Soup Kit 12.8oz,10.99,hmart
"Wang Korean Knife-Cut Fresh Noodle, Brown Rice 2.2lb",10.99,hmart
Wang Korean Fresh Noodle (Udon) 2.2lb,10.99,hmart
Napa Half Cabbage 1.9lb,3.99,hmart
Pomelo 1 Each,9.99,hmart
Fresh Garlic 5 Pcs 5oz,3.99,hmart
Jongga White Kimchi (Baek Kimchi) 17.6oz,10.99,hmart
Tobagi Country Style Premium Kimchi with Oyster 12oz,9.99,hmart
Tobagi Country Style Sliced Kimchi 12oz (340.1g),8.99,hmart
Jongga Whole Cabbage Kimchi (Poggi Kimchi) 35oz (1kg),20.99,hmart
Tobagi Country Style Fresh Kimchi 24oz,13.19,hmart
CJ Bibigo Sliced Kimchi 500g,10.99,hmart
Jinga Mung Bean Pancakes 14oz,9.99,hmart
Jinga Stir-Fried Fish Cake 11oz,8.49,hmart
Ottogi Wheat Noodle Wild Round 900g,10.99,hmart
Lotte Ice Yogurt 850ml,10.99,hmart
1000 Year Kimchi Sliced Kimchi 26oz,17.79,hmart
Choripdong Salted Kelp 400g,2.79,hmart
Jinga Salted Spicy Pollock (S) 5oz,10.99,hmart
Jinga Braised Tofu 16oz,7.99,hmart
Shibanuma Ponzu Yuzu Katsuo 10.15oz,12.29,hmart
Morita Mirin Honmirin Jyozo 16.6oz,5.99,hmart
Shirakiku Marutomo Soba Straight Soup Base 12.17oz,6.79,hmart
Shirakiku Sushi Sauce 18oz,7.79,hmart
Shirakiku Teriyaki Sauce 18oz,7.79,hmart
Shirakiku Oyster Sauce 18oz,7.79,hmart
Wan Ja Shan Premium Rice Vinegar 10oz,4.49,hmart
Maggi Seasoning 6.7oz,6.29,hmart
Mizkan Ponzu Citrus Seasoned Soy Sauce 12oz,6.29,hmart
Jinga Spicy Radish Kimchi(S) 6oz,4.49,hmart
Jinga Radish Kimchi(S) 6oz,4.49,hmart
Jinga Seasoned Dried Squid(S) 2oz,7.99,hmart
Jinga Seasoned Pickled Cucumber(S) 4oz,4.79,hmart
Jinga Assorted Korean Pancakes 12oz,9.99,hmart
Jinga Kimchi Pancakes 12oz,8.99,hmart
Pulmuone Spicy Jjolmyun Noodle Kit 16.2oz,9.99,hmart
Jongga Traditional Cut Cabbage Kimchi 500g,9.99,hmart
Haioreum Pickled Radish Wrap Omija Five Berry 12.34oz,3.39,hmart
Hansang Pork Back-Bone Stew with Dried Radish 700g,16.49,hmart
Hansang Cold Noodle with Spicy Sauce 560g,8.79,hmart
O! Noodle Chajang Noodle 22.57oz,8.29,hmart
O! Noodle Tempura Udon Noodle 17.14oz,7.79,hmart
O! Noodle Buckwheat Fresh Noodle 2.2lb,7.79,hmart
Choripdong Pickled Radish Sliced 14.1oz,4.99,hmart
Choripdong Cold Noodles 2.24lb,8.79,hmart
Pulmuone Korean Style Noodles with Black Bean Sauce 22.57oz,10.49,hmart
"Wang Korea Korean Knife-Cut Fresh Noodle, Green Tea 28.6oz",10.99,hmart
Wang Korean Fresh Noodle (Somen) 2.2lb,10.99,hmart
Hakubaku Organic Soba 9.5oz,5.49,hmart
Wang Seafood Flavor Udon 636g,8.29,hmart
Jinga Korean Omelette(S) 6oz,4.79,hmart
Jongga Traditional Korean Cut Cabbage Kimchi 35oz (1kg),18.99,hmart
Sempio Soy Sauce Jin S Rich & Mellow 930ml,7.29,hmart
Sugimoto Organic Tea Daily Matcha for Drinking & Cooking 2oz,15.49,hmart
Lotte Snow Ice Coffee Shake 800ml,10.99,hmart
Choripdong Roasted Laver with Sunflower Seed Oil 12 Packs,9.99,hmart
"Takaokaya Yaki Sushi Nori Sushihane 30 Sheets, 63g",14.99,hmart
Orga Land Organic Seasoned Sea Snack 22g X 3 Packs,10.99,hmart
Shirakiku Inaka Soba Japanese Style Buckwheat Noodles 16oz,6.79,hmart
Yamamotoyama Matcha Sencha Premium Green Tea 36g,9.99,hmart
Roland Pad Thai Rice Stick Noodles 14oz,6.29,hmart
Gunter's Pure Honey Clover 16oz,9.99,hmart
Windex Glass Cleaner Original 680ml,7.99,hmart
Shrimp Inari,7.49,hmart
Spicy Chicken Onigiri,3.99,hmart
Cha Shu Bun,4.99,hmart
Shrimp Summer Roll,7.99,hmart
Vegetable Kimbap,9.49,hmart
Vegetable Seaweed Roll,4.99,hmart
Vegetable Spring Rolls,4.99,hmart
Bb.Q Chicken Secret Sauce Boneless,14.99,hmart
Long Kow Ichi Ban Soul Q Noodles 300g,6.79,hmart
Choripdong Vermicelli (Oriental Style Noodle) Pre-Cut 1lb,5.49,hmart
Choripdong Vermicelli (Oriental Style Noodle) 12oz,4.99,hmart
Shirakiku Dried Noodles Chuka Soba 8oz,2.79,hmart
Calbee Shrimp Chips Hot Garlic 3.3oz,4.99,hmart
Roland Brown Rice Vermicelli Gluten Free 250g,6.29,hmart
Roland Rice Vermicelli Gluten Free 8.8oz,7.79,hmart
Surasang Kimchi Base 16oz,9.49,hmart
Surasang Topokki Sauce 16.93oz,12.29,hmart
Sempio Apple Vinegar 500ml,5.29,hmart
Ottogi Apple Vinegar 500ml,5.49,hmart
Ottogi Plum Vinegar 500ml,5.49,hmart
Sempio Stir-Fry Soy Sauce 930ml,8.79,hmart
Sempio Seasoning Soy Sauce 860ml,8.79,hmart
Sempio Soy Sauce Jin Gold F3 Rich and Savory 500ml,4.49,hmart
Lee Kum Kee Gluten Free Soy Sauce 16.9fl.oz,8.29,hmart
Yamasa Brewed Soy Sauce 33.8fl.oz,8.79,hmart
Chung Jung One Premium Soy Sauce 6 Months Naturally Brewed 840ml,11.79,hmart
Surasang Soybean Paste Fermented 450g,10.99,hmart
Wang Roasted Black Bean Paste 1.1lb,8.29,hmart
"Wang Black Bean Paste, Fermented 450g",7.79,hmart
Sempio Soy Sauce Jin Gold F3 Rich and Savory 930ml,8.79,hmart
Jinshan Zhenjiang Vinegar 550ml,6.79,hmart
Eiwa Hello Kitty Tropical Mango Marshmallow 3.1oz,4.49,hmart
Morinaga Hi-Chew Sweet & Sour 12.7oz,10.39,hmart
ABC Bear Fruitery Jelly Mango Flavor 710g,14.99,hmart
Hapi Spicy Sriracha Flavored Peas 9.9oz,8.79,hmart
Hapi Hot Wasabi Flavored Peas 9.9oz,8.79,hmart
"Wang Mild Soy Bean Paste, Fermented 15.87oz",9.99,hmart
Morita Yuki Mirin Type 16.6oz,9.99,hmart
Shirakiku Ponzu Seasoning Sauce 12oz,6.79,hmart
Sempio Hot Pepper Paste Classic 500g,7.79,hmart
Haio Very Hot Rice Red Pepper Paste 500g,6.29,hmart
Shirakiku Gochujang Korean Hot Sauce 18oz,7.79,hmart
Ottogi Vinegared Red Pepper Paste 300g,7.79,hmart
Sempio Naturally Brewed Soy Sauce 701 930ml,8.79,hmart
Beksul Plum Syrup 36.18oz,17.99,hmart
Morita Cooking Sake 33.8fl.oz,9.99,hmart
"Ottogi Jin Ramen Spicy 120g x 4 Packs, 480g",7.79,hmart
Gyukaku Japanese Bbq Seasoning Soy Sauce 7.4oz,4.99,hmart
Gyukaku Koku Uma Shoyu Dare 7.4oz,4.99,hmart
Ebara Tare Yakiniku Mild 600g,15.49,hmart
Heinz Tomato Ketchup 20oz,6.79,hmart
Lee Kum Kee Sweet Bean Sauce (Sauce for Peking Duck) 13.4oz,5.49,hmart
Kikkoman Wasabi Sauce 9.25oz,7.79,hmart
Chung Jung One Seafood & Oyster Sauce 250g,8.29,hmart
Spicy Pork Rice Bowl,12.99,hmart
Gyu Don Rice Bowl,11.99,hmart
Bulgogi Bowl,12.99,hmart
Baked Pork Belly Rice Bowl,12.99,hmart
Lotte Sweet Corn  5ct 140ml,12.79,hmart
Seasoned Squid Kimbap,9.49,hmart
Bbq Bulgogi Kimbap,9.99,hmart
Rice Cake Tteokbokki,9.99,hmart
Man Mi Bakery Walnut Cake 8oz,9.99,hmart
Lee Kum Kee Less Sodium Soy Sauce 5.1fl.oz,4.49,hmart
Lee Kum Kee Spare Rib Sauce 8.5oz,3.99,hmart
Lee Kum Kee Sriracha Mayo 15fl.oz,8.79,hmart
Lee Kum Kee Vegetarian Stir-Fry Sauce 18oz,7.29,hmart
Lee Kum Kee Premium Soy Sauce (No Preservatives Added) 16.9fl.oz,5.49,hmart
Lee Kum Kee Organic Premium Soy Sauce 16.9fl.oz,7.79,hmart
Lee Kum Kee Mushroom Flavored Dark Soy Sauce 16.9fl.oz,4.99,hmart
Lee Kum Kee Less Sodium Soy Sauce 16.9fl.oz,7.79,hmart
Lee Kum Kee Kumchun Brand Soy Sauce 16.9fl.oz,2.79,hmart
Lee Kum Kee Korean Barbecue Sauce 13oz,6.79,hmart
Lee Kum Kee Hoisin Sauce 20oz,6.29,hmart
Lee Kum Kee Chili Oil 7fl.oz,5.49,hmart
Lee Kum Kee Chicken Marinade 14oz,6.29,hmart
Lee Kum Kee Black Pepper Sauce 8.1oz,6.29,hmart
Kikkoman Thai Style Peanut Sauce 9oz,6.79,hmart
Kikkoman Usukuchi Light Shoyu 17oz,7.79,hmart
Kikkoman Sukiyaki Sauce 10fl.oz,7.79,hmart
Choripdong Peeled Mung Bean 2lb,9.49,hmart
Choripdong Corn Starch 2.2lb,6.79,hmart
Haioreum Pickled Radish Wrap Sweet and Sour 350g,3.99,hmart
Moon Valley Organics Foaming Herbal Hand Soap Grapefruit Thyme 8.8oz,10.49,hmart
Gatsby Moving Rubber Cool Wet 2.8oz,12.99,hmart
Gatsby Moving Rubber Spiky Edge 2.8oz,16.99,hmart
"Choripdong Roasted Multi Laver Set 5g x 12 pks, 60g",8.79,hmart
Tampax Super 10 Tampons,5.49,hmart
Moon Valley Organics Foaming Herbal Hand Soap Mint Lavender 8.8oz,10.99,hmart
Moon Valley Organics Foaming Herbal Hand Soap Lemon Rosemary 8.8oz,10.49,hmart
Moon Valley Organics Foaming Herbal Hand Soap Orange Spice 8.8oz,10.49,hmart
Little Sheep Hot Pot Soup Base Spicy Flavor 8.29oz,7.29,hmart
Beksul Cheiljemyunso Korean Chopped Noodle 900g,8.79,hmart
Chung Jung One Mild Ssamjang Original Seasoned Soybean Paste 6oz,3.99,hmart
Beksul Original Pure Sesame Oil 160ml,8.79,hmart
Ottogi Curry Mild 100g,5.49,hmart
Wei-Chuan Organic Black Soybean 14oz,4.99,hmart
Wei-Chuan Organic Millet 14oz,4.99,hmart
Yamasa Sukiyaki Senka 16.9oz,12.29,hmart
Red Rose Spring Roll Skin 345g,4.49,hmart
Hakubaku Organic Ramen 9.5oz,5.49,hmart
Dongsuh Corn Tea 150g,4.49,hmart
Choripdong Roasted Seaweed with Green Tea 50g,5.49,hmart
Choung Soo Mul Naengmyeon Oriental Style Noodle 25.4oz,8.29,hmart
Ottogi 3Min. Curry Spicy 190g,4.99,hmart
Morinaga Hi-Chew Superfruit Mix Candy 3.17oz,3.79,hmart
Long Kow Dough Sliced Dried Noodles 300g,6.79,hmart
Laoganma Hot Chili Sauce 280g,6.29,hmart
Lee Kum Kee Chili Bean Sauce (Toban Djan) 8oz,5.49,hmart
Dongsuh Barley Tea 150g,4.49,hmart
Nishiki Premium Grade Brown Rice 2lb,7.79,hmart
"Choripdong Boryung Daechun Roasted Laver 12 packs, 60g",8.79,hmart
Chung Jung One Hot Pepper Bean Paste (Very Hot) 7.05oz,7.29,hmart
WuFuYuan Color Tapioca Pearl 250g,4.49,hmart
Kikkoman Black Bean Sauce with Garlic 8.7oz,7.79,hmart
Huy Fong Sambal Oelek Ground Fresh Chili Paste 18oz,6.79,hmart
Dongwon Sesame Oil 160ml,7.29,hmart
Choripdong Vinegar 500ml,3.99,hmart
Chung Jung One Rice Syrup 700g,8.79,hmart
Huy Fong Sambal Oelek Ground Fresh Chili Paste 8oz,3.79,hmart
Laoganma Chili Oil Beancurd 9.17oz,5.49,hmart
Kikkoman Traditionally Brewed Tamari Soy Sauce 10oz,6.79,hmart
Kikkoman Oyster Sauce 12.6oz,3.99,hmart
Kikkoman Chili Ponzu Citrus Seasoned Dressing & Sauce 10oz,5.49,hmart
CJ Korean Bbq Chicken & Pork Marinade Original Sauce 1.1lb,7.49,hmart
Bull-Dog Worcestershire Sauce 10.1oz,5.49,hmart
Himorn Peanut Rice Paper Roll Sauce 8.1oz,8.79,hmart
Thai Kitchen Pad Thai Sauce 8oz,12.29,hmart
Hakubaku Organic Cha Soba 7oz,4.99,hmart
Hakubaku Organic Udon 9.5oz,5.49,hmart
Haechandle Spicy Ssamjang Seasoned Soybean Paste 450g,9.99,hmart
Chung Jung One Soy Bean Paste (Shellfish & Anchovy) 450g,10.99,hmart
Chung Jung One Cooking Oligo Syrup 700g,7.29,hmart
"Chung Jung One Hot Pepper Paste Tubes (60g x 3 Tubes), 180g",9.49,hmart
Ottogi Sesame Flavor Noodle Bowl 110g,4.49,hmart
Nongshim Kimchi Flavor Noodle Soup 480g,9.99,hmart
Ottogi Jin Ramen Cup Noodle Mild 110g,3.29,hmart
Pulmuone Oyster Jjampong Ramen 394g,9.99,hmart
Yamamotoyama Oolong Tea 32g,5.49,hmart
Wei-Chuan Dumpling Sauce 230g,4.99,hmart
Kasugai Watermelon Gummy Candy 107g,3.79,hmart
Ottogi Corn Soup Mix 80g,5.49,hmart
Choripdong Roasted Seaweed with Grape Seed Oil 50g,9.99,hmart
Shirakiku Dried Kelp Dashi Kombu 2oz,3.99,hmart
Morinaga Hi-Chew Mixed Soft Candy Soda Pop 2.82oz,3.79,hmart
Haidilao Spicy Sauce for Stir-Fry Spicy Flavor 7.8oz,6.79,hmart
Ottogi Jin Ramen Mild Multi 480g,7.79,hmart
Kewpie Deep-Roasted Sesame Dressing 8oz,7.79,hmart
Nongshim Neoguri Stir-Fry Noodles Spicy Seafood Flavor 548g,16.99,hmart
Lee Kum Kee Seasoned Soy Sauce for Seafood 14oz,6.29,hmart
Shirakiku Japanese Style Noodle Somen 2.2lb,8.29,hmart
Dynasty Jasmine Brown Rice 2lb,4.49,hmart
Choripdong Black Rice 2lb,10.99,hmart
Choripdong Brown Sweet Rice 2lb,7.29,hmart
Kyong Gi Me Organic Short Grain Sushi Rice 2lb,13.99,hmart
Lee Kum Kee Thai Style Sweet Chili Sauce 18oz,6.29,hmart
Marukan Genuine Brewed Rice Vinegar 12oz,5.49,hmart
Obok Chunjang Black Bean Paste 500g,4.49,hmart
Otafuku Okonomi Sauce 17.6oz,9.49,hmart
Ottogi Corn Syrup 700g,7.29,hmart
Shirakiku Cooking Sweet Rice Wine 13.52oz,5.49,hmart
Wei-Chuan Dumpling Sauce Hot 230g,4.99,hmart
Choripdong Brown Rice 2lb,6.99,hmart
Lotte Custard Cream Cake 276g,10.99,hmart
Ottogi Premium Roasted Sesame Oil 320ml,15.49,hmart
Ottogi Brown Rice Vinegar 500ml,5.49,hmart
Lombardi Avocado Oil 500ml,13.29,hmart
Lee Kum Kee Chili Bean Sauce (Toban Djan) 13oz,7.79,hmart
Hansang Perilla Seed Oil 320ml,10.49,hmart
Hansang Sesame Oil 160ml,5.49,hmart
Jinmi Black Bean Paste 300g,2.79,hmart
Kikkoman Sweet Soy Sauce for Rice 10fl.oz,7.79,hmart
Samyang Buldak Carbonara Hot Chicken Flavor Sauce 200g,8.79,hmart
Yamasa Brewed Soy Sauce 17oz,5.49,hmart
S&B Tasty Soymilk & Corn Stew Sauce Mix 160g,6.79,hmart
Dongwon Tuna Light Standard 150g (Pack of 4),17.79,hmart
Erawan Oriental Style Noodle (Size XL) 16oz,3.99,hmart
Erawan Oriental Style Noodle (Size L) 16oz,2.79,hmart
Ottogi Wheat Extra Thin Round Noodle 900g,9.99,hmart
Nongshim Shin Bowl Noodle Soup Gourmet Spicy Bundle 86g x 12 Packs,29.49,hmart
Little Sheep Mushroom Soup Base for Hot Pot 4.93oz,7.29,hmart
House Foods Java Curry Hot 6.52oz,7.79,hmart
House Foods Vermont Curry Mild 8.11oz,8.29,hmart
Ottogi 3Min. Black Bean Sauce 160g,4.99,hmart
Ottogi Rice Porridge with Egg & Vegetable 285g,7.79,hmart
Hakubaku Organic Somen 9.5oz,5.49,hmart
Shirakiku Japanese Style Noodles Udon 35.27oz,8.29,hmart
Shirakiku Japanese Style Buck Wheat Noodle 28.21oz,8.29,hmart
Chung Jung One 100% Korean Hot Pepper Paste 1.1lb,17.29,hmart
"Chung Jung One Hot Pepper Paste 1.1lb, Mild",9.99,hmart
CJ Bulgogi Marinade Korean BBQ Original Sauce 1.1lb,7.29,hmart
"Nongshim Shin Ramyun Noodle Soup 120g x 16 Pkgs, 1.92kg",27.49,hmart
Tai Mung Bean Vermicelli 6.3oz,2.79,hmart
Shirakiku Inaka Udon Japanese Style Noodles 16oz,6.29,hmart
Sinbo Canton Noodles (Dried Shrimp) Oriental Style (Thin) 375g,2.79,hmart
Erawan Oriental Style Noodle (Size S) 16oz,3.99,hmart
Long Kow Hsin Chun Rice Noodles 200g,7.29,hmart
Ottogi Wheat Noodle Thin Round 900g,10.49,hmart
S&B Tasty Hayashi Rice Japanese Gravy Mix 5.6oz,6.79,hmart
Crd Daechun Vegetable Laver 2/1.41Oz,6.79,hmart
Crd Daechun Chilli Laver 2/2.82Oz,6.79,hmart
Youki Shisen Tobanjan Seasoning 225g,12.29,hmart
Yamasa Organic Tamari Soy Sauce 5oz,9.99,hmart
Yamasa Brewed Soy Sauce 5oz,4.49,hmart
Yamasa Brewed Less Salt Soy Sauce 5oz,4.99,hmart
Mizkan Ginger Flavored Dressing 8.4oz,9.99,hmart
Marukan Lite Seasoned Rice Vinegar 12oz,5.49,hmart
Maille Old Style Mustard 8.5oz,8.79,hmart
Lee Kum Kee Hoisin Sauce 8.5oz,4.99,hmart
Lee Kum Kee Chili Garlic Sauce 8oz,6.29,hmart
Kikkoman Unagi Sushi Sauce 11.8oz,6.79,hmart
Kikkoman Sweet Soy Glaze 11.8oz,6.79,hmart
Kikkoman Traditionally Brewed Organic Soy Sauce 10fl.oz,8.79,hmart
Morinaga Hi-Chew Mixed-Soft Candy Tropical Mix 12.7oz,10.39,hmart
Ottogi Vermont Curry Gold Mild 100g,8.29,hmart
Ottogi Curry Hot 100g,5.49,hmart
Ottogi 3Min. Curry Sauce Medium  190g,4.99,hmart
House Foods Vermont Curry Medium Hot 8.11oz,8.29,hmart
S&B Tasty Curry Medium Hot 7oz,6.79,hmart
S&B Golden Curry Sauce with Vegetables Hot 8.1oz,5.49,hmart
S&B Curry Sauce with Vegetables Hot 7.4oz,3.29,hmart
S&B Curry Sauce with Vegetables Mild 7.4oz,3.29,hmart
Sempio Seasoning Soy Sauce 500ml,5.49,hmart
Shirakiku All Natural Yuzu Extract 6.7oz,17.79,hmart
Shirakiku Tonkatsu Sauce Vegetable & Fruit Sauce 18oz,7.79,hmart
Shirakiku Cooking Wine 13.52oz,5.49,hmart
Ottogi Sesame Oil 80ml,6.79,hmart
Otafuku Yakisoba Sauce 17.6oz,10.99,hmart
Mizkan Yuzu Flavored Dressing 8.4oz,9.99,hmart
Mizkan Sesame Flavored Dressing 8.4oz,9.99,hmart
Little Sheep Hot Pot Soup Base Plain Flavor 4.59oz,7.29,hmart
Wei-Chuan Organic Soybeans 14oz,4.99,hmart
Huy Fong Sriracha Hot Chili Sauce 28oz,10.99,hmart
Lee Kum Kee Chiu Chow Style Chili Oil 7.2oz,7.29,hmart
Mizkan Creamy Sesame Dressing 8.4oz,9.99,hmart
CJ Chicken and Pork Marinade Korean Bbq Original Sauce (Hot & Spicy Flavor) 500g,7.79,hmart
Lotte Milkis Carbonated Drink Original Flavor 250ml x 6 Cans,8.79,hmart
Kasugai Frutia Yuzu Gummy Candy 3.59oz,3.79,hmart
Milkita Vanilla Shake Candy 120g,3.79,hmart
Milkita Honeydew Shake Candy 120g,3.79,hmart
Milkita Chocolate Shake Candy 120g,3.39,hmart
Milkita Banana Shake Candy 4.23oz,3.79,hmart
Lotte Chewing Candy Milk 79g,4.69,hmart
Eiwa Hello Kitty Tropical Pineapple Marshmallow 3.1oz,3.79,hmart
Songwha Korean Red Ginseng Hard Candy 100g,3.99,hmart
Tony's Chocolonely 70% Dark Chocolate 180g,8.79,hmart
Tony's Chocolonely 32% Milk Chocolate 180g,8.79,hmart
Tony's Chocolonely 32% Milk Chocolate Caramel Sea Salt 180g,8.79,hmart
Tony's Chocolonely 51% Dark Chocolate Almond Sea Salt 180g,8.79,hmart
S&B Golden Curry Sauce with Vegetables Medium Hot 8.1oz,5.49,hmart
S&B Golden Curry Sauce with Vegetables Mild 8.1oz,5.49,hmart
S&B Golden Curry Sauce with Vegetables Extra Hot 8.1oz,5.49,hmart
Ottogi Premium Vermont Curry Hot 200g,8.79,hmart
Lee Kum Kee Sauce for Sichuan Style Mabo Tofu Hot 70g,3.29,hmart
Lee Kum Kee Sauce for Mabo Tofu Medium Hot 70g,3.29,hmart
Ottogi Curry Medium 100g,5.49,hmart
Ottogi 3Min. Spicy Sauce with Octopus 150g,5.49,hmart
Ottogi 3Min. Hashed Brown Sauce 180g,4.99,hmart
Ottogi Vegetable Cream Soup 80g,6.29,hmart
House Foods Vermont Curry Hot 8.11oz,8.29,hmart
House Foods Kokumaru Curry Medium Hot 4.93oz,6.79,hmart
House Foods Kokumaro Curry Hot 4.93oz,6.79,hmart
House Foods Java Curry Medium Hot 6.52oz,8.29,hmart
Ching Yeh Pork Fu 4oz,6.79,hmart
Morinaga Hi-Chew Kiwi 1.76oz,1.69,hmart
Ottogi Sweet Pumpkin Porridge 10.05oz,6.29,hmart
Havista Traditional Potato Starch Stripe 12oz,5.49,hmart
Shirakiku Japanese Style Buckwheat Noodles 31.8oz,9.99,hmart
Synear Sesame Rice Ball 16oz,6.79,hmart
Synear Black Glutinous Black Sesame Rice 454g,6.79,hmart
Jane-Jane Imitation Lobster Ball 8oz,5.99,hmart
Choripdong Leek Dumpling 2.87lb,11.49,hmart
Choripdong Vermicelli Dumpling 1.1lb,5.49,hmart
Hansang Kimchi Pancake 450g,8.79,hmart
Wang Fish Cake (Square Type) 920g,12.99,hmart
Choripdong Vegetable Dumpling 2.87lb,10.49,hmart
88 Rice Cake Black Bean Sauce 1.23lb,8.79,hmart
Hansang Bite-Size Dumplings Pork & Vegetable 1.5lb,15.49,hmart
Hansang Crispy Dumplings Pork & Vegetable 1.5lb,11.79,hmart
Hansang Kimchi Dumpling 640g,10.99,hmart
Hansang Shrimp Big Gyoza Dumpling 1.23lb,10.49,hmart
Hansang Vegetable Dumpling 640g,9.49,hmart
Choripdong Kimchi Dumpling with Pork 1.8lb,15.49,hmart
Hansang Spicy Veggie Dumpling 640g,9.49,hmart
Hansang Sweet Veggie Dumpling 1.4lb,12.29,hmart
Pulmuone Flat Dumplings 700g,14.99,hmart
Pulmuone Kimchi Dumplings 720g,14.29,hmart
Surasang Leek Gyoza 16oz,5.49,hmart
Hansang Beef Bulgogi Stew with Mushrooms 600g,18.79,hmart
Surasang Korean Spicy Noodle Soup 462g,11.79,hmart
Surasang Korean Seafood Noodle Soup 460g,11.79,hmart
Itsuki Udon 627g,7.79,hmart
Wang Kimchi Flavor Udon 639g,8.29,hmart
Pulmuone Tempura Udon Kit 16oz,11.99,hmart
O! Noodle Fresh Flat Noodle (Seafood Flavor) 440g,7.29,hmart
O! Noodle Fresh Flat Noodle (Kimchi Flavor) 15.52oz,7.29,hmart
O! Noodle Champong Noodle 15.51oz,6.79,hmart
Hansang Spicy Sausage Stew Stock 420g,10.99,hmart
Hansang Soybean Paste Stew Stock 420g,8.29,hmart
CJ Soybean Paste Seasoning 14.8oz,10.99,hmart
CJ Foods Korean-Style Chewy Noodles 16oz,9.99,hmart
House Foods Chinese Mabo Tofu Sauce Medium Hot 5.29oz,6.79,hmart
House Foods Chinese Mabo Tofu Sauce Mild 5.29oz,6.79,hmart
House Foods Chinese Mabo Tofu Sauce Hot 5.29oz,7.79,hmart
House Foods Curry Sauce with Vegetables Mild 7.4oz,7.79,hmart
House Foods Curry Sauce with Vegetables Hot 7.4oz,6.29,hmart
House Foods Curry Sauce with Vegetables Medium Hot 7.4oz,6.29,hmart
House Foods Vermont Curry Hot 4.05oz,5.49,hmart
House Foods Vermont Curry Medium Hot 4.05oz,5.49,hmart
House Foods Vermont Curry Mild 4.05oz,5.49,hmart
S&B Japanese Style Curry Sauce with Vegetables Medium Hot 7.4oz,3.29,hmart
S&B Tasty Curry Mix Mild 7oz,6.79,hmart
S&B Taste Curry Mix Hot 7oz,6.79,hmart
Wang Salted Mackerel Fillet 1.79lb,27.99,hmart
Choripdong Frozen Salted Mackerel Fillet 1lb,14.49,hmart
Shirakiku Top Grade Broiled Eel 9oz,17.99,hmart
Yamasa Red Kamaboko 6oz,7.79,hmart
Wang Miss Bong Fish Sausage (Fish Cake) 340g,9.99,hmart
CJ Bibigo Dotom Pork & Vegetable Mini Patty 16oz,12.09,hmart
Shirakiku Kani Kamaboko Premium Gold Imitation Crab Stick 1.1lb,8.79,hmart
CJ Bibigo Radish Kimchi Fried Rice 18oz,12.29,hmart
Hansang Spicy Beef and Vegetable Soup 550g,14.29,hmart
Ajinomoto Vegetable Gyoza Dumplings 8.89oz,7.29,hmart
Organic Cut Peeled Carrots 1lb,3.99,hmart
Organic Gala Apple 1 Each,2.49,hmart
Amerihua Peeled Garlic 1lb,9.99,hmart
Organic Cello Carrots 2lb,3.99,hmart
Idaho Potatoes 5lb,5.99,hmart
Yellow Onion 2lb,2.99,hmart
Korean Singo Pear 1 Each,6.29,hmart
Hansang Soybean Paste Stew with Pork 1.1lb,10.99,hmart
Jinga Vegetable Porridge 500g,9.49,hmart
Tobagi Country Style Green Onion Kimchi 12oz,11.99,hmart
O! Grain Premium Organic Brown Sweet Rice 3.5lb,25.29,hmart
O! Grain Premium Organic Brown Rice 3.5lb,20.99,hmart
O! Grain Premium Organic Rice 3.5lb,21.99,hmart
Sam Su Gab San Brown Sweet Rice 4.4lb,11.99,hmart
Sam Su Gab San Brown Rice 4.4lb,10.99,hmart
Shirakiku Calrose Rice 5lb,12.99,hmart
Sukina Sushi Rice 4.4lb,14.29,hmart
Tsurunoko Chutsubu Kuromame Na 4.23oz,4.49,hmart
AGF Cafe Latory Green Tea Latte 72g,8.79,hmart
Harney & Sons Japanese Sencha 1.4oz,10.99,hmart
Haio Ginger Tea with Honey 2.2lb,11.79,hmart
Haio Ume Plum Tea 2.2lb,11.79,hmart
Yamamotoyama Green Tea 32g,5.49,hmart
Yamamotoyama Genmai-Cha 48g,5.49,hmart
Maeda-En Matcha Green Tea Powder Culinary Quality 1oz,12.79,hmart
Ito En Matcha Green Tea Unsweetened Powder 56g,19.79,hmart
Brons Coffee Brown Sugar Latte Powder 200g,6.29,hmart
Choripdong Brown Rice Green Tea 150g,9.99,hmart
Choripdong Polygonatum Tea 120g,13.29,hmart
Choripdong Roasted Barley Tea 2lb,7.29,hmart
Choripdong Roasted Corn Tea 2lb,7.79,hmart
Yamamotoyama Jasmine Tea 32g,5.49,hmart
"Maxim Mocha Gold Mild Coffee Mix 20 Sticks, 240g",7.79,hmart
"Maxim Arabica 100 Coffee Mix 20 Sticks, 236g",9.99,hmart
Mud Coffee Mudtrucker Blend 340g,19.99,hmart
Mud Coffee Mojo Espresso Blend 340g,19.99,hmart
Maxim Kanu Dark Roast Americano 27g,15.49,hmart
Nokchawon Green Tea Powder 50g,11.79,hmart
Hamasaen Green Tea Powder Omatcha 40g,7.79,hmart
Ito En Matcha Green Tea Sweet Matcha 120g,17.29,hmart
Greenmax Yam & Multi Grains Cereal 14.8oz,9.49,hmart
Macchairi Konacha Marushichi Suzuki Br. 250g,7.79,hmart
Ito En Mugicha Barley Tea 14.3oz,9.49,hmart
"Twinings of London Herbal Tea Pure Peppermint 20 Tea Bags, 40g",6.79,hmart
"Twinings of London Herbal Tea Lemon & Ginger 20 Tea Bags, 30g",6.79,hmart
"Twinings of London Green Tea 20 Tea Bags, 40g",6.79,hmart
Ito En Oi Ocha Matcha Genmaicha 40g,8.79,hmart
Ito En Oi Ocha Green Tea 40g,8.79,hmart
Ito En Genmaicha Green Tea with Roasted Rice 10.6oz,15.49,hmart
Ito En Matcha Green Tea Traditional 30g,9.49,hmart
Giraldo Farms Amaretto 50g,7.79,hmart
Giraldo Farms Hazelnut 50g,7.79,hmart
Ito En Matcha Green Tea Jasmine 30g,9.49,hmart
Ito En Matcha Green Tea Lemongrass 30g,9.49,hmart
Ito En Matcha Green Tea Ginger 30g,9.49,hmart
Fatbuster Original Blend 34g,6.79,hmart
Fatbuster Green Tea Flavor 34g,6.79,hmart
Dynasty Roasted Green Tea Hoji-Cha 32g,4.49,hmart
Dynasty Green Tea 32g,5.49,hmart
Dynasty Oolong Tea 32g,5.49,hmart
Dynasty Ginseng Tea 32g,4.99,hmart
Maxim Mocha Gold Mild Coffee 175g,19.79,hmart
Maxim Original Coffee 175g,19.79,hmart
"Maxim Original Coffee Mix 100 Sticks, 41.62oz",30.79,hmart
"Maxim Mocha Gold Mild Coffee Mix 100 Sticks, 42.33oz",30.79,hmart
Izzy's Organic Blue Agave Premium Organic Sweetener 664g,10.49,hmart
Gunter's Pure Honey Golden 16oz,9.99,hmart
Gunter's Pure Honey Wildflower 16oz,9.99,hmart
Jinga Assorted Korean Rice Cakes (S),7.49,hmart
Mini Rice Cakes W/ Red Bean 12oz,6.49,hmart
Korean Pork Hock,25.99,hmart
Seafood Green Onion Pancake,4.99,hmart
Pork Chicken Gyoza,4.99,hmart
Tuna Mayo Onigiri,3.99,hmart
Mini Kimbap,9.99,hmart
Tuna Kimbap,9.99,hmart
Spam Kimbap,9.49,hmart
Crab Meat Kimbap,9.49,hmart
Grilled Salmon Rice Bowl,13.99,hmart
Spicy Bulgogi Rice Bowl,11.99,hmart
Bb.Q Chicken Hot Spicy Boneless,14.99,hmart
Bb.Q Chicken Golden Original Boneless,14.99,hmart
Bb.Q Chicken Honey Garlic Boneless,14.99,hmart
Bb.Q Chicken Honey Garlic Wing,16.99,hmart
Tobagi Country Style Cubed Radish Kimchi 12oz,8.99,hmart
Tobagi Country Style Fresh Kimchi 10oz,7.49,hmart
Jongga Cut Radish Kimchi (Kaktugi) 16.6oz,10.99,hmart
Tobagi Country Style Cubed Radish Kimchi 26oz,13.99,hmart
Jinga Surimi Pancakes 12oz,9.49,hmart
1000 Year Kimchi Vegan Kimchi 26oz,18.79,hmart
Tobagi Country Style Premium Kimchi with Oyster 26oz,16.99,hmart
Tobagi Country Style Whole Cabbage Kimchi 4lbs,25.99,hmart
Tobagi Country Style Sliced Kimchi 3lbs (1.36kg),22.99,hmart
Jinga Glass Noodles with Vegetables 16oz,9.49,hmart
Jinga Braised Lotus Root 4oz,6.49,hmart
Jinga Japanese Style Seaweed Salad 4oz,4.49,hmart
Jinga Bibimbap Vegetables 16oz,12.99,hmart
Jinga Tri Color Side Dishes 5oz,5.99,hmart
Jinga Vegetable Trios 11oz,10.99,hmart
Jinga Stir-Fried Tiny Anchovies 2oz,8.49,hmart
Jinga Panfried Crispy Shrimp 2oz,7.49,hmart
Jinga Stir-Fried Anchovies (S) 2oz,7.99,hmart
Jinga Salted Spicy Oyster 4oz,9.99,hmart
Jinga Braised Black Beans 4oz,5.29,hmart
Jinga Stir-Fried Tiny Anchovies(Spicy) 2oz,8.49,hmart
Jinga Acorn Jelly Dipping Sauce 25oz,8.99,hmart
Jinga Four Color Korean Side Dishes 5oz,5.99,hmart
Jinga Grilled Mackerel 9oz,12.49,hmart
Jinga Stir-Fried Fish Cake 4oz,4.79,hmart
Jinga Salted Spicy Squid 5oz,7.49,hmart
Jinga Seasoned Thin Dried Squid(S) 1oz,7.99,hmart
Jinga Salted Spicy Small Octopus 5oz,11.99,hmart
Jinga Seasoned Cucumber 4oz,5.49,hmart
Jinga Seasoned Picled Radish (S) 4oz,4.99,hmart
Jinga Stir Fried Anchovy with Nuts 2oz,6.49,hmart
Jinga White Fish Pancakes 12oz,11.99,hmart
Mizkan Fermented Soybeans with Seasoning Sauce 4.7oz,3.29,hmart
"Twinings of London Herbal Tea Pure Camomile 20 Tea Bags, 30g",6.79,hmart
Haio Soybean Paste 1.1lb,3.99,hmart
Wan Ja Shan Mild Sodium Dumpling Sauce 200ml,5.49,hmart
Spicy King Dan Dan Noodle Sauce 8oz,4.49,hmart
Marukan Organic Rice Vinegar 12oz,7.79,hmart
Sempio Soy Sauce Naturally Brewed 501 930ml,8.79,hmart
Sempio Soy Sauce for Soup 29.08oz,6.79,hmart
Nishiki Sushi Vinegar 10oz,5.49,hmart
Marukan Seasoned Gourmet Rice Vinegar 24oz,8.79,hmart
Tabasco Milder Than Original Green Pepper Sauce 2fl.oz,3.29,hmart
San-J Organic Shoyu Brewed Soy Sauce 10fl.oz,6.79,hmart
San-J Tamari Brewed Soy Sauce Gluten Free 10fl.oz,6.29,hmart
San-J Gluten Free Teriyaki Stir-Fry & Marinade 10fl.oz,6.79,hmart
San-J Gluten Free Mongolian Stir-Fry & Marinade 10fl.oz,7.29,hmart
Ottogi Perilla Oil 320ml,21.99,hmart
Otafuku Takoyaki Sauce 10.6oz,7.29,hmart
Lee Kum Kee Peppercorn Chili Oil 3.9fl.oz,4.49,hmart
Lee Kum Kee Panda Brand Green Label Oyster Sauce 18oz,5.49,hmart
Lee Kum Kee Hoisin Sauce 14oz,5.99,hmart
Ottogi Tomato Ketchup 500g,8.29,hmart
Lee Kum Kee Black Bean Garlic Sauce 13oz,7.29,hmart
Chung Jung One Tonkatsu Sauce 250g,4.99,hmart
Kikkoman Plum Sauce 9.3oz,7.79,hmart
Hellmann's Real Mayonnaise 11.05oz,8.79,hmart
Chung Jung One Corn Syrup 700g,6.79,hmart
Chung Jung One Cooking Syrup 700g,6.79,hmart
Chung Jung One Brown Rice Vinegar 500ml,4.99,hmart
Beksul Original Pure Sesame Oil 320ml,15.49,hmart
Bragg Organic Apple Cider Vinegar 16oz,7.79,hmart
Havista Chinese Cooking Wine 750ml,5.49,hmart
Greenation Rice Red Pepper Paste 1.1lb,5.49,hmart
Chung Jung One Soy Sauce Naturally Brewed 840ml,9.99,hmart
Chung Jung One Rice Oligo Syrup 700g,8.29,hmart
Filippo Berio Extra Virgin Olive Oil 16.9oz,17.79,hmart
San Pellegrino Melograno & Arancia 330ml,1.99,hmart
Cantelope 1 each,8.99,hmart
Dry Coconut 1 Each,2.99,hmart
Pomegranate 1 Each,6.99,hmart
Anise 1 bunch,3.49,hmart
Pineapple 1 Each,4.99,hmart
Aloe Vera Leaf 1 each,1.49,hmart
Haitai Crushed Pear Drink 238ml,2.79,hmart
Foco Juice Coconut Juice 11.8fl.oz,2.79,hmart
Lotte Sac Sac Orange 8.05fl.oz,2.29,hmart
"Pulmuone Spicy Jjolmyun 4Pk, 17.3oz",9.99,hmart
"Pulmuone Mild Ramen 4 Packs, 13.6oz",9.99,hmart
Meiji Choco Rich Strawberry Chocolate Sand 3.4oz,6.29,hmart
Haioreum Peeled Roasted Chestnuts 3.52oz,2.79,hmart
Meiji Macadamia Chocolate 2.52oz,6.79,hmart
Meiji Almond Chocolate 3.1oz,6.29,hmart
Miko Brand Sweet Miso Paste Less Sodium Non-GMO 1.1lb,9.99,hmart
Marukome Organic Miso Reduced Sodium 13.2oz,10.49,hmart
Hikari Miso Organic Mild Sodium Miso 17.6oz,15.49,hmart
Hikari Miso Organic White Miso 17.6oz,15.99,hmart
Hikari Miso Organic Red Miso 17.6oz,15.99,hmart
Hanamaruki Soybean Paste Red Type 17.6oz,7.79,hmart
Hanamaruki Soybean Paste White Type 17.6oz,7.79,hmart
Miko Brand Mild Miso Paste Non-GMO 25% Less Sodium 1.1lb,9.99,hmart
Miko Brand Dashi Miso Paste Non-GMO 1.1lb,9.99,hmart
Miko Brand Awase Miso Paste Non-GMO 1.1lb,8.79,hmart
Shirakiku Awase Miso Paste White & Red 26.45oz,9.99,hmart
KCC Miso Dashi Kappo (Miso with Dashi Stock) 500g,8.79,hmart
Chungwoo Mochi Chocolate Cookie 240g,7.79,hmart
Orion Potato Chip Original 137g,7.29,hmart
Crown Caramel Maple Corn Snack 154g,5.49,hmart
Nongshim Drumstick Chip Nuget 130g,6.79,hmart
Haitai Sweet Potato Osatsu Snack 100g,7.79,hmart
Calbee Takoyaki Ball 3.17oz,3.99,hmart
Chungwoo Chocolate Rice Cake Cookie 258g,7.79,hmart
Chungwoo Bronoir Brownie Chocochip Cookie 6.98 oz,7.79,hmart
Lotte Binch Biscuits 204g,8.29,hmart
SFC Bio Jeju Hanrabong Sparkling 350ml,1.79,hmart
SFC Bio Sparkling Watermelon 350ml,1.79,hmart
SFC Bio Sparkling Melon 350ml,1.79,hmart
Lotte Milkis Carbonated Drink Melon 250ml,2.29,hmart
Lotte 2% Refreshing Water 8.12oz,2.29,hmart
Tomomasu Mango Soda 300ml,3.99,hmart
Kirin Afternoon Tea Straight Tea 1.5L,8.79,hmart
Sangaria Strawberry Milk Tea 8.96oz,3.29,hmart
Moshi Yuzu Sparkling Drink Yuzu Unsweetened 12oz,4.49,hmart
Moshi Yuzu Sparkling Drink Yuzu Red Shiso & Apple 12oz,4.49,hmart
Moshi Yuzu Sparkling Drink Yuzu White Peach 12oz,4.49,hmart
Moshi Yuzu Sparkling Drink Yuzu 12oz,4.49,hmart
Lotte Chilsung Cider 250ml,2.29,hmart
Lotte Milkis Carbonated Drink Banana 250ml,2.29,hmart
Happy Clover Swiss Roll Cake Strawberry 7.05oz,8.29,hmart
Happy Clover Swiss Roll Cake Old Fashion 7.05oz,8.79,hmart
Happy Clover Swiss Roll Cake Marble 7.05oz,8.29,hmart
Happy Clover Swiss Roll Cake White 7.05oz,8.79,hmart
Organic Girl Baby Arugula 5oz,5.99,hmart
Cauliflower 1 each,4.99,hmart
Queen Victoria Boston Lettuce 5.8oz,3.99,hmart
Paramount Baby Sweet Broccolini 1 Bunch,5.99,hmart
House Foods Chinese Extra Soon Tofu 12oz,2.99,hmart
Cal Organic Cilantro 1 Bunch,2.79,hmart
Jinga Ginger Puree 6oz,8.99,hmart
Chayote 1 each,1.29,hmart
Organic Girl Super Greens 5oz,5.99,hmart
Sunkist Organic Navel Orange 1 Each,2.49,hmart
Ocean Mist Iceberg Lettuce,3.99,hmart
Purple Yam 1lb,4.49,hmart
Bloom Fresh Premium Goldenberry 4.4oz,5.49,hmart
Pulmuone Organic Tofu Soft 14oz,2.99,hmart
Organic White Mushrooms 8oz,3.99,hmart
Brussels Sprouts 10oz,5.49,hmart
Organic Mini Cucumber 14oz,7.99,hmart
Lime Leaves,5.99,hmart
House Foods Tofu Shirataki Fettuccine 8oz,3.99,hmart
Organic Girl 50/50 Spring Mix Baby Spinach 5oz,5.99,hmart
Sunshine Farms One Dozen Cage Free Medium Eggs,5.99,hmart
Land O Lakes Large Brown Eggs Grade A 12 Eggs,6.49,hmart
House Foods Tofu Shirataki Angel Hair 8oz,3.99,hmart
Organic Girl Baby Spring Mix 5oz,5.99,hmart
Sugar Snap Pea 0.55lb,3.49,hmart
Havista Fried Bean Curd 200g,4.29,hmart
Korean King Oyster Mushroom 1 Bag,5.49,hmart
Sunkist Minneola Orange,1.49,hmart
Jalapeno Pepper 1lb,3.49,hmart
Snow White Alfalfa Sprout 3.25oz,2.49,hmart
Phillips Gourmet Organic Shiitake 3.5oz,7.99,hmart
"South Bay Fresh Radishes, USA 6oz",1.29,hmart
Cabbage Savoy 2.5lb,4.99,hmart
House Foods Tofu Shirataki Spaghetti 8oz,3.99,hmart
Jinga Garlic Puree 16oz,13.99,hmart
Hokuto Organic Maitake 100g,4.49,hmart
Atulfo Mangoes 1 each,3.99,hmart
House Foods BCD Soon Tofu Soup Kit Plain 13oz,4.99,hmart
Organic Hot House Cucumbers 1 Each,4.49,hmart
Kale Greens 1 Bunch,2.49,hmart
Romain Lettuce 1 Bunch,3.99,hmart
House Foods Organic Tofu Medium Firm 14oz,3.99,hmart
House Foods Soon Tofu Extra Soft 12oz,2.99,hmart
Phillips Gourmet Organic Baby Bello Mushrooms 8oz,5.99,hmart
Pulmuone Organic Tofu Silken 14oz,2.99,hmart
Sunshine Farms Cage Free Large Brown 6 Eggs,5.99,hmart
Fresh Shredded Scallion 1 Pack,3.99,hmart
Nagaimo Yam 0.9lb,5.49,hmart
Mixed Pepper 1.32lb,7.49,hmart
White Beech Mushroom 150g,2.99,hmart
House Foods Tokusen Kinugosi Tofu Extra Soft 10oz,3.49,hmart
Okra 0.7lb,4.29,hmart
Hansang Rice Cake Sliced 2.2lb,4.99,hmart
Green Seedless Grapes,12.77,hmart
American Leeks 1 bunch,5.29,hmart
House Foods Organic Tofu Firm 14oz,3.99,hmart
Hokuto Bunashimeji Shimeji 3.5oz,4.49,hmart
Sweet Broccolini 1 Bunch,5.49,hmart
Lemongrass 0.64lb,4.47,hmart
Sunshine Farms Fresh Quail Eggs 18 Quail Eggs,4.99,hmart
American Chive,4.99,hmart
House Foods Organic Atsuage Tofu Cutlet 6.5oz,4.49,hmart
Delicious Apple 1 Each,1.79,hmart
Driscolls Organic Strawberries 16oz,8.29,hmart
Basil,3.99,hmart
Winter Melon 1.5lb,3.49,hmart
Zespri Sungold Kiwi 1lb,7.99,hmart
Guans Fresh Woodear Mushroom 6oz,4.99,hmart
Kabocha Whole 3.1lb,7.99,hmart
Korean Pepper 0.45lb,3.79,hmart
Organic Girl Baby Spinach 5oz,5.99,hmart
Husked Baby Corn 8oz,4.49,hmart
Enoki Mushroom 200g,5.49,hmart
Pulmuone Premium Tofu Silken 16oz,2.49,hmart
Sunshine Farms Cage Free Large Brown 12 Eggs,4.99,hmart
Driscolls Organic Blackberry 6oz,7.49,hmart
Wawa Choy 1.1lb,3.79,hmart
Driscolls Organic Raspberries 6oz,7.49,hmart
Dole Mini Cut Carrots 16oz,1.99,hmart
Brussel Spinach 1 Bunch,3.29,hmart
Pulmuone Organic Two Cup Tofu Firm 15.5oz,3.49,hmart
Asparagus,4.49,hmart
Shiso Leaf,6.99,hmart
Sunshine Organic Medium Eggs 18 Eggs,9.99,hmart
Mint,3.99,hmart
Baby Banana 1.84lb,4.58,hmart
Krisp Pak Fresh Cello Spinach 10oz,4.49,hmart
Korean Pears 3ct,14.99,hmart
Dole Fresh Whole Carrots 2lb,2.99,hmart
Pineapple Cut,4.49,hmart
5X6 Tomato 1.3lb,3.99,hmart
Large White Mushroom 10oz,3.99,hmart
Korean Leek 1 Bunch,5.99,hmart
Plain Parsley 1 Bunch,1.49,hmart
Mango 1 Each,3.99,hmart
Driscolls Blackberries 6oz,4.99,hmart
Seafood Mushrooms 5.3oz,3.99,hmart
Granny Smith Apple 1 Each,1.79,hmart
Papaya Cut,4.99,hmart
Sunshine Farms Large White Half Dozen Eggs,4.49,hmart
Driscolls Organic Blueberries 6oz,4.99,hmart
Gai Lan Chinese Brocoli 0.64lb,3.99,hmart
Sunshine Farms Large 18 Eggs 36oz,9.99,hmart
Shallots Onion 0.4lb,2.49,hmart
Hansang Rice Cake for Tteokbokki 500g,3.29,hmart
Sook Gat (Crown Daisy) 0.7lb,3.99,hmart
Pulmuone Organic Two Cup Tofu Soft 15.5oz,3.49,hmart
Driscolls Raspberries 6oz,9.49,hmart
Shiitake Mushrooms 3.5oz,4.99,hmart
Driscolls Limited Edition Blueberries 11oz,19.99,hmart
Hansang Rice Cake Sliced 1.1lb,2.99,hmart
Thai Basil,3.99,hmart
Sand Pears 1.5lb,4.71,hmart
Driscolls Blueberries 1 Dry Pint,8.99,hmart
Bean Leaf 0.34lb,5.25,hmart
Green Leaf Lettuce 1 Bunch,3.49,hmart
Finc Brown Beech Mushroom 150g,2.99,hmart
Pink Lady Apple 1 Each,1.79,hmart
Celery 1 Bunch,2.99,hmart
Giorgio Baby Bella Mushroom 10oz,3.99,hmart
Grey Squash 0.9lb,3.00,hmart
Golden Apple 1 Each,1.79,hmart
Sunripe Sweet Grape Tomatoes 10oz,5.99,hmart
Red Leaf Lettuce 1 Bunch,3.99,hmart
Pulmuone Organic Tofu Firm 14oz,2.99,hmart
Pulmuone Premium Tofu Soft 16oz,2.49,hmart
Stem Tomatoes 1lb,2.99,hmart
Chinese Eggplant 1.40lb,3.99,hmart
Mamamia Mini Cucumber 1lb,6.29,hmart
Watercress 1 Bunch,1.99,hmart
Sunshine Farms Organic Large 12 Eggs,7.49,hmart
Pulmuone Premium Tofu Firm 16oz,2.49,hmart
Cal-Organic Scallions 1 Bunch,2.99,hmart
Chives 1lb,7.99,hmart
House Foods Premium Tofu Extra Firm 12oz,2.99,hmart
Spinach 1 Bunch,2.99,hmart
Mandarins 3lb,8.99,hmart
Oyster Mushrooms 0.5lb,7.29,hmart
House Foods BCD Soon Tofu Soup Kit Extra Hot 13oz,4.99,hmart
Baby Bok Choy 0.97lb,3.49,hmart
Sunkist Navel Orange 1 Each,1.99,hmart
Organic Hass Avocado 1 Each,3.99,hmart
Cara Cara Orange 1 Each,1.99,hmart
House Foods BCD Soon Tofu Soup Kit Medium Hot 13oz,4.99,hmart
Peeled Garlic 0.70lb,5.59,hmart
House Foods BCD Soon Tofu Soup Kit Hot 13oz,4.99,hmart
House Foods Premium Tofu Medium Firm 14oz,2.99,hmart
Daikon Radish 2.2lb,3.49,hmart
Gala Apple 1 Each,1.79,hmart
Driscolls Strawberry 16oz,5.99,hmart
Korean Radish 2.5lb,5.99,hmart
Sweet Potato 0.9lb,5.99,hmart
Cucumber 1 Each,1.99,hmart
House Foods Premium Tofu Firm 14oz,2.99,hmart
House Foods Premium Tofu Soft 14oz,2.99,hmart
Hot House Cucumbers 1 Each,1.99,hmart
Crown Broccoli,3.99,hmart
Sesame Leaf,3.99,hmart
Cilantro 1 Bunch,2.49,hmart
Fuji Apple 1 Each,1.99,hmart
"Nature Premium Bean Sprouts, Usa 12oz",3.49,hmart
Pulmuone Soon Tofu (Extra Soft Tofu) 11oz,1.99,hmart
Honeycrisp Apple 1 Each,2.49,hmart
Banana 2.54lb,3.00,hmart
"Raw Nature Soybean Sprouts, Usa 12oz",2.99,hmart
Whole Napa Cabbage 2.7lb,4.79,hmart
Hass Avocado 1 Each,3.49,hmart
Lemon 1 Each,0.89,hmart
Lime 1 Each,0.89,hmart
Scallions 1 Bunch,1.99,hmart
H Mart 100% Orange Juice,5.99,hmart
Cornish Hen (Frozen),12.99,hmart
Chicken Legs 1.2lb,4.29,hmart
Angus Beef Flank Steak 0.9lb,14.99,hmart
Natural Pork Butt Steak 0.8lb,12.03,hmart
Chicken Party Wings 1.33lb,6.41,hmart
Flamingo Sweet Sausage 12oz,11.79,hmart
Natural PorkLoin Chop 0.79lb,11.99,hmart
Beef Honeycomb  Frozen,11.99,hmart
Wagyu Beef Sandwich Steak 0.3lb,8.49,hmart
Chicken Drumstick Cut 1.09lb,5.39,hmart
Chicken Breast Fillet 1.02lb,6.49,hmart
Prime Beef Eye Round 0.45lb,8.79,hmart
Frozen Beef Bone,7.99,hmart
Beef Boneless Shank 0.8lb,8.79,hmart
Wagyu Brisket Thin Sliced 0.49lb,15.68,hmart
Flamingo Chinese Style Sausage 12oz,11.49,hmart
Fresh Pork Neck Bone 1.6lb,4.99,hmart
Bnls Short Rib Sliced FZ 0.6lb,16.99,hmart
Gourmet Family Berkshire Arabiki Sausage 8oz,8.99,hmart
Wagyu Boneless Short Rib Stew,16.99,hmart
Prime Rib Eye Shabu Shabu 0.37lb,15.54,hmart
Chicken Tenderloin 0.09lb,6.49,hmart
Fresh Drum stick 1.3lb,3.99,hmart
Pork Stew for Soup 0.9lb,6.49,hmart
Natural PorkLoin Tonkatsu 0.55lb,9.49,hmart
Wagyu Top Blade Steak 0.35lb,14.99,hmart
Ground Beef 0.9lb,5.49,hmart
Chicken Stir Fry 0.9lb,5.29,hmart
Wagyu Beef Stew 0.55lb,9.50,hmart
Wagyu Beef Stir Fry 0.5lb,9.50,hmart
Prime N.Y Striploin Steak 0.34lb,9.79,hmart
Wagyu Beef Stew for Curry 0.56lb,9.51,hmart
Marinated Chicken 1lb,9.99,hmart
Wagyu Flap Meat 0.25lb,12.79,hmart
Fresh Chicken Breast,4.99,hmart
Boneless Chicken Thigh 1.29lb,4.99,hmart
Ground Pork 0.97lb,5.49,hmart
Marinated Pork Shoulder,9.99,hmart
"Natural Pork Belly 1.5 "" 1.2lb",14.99,hmart
Pork Spare Rib 1.5lb,11.99,hmart
"Pork Skin on Belly 1.5"" Cut 1.3lb",12.99,hmart
Berkshire Pork Jowl 0.64lb,13.99,hmart
Prime Beef Ribeye Steak 0.5lb,15.99,hmart
Berkshire  Belly Tenderized 0.65lb,12.99,hmart
"Beef Short Rib 2"" Cut 1.8lb",35.00,hmart
Beef Sliced Ribeye Bulgogi 0.96lb,15.99,hmart
Beef Short Rib LA Style 1.7lb,33.00,hmart
Hot Pot Sliced Beef 0.98lb,19.59,hmart
Premium Marinated Ribeye Bulgogi,15.99,hmart
Farmland Fresh Dairies Ultra Pasteurized Heavy Cream One Quart,12.29,hmart
Poland Spring Water 500ml x 24 bottles,18.99,hmart
Kitchen Basics Original Beef Stock 32oz,6.29,hmart
Himalayan Chef Himalayan Pink Salt Grinder 4.2oz,7.79,hmart
Lactaid 2% Reduced Fat Milk Half Gallon (1.89L),8.79,hmart
Activia Lowfat Yogurt Strawberry 4 packs x 4oz,5.49,hmart
Thai Kitchen Premium Fish Sauce 6.76oz,8.29,hmart
Euro Classic French Cinnamon Raisin Brioche 15.87oz,7.79,hmart
Activia Strawberry Banana Probiotic Drink 7oz,1.79,hmart
Red Bull Sugar Free 8.4oz,3.99,hmart
Argo Corn Starch 16oz,4.49,hmart
Spam Teriyaki 12oz,7.29,hmart
Euro Classic Authentic French Cheese & Cream Brioche 14.11oz,8.79,hmart
Canada Dry Ginger Ale 20oz,2.79,hmart
Sprite 20oz,2.79,hmart
Euro Classic Authentic French Chocolate Swirl Brioche 14.11oz,8.79,hmart
Pocas OKF Watermelon with Aloe 19.6oz,3.99,hmart
Activia Lowfat Yogurt Peach 4 packs x 4oz,5.49,hmart
Spam with Tocino Seasoning 12oz,7.29,hmart
San Pellegrino Aranciata Rossa 330ml,2.29,hmart
Activia Mango Probiotic Drink 7oz,2.29,hmart
Thai Kitchen Green Curry Paste 4oz,8.79,hmart
Canada Dry Original 20oz,2.79,hmart
Chobani Flip Perfect Peach Cobbler 4.5oz,2.79,hmart
Farmland Fresh Dairies Ultra Pasteurized Half and Half 1 Pint,3.29,hmart
Monster Energy 16oz,3.99,hmart
Euro Classic French Brioche Style Chocolate Croissant 9.52oz,5.99,hmart
Knorr Chicken Flavor Bouillon with Other Natural Flavor 8 Cubes 3.1oz,1.79,hmart
Activia Peach Probiotic Drink 7oz,1.79,hmart
Activia Strawberry Probiotic Drink 7oz,1.79,hmart
Kitchen Basics Unsalted Vegetable Stock 32oz,6.29,hmart
Farmland Fresh Dairies Ultra Pasteurized Half and Half One Quart,5.49,hmart
Lactaid Whole Milk Half Gallon (1.89L),8.79,hmart
Horizon Organic Pasture-Raised 2% Reduced Fat Milk 1.89L,8.79,hmart
Chobani Greek Yogurt 2% Milk Fat Strawberry Banana 5.3oz,2.29,hmart
Fiji Natural Artesian Water 500ml,2.79,hmart
Red Bull Energy Drink 12oz,4.99,hmart
Chobani Greek Yogurt 0% Milk Fat Vanilla 5.3oz,2.29,hmart
Chobani Greek Yogurt Mixed Berry Drink 7oz,3.99,hmart
Heinz Tomato Ketchup 14oz,4.99,hmart
Fage Total 0% Milk Fat Yogurt 170g,2.79,hmart
Chobani Greek Yogurt 2% Milk Fat Mixed Berry 5.3oz,2.29,hmart
Chobani Greek Yogurt 2% Milk Fat Mango 5.3oz,2.29,hmart
Oven Arts Sweet Belgian Waffle 3.5oz,3.29,hmart
Chobani Greek Yogurt Strawberry Banana Drink 7oz,3.99,hmart
Coca-Cola 2L,4.49,hmart
Chobani Greek Yogurt Mango Drink 7oz,3.99,hmart
Thai Kitchen Red Curry Paste 4oz,8.79,hmart
Sprite Lemon Lime Can Soda 12oz,1.79,hmart
Kitchen Basics Unsalted Chicken Stock 32oz,6.29,hmart
Farmland Fresh Dairies 2% Reduced Fat Milk Half Gallon,6.79,hmart
Roland Fish Sauce 6.76oz,5.49,hmart
Chobani Greek Yogurt Whole Milk Honey & Cream Blended 5.3oz,2.29,hmart
Gunter's Pure Honey Clover 12oz,6.79,hmart
Farmland Fresh Dairies 2% Reduced Fat Milk One Quart,3.29,hmart
Chobani Greek Yogurt Peach Drink 7oz,3.99,hmart
Chobani Greek Yogurt 0% Milk Fat Peach 5.3oz,2.29,hmart
Red Bull Energy Drink 8.4oz,3.99,hmart
Chobani Greek Yogurt 0% Milk Fat Strawberry 5.3oz,2.29,hmart
Harmless Harvest Organic Coconut Water 16oz,8.29,hmart
Coca-Cola Diet Coke Bottle 20oz,2.79,hmart
Kitchen Basics Original Chicken Stock 32oz,6.29,hmart
Coca-Cola Bottle 20oz,2.79,hmart
Chobani Greek Yogurt 0% Milk Fat Plain 5.3oz,2.29,hmart
Horizon Organic Pasture-Raised Whole Milk 1.89L,8.79,hmart
Coca-Cola Diet Coke Can 12oz,1.79,hmart
Coca-Cola Can Soda 12oz,1.79,hmart
Farmland Fresh Dairies Whole Milk Half Gallon,6.79,hmart
Farmland Fresh Dairies Whole Milk One Quart,3.29,hmart
Spam 25% Less Sodium 12oz,8.29,hmart
Spam Lite 12oz,8.29,hmart
Euro Classic Authentic Sliced Brioche 17.6oz,8.29,hmart
Poland Spring Water 500ml,1.29,hmart
Poland Spring Water 1L,2.29,hmart
Spam Classic Classic 12oz,7.29,hmart
Lotte Cheetos Smokey Bbq 82g,4.99,hmart
Calpico Original 11.3oz,3.29,hmart
Morinaga Hi-Chew Watermelon 1.76oz,1.69,hmart
"Wei-Chuan Pork, Scallop & Shrimp 21oz",11.79,hmart
Ottogi Ppushu Ppushu Bbq 90g,2.29,hmart
Lee Kum Kee Premium Dark Soy Sauce 16.9fl.oz,5.49,hmart
Ajinomoto Pork Chicken Gyoza 8.46oz,7.29,hmart
Nissui Salted Edamame 14.1oz,5.49,hmart
Wei Lih Noodle Jah Jan 5 packs x 90g,7.79,hmart
CJ Bbq Sauce Kalbi For Ribs 1.1lb,7.29,hmart
"Wei-Chuan Pork, Napa Cabbage Dumpling 21oz",9.49,hmart
Ito En Koicha Unsweetened Tea 500ml,3.99,hmart
Jinga Pumpkin Porridge 500g,9.49,hmart
Wei-Chuan Pork Celery & Shrimp 21oz,11.79,hmart
Daifuku Green Tea Mochi 210g,4.49,hmart
Choripdong Daechun Roasted Laver 3 packs x 5g,2.29,hmart
Binggrae Melona Mango 8 Bars x 70ml,8.79,hmart
CJ Bibigo Classic Dumplings 28oz,14.99,hmart
Hansang Vegetable Big Gyoza Dumpling 700g,9.49,hmart
"Shirakiku Cooked Rice Gohan 3 packs, 21.15oz",9.99,hmart
Lotte Pepero Chocolate Cookie 32g,2.29,hmart
Calpis Calpico Mango 500ml,4.49,hmart
Meiji Kinoko No Yama Milk Chocolate Mushrooms 2.61oz,5.49,hmart
"Sapporo Ichiban Miso 1Pk, 3.55oz",2.29,hmart
Nongshim Onion Ring Snack 1.76oz,3.99,hmart
CJ Bibigo Crispy Potstickers 32oz,15.49,hmart
Sincere Thai Style Rice Noodle 16oz,3.29,hmart
Lotte Pepero Choco Filled 50g,2.29,hmart
Seoul Milk Coffee Milk 6 packs x 200ml,7.79,hmart
"Sapporo Ichiban Yakisoba 5 packs, 18oz",7.79,hmart
Choripdong Handmade Vegetable Dumpling 2.64lb,10.49,hmart
Three Crab Fish Sauce 24oz,17.29,hmart
Kameda Ageichiban Rice Cracker 4.9oz,8.79,hmart
Nongshim Kimchi Noodle Soup Cup 75g,2.79,hmart
Laurels Red Bean Rice Ball 7.05oz,4.99,hmart
"Hansang Spicy Soft Tofu 3 Packs, 420g",9.49,hmart
Paldo Bibim Men 4.59oz,2.79,hmart
Calbee Seaweed & Salt Potato Chips 2.8oz,5.49,hmart
Laurels Peanut Rice Ball 7.05oz,4.99,hmart
Choripdong Olive Oil Roasted Laver 12 packs x 0.17oz,8.79,hmart
Dongwon Cooked Black Rice 3 packs x 210g,9.99,hmart
CJ Beef Bone Stock 100g,8.79,hmart
Orion Choco Boy 5.07oz,7.49,hmart
Ottogi Ppushu Ppushu Bulgogi 90g,2.29,hmart
Ito En Matcha Genmaicha Unsweetened 500ml,3.99,hmart
Dong-A Pocari Sweat 245ml,2.29,hmart
Nongshim Beoljib Pizza Snack 3.17oz,4.49,hmart
Erawan Oriental Style Noodle (Size M) 16oz,3.99,hmart
Domremy Chocolate Souffle Roll 200g,8.79,hmart
Samyang Hot Chicken Cup 70g,3.29,hmart
Sangaria Royal Milk Tea 265ml,3.29,hmart
Lotte Milkis Carbonated Drink Milk & Yogurt Flavor 1.5L,8.29,hmart
Chung Jung One Brown Rice Hot Pepper Paste 1.1lb,8.29,hmart
Nongshim Shrimp Flavored Cracker 14.11oz,14.29,hmart
Kikkoman Less Sodium Soy Sauce 5oz,5.49,hmart
Hapi Wasabi Peas 4.9oz,5.49,hmart
Nishiki Premium Grade Rice 2lb,6.49,hmart
CJ Cooked White Rice with Soft Tofu Stew 173g,6.79,hmart
Huang Fei Hong Spicy Peanuts 110g,4.79,hmart
Ottogi Ppushu Ppushu Grilled Chicken 90g,2.29,hmart
Happy Clover Swiss Roll Cake Green Tea 7.05oz,8.29,hmart
Taekyung Red Pepper Powder Coarse 1lb,10.49,hmart
Harim Ginseng Chicken Stew 28.21oz,15.99,hmart
Morinaga Hi-Chew Acai 1.76oz,1.69,hmart
Shirakiku Spicy Beef Gyoza 21oz,9.49,hmart
Erawan Rice Vermicelli 16oz,3.99,hmart
Ohsung Yes Chips Shrimp Garlic 3.35oz,4.49,hmart
D-Plus Coffee Bread 80g,3.29,hmart
Samyang Hot Chicken Topopkki Bowl 185g,7.90,hmart
Kasugai Fruits Mix Gummy 3.59oz,3.79,hmart
Ottogi Ppushu Ppushu Spicy Rice Cake 90g,2.29,hmart
Choripdong Sanuki Udon 7.05oz,2.79,hmart
Woongjin Morning Rice Drink 1.5L,5.49,hmart
Laurels Sesame Black Glutinous Rice Ball 7.05oz,4.49,hmart
Lotte Milkis Carbonated Drink Peach 250ml,2.29,hmart
Hansang Fried Seaweed Rolls 1.1lb,8.49,hmart
"Samyang Hot Chicken Cheese 1Pk, 4.94oz",499.00,hmart
Samyang Extra Hot Chicken Multi 700g,10.99,hmart
AGV Okinawa Brown Eight Treasures 12oz,2.79,hmart
Hansang Cold Noodle Soup 2.2lb,8.79,hmart
Choripdong Leek Dumpling 1.2lb,6.29,hmart
Lotte Sweet Corn Ice Cream Sandwich 140ml,2.79,hmart
Jinga Abalone Porridge 500g,11.79,hmart
Maeil Cafe Latte Caramel Macchiato 220ml,3.29,hmart
Nongshim Sweet Potato Snack 1.93oz,3.29,hmart
Pulmuone Soupy Topokki (Spicy) 14.9oz,8.29,hmart
Morinaga Hi-Chew Green Apple 1.76oz,1.69,hmart
Dongwon Tuna Light Standard 5.29oz,4.99,hmart
Kyong Gi Me Medium Grain Rice 2lb,5.49,hmart
Nissui Edamame 14.1oz,4.99,hmart
"Sapporo Ichiban Shio 5Pk, 18oz",7.79,hmart
Lotte Big Melon Ice Bar 8 Bars x 78.6ml,9.99,hmart
Samyang Samyang Ramen 120g,2.79,hmart
Spring Home Glutinous Rice Ball Sesame Filling 200g,3.29,hmart
Morinaga Hi-Chew Bag Original Mix 3.53oz,3.79,hmart
Haitai Oh Yes 11.88oz,8.79,hmart
"Sapporo Ichiban Miso 5Pk, 17.75oz",7.79,hmart
Ito En Jasmine Green Tea 2L,8.79,hmart
Kadoya Pure Sesame Oil 22.1oz,19.79,hmart
Lotte Cheetos Spicy 82g,4.99,hmart
Morinaga Hi-Chew Sweet Sour 3.17oz,3.79,hmart
Kasugai Fruitia Lychee Gummy 102g,3.79,hmart
Maeil Biofeel Pineapple 315ml,1.79,hmart
Greenhat Lychee Mochi Ice Cream 9oz,8.79,hmart
Greenhat Earl Grey Mochi Ice Cream 9oz,8.79,hmart
Shirakiku Chicken Gyoza 21oz,9.49,hmart
Twin Marquis Lo Mein Noodles 16oz,5.49,hmart
Calbee Hot & Spicy Potato Chips 7oz,10.49,hmart
Orion Swingchip Hot Pepper 124g,6.29,hmart
Daifuku Korean Pancake Vermicelli 1.1lb,8.29,hmart
S&B Golden Curry Medium Hot 3.2oz,5.49,hmart
Nongshim Shrimp Flavored Chips 1.58oz,3.99,hmart
Kyong Gi Mi Medium Grain Rice 10lb,16.99,hmart
Nongshim Ansung Noodle Soup Beef & Fermented Bean Flavor 17.6oz,9.99,hmart
Hansang Kimchi Stew with Pork & Cabbage 1.33lb,12.29,hmart
Hansang Beef Broth Soup 1.21lb,9.99,hmart
Huy Fong Sriracha Hot Chili Sauce 17oz,8.79,hmart
Shirakiku Cooked Sticky Rice 7.04oz,3.99,hmart
Huy Fong Fresh Chili Garlic Sauce 8oz,4.49,hmart
Nongshim Soon Veggie Ramen Multi 448g,10.99,hmart
"Sapporo Ichiban Original 1Pk, 3.5oz",1.79,hmart
S&B Golden Curry Extra Hot 7.8oz,8.29,hmart
Maeil Biofeel Strawberry 315ml,1.79,hmart
Haechandle Soy Bean Paste 1.1lb,4.99,hmart
Laoganma Fried Chili Oil Sauce 9.7oz,6.79,hmart
"Ottogi Jin Ramen Mild 1 Pack, 120g",2.29,hmart
Choripdong Kimchi Dumpling 1.2lb,6.29,hmart
Kikkoman All Purpose Seasoning Soy Sauce 10fl.oz,6.79,hmart
CJ Cooked White Rice with Seaweed Soup 165g,6.79,hmart
Binggrae Samanco Red Bean 150ml,2.79,hmart
Ajinomoto Pork Chicken Gyoza 24.7oz,15.99,hmart
Morinaga Hi-Chew Mango 1.76oz,1.69,hmart
Ajinomoto Shrimp Shumai 7.93oz,8.29,hmart
"Samyang Extra Hot Chicken 1Pk, 140g",5.49,hmart
Kasugai Peach Gummy Candy 107g,3.79,hmart
Pulmuone Topokki 16.9oz,10.99,hmart
Wanglaoji Herbal Tea 10.5oz,1.79,hmart
Myriad Cooked Fish Ball 11oz,12.99,hmart
Glico Pocky Cookies & Cream 2.47oz,3.99,hmart
Myriad Cooked Pork Meatball 11oz,12.99,hmart
CJ Cooked White Rice Bowl 12 Bowls x 210g,22.99,hmart
Huy Fong Sriracha Hot Chili Sauce 9oz,5.49,hmart
Kyong Gi Mi Medium Grain Rice 15lb,20.99,hmart
Shirakiku Carbonated Ramune Drink Strawberry 200ml,3.29,hmart
Vitasoy Soy Drink 6 x 250ml,8.79,hmart
Chaokoh Coconut Milk 13.5oz,3.99,hmart
Nongshim Shin Ramyun Big Bowl 114g,4.49,hmart
Glico Pocky Cookie & Cream 4.57oz,7.29,hmart
Brons Brown Sugar Milk Tea Powder 200g,6.29,hmart
Indomie Mi Goreng Noodle Hot Spicy 14.1oz,5.49,hmart
Morinaga Hi-Chew Strawberry 1.76oz,1.69,hmart
Glico Pocky Strawberry 2.47oz,3.99,hmart
Shirakiku Vegetable Leek & Pork Gyoza 21oz,9.49,hmart
Morinaga Hi-Chew Grape 1.76oz,1.69,hmart
Cha Cha Roasted Sunflower Seeds Spiced Flavor 250g,5.49,hmart
"Sapporo Ichiban Chicken 1Pk, 3.5oz",1.79,hmart
Lotte Milkis Carbonated Drink Milk Yogurt 250ml,2.29,hmart
Nongshim Honey Twist Snack 2.64oz,3.29,hmart
CJ Bibigo Mandu Spicy Pork and Vegetable 24oz,15.49,hmart
S&B Golden Curry Hot 7.8oz,8.29,hmart
Samyang Ramen Multi 4pack/120g,12.29,hmart
"Ottogi Jin Ramen Spicy 1 Pack, 120g",2.29,hmart
"Sapporo Ichiban Original 5Pk, 17.5oz",7.79,hmart
Luobawang Spicy Instant Rice Noodle  315g,6.79,hmart
Lee Kum Kee Panda Oyster Sauce 18oz,6.99,hmart
Ito En Oi Ocha Green Tea 2L,8.79,hmart
Sekka Premium Medium Grain Rice 4.4lb,12.99,hmart
Kikkoman Less Sodium Soy Sauce 10oz,7.79,hmart
Nongshim Shin Ramyun Cup 75g,2.99,hmart
Lotte Big Melon Ice Bar 2.77oz,1.79,hmart
Want Want Shelly Senbei 5.29oz,4.49,hmart
Myriad Cooked Beef Meatballs 11oz,12.19,hmart
Shirakiku Carbonated Ramune Drink Lychee 200ml,3.29,hmart
Lotte Choco Pie Green Tea 11.85oz,7.79,hmart
Twin Marquis Pre Boiled Noodle 16oz,5.49,hmart
Binggrae Samanco Red Bean 4 x 150ml,8.79,hmart
Shirakiku Pork Gyoza 21oz,9.49,hmart
Kokuho Rose Sushi Rice 5lb,15.99,hmart
Laoganma Fried Chili in Oil 7.41oz,7.29,hmart
Binggrae Melon Milk Flavored Milk Drink 6 Cartons  x 200ml,10.99,hmart
S&B Golden Curry Mild 7.8oz,8.29,hmart
CJ Bibigo Mandu Beef Dumpling 24oz,15.49,hmart
Dongwon Tuna Hot Pepper Sauce 150g,4.49,hmart
Shirakiku Carbonated Ramune Drink Original 200ml,3.29,hmart
"Paldo Bibim Men Family Pack 5ea x 4.59oz, 22.95oz",10.99,hmart
Nishiki Premium Grade Rice 5lb,13.99,hmart
Samyang Hot Chicken Carbo Big Bowl 105g,5.99,hmart
Twin Marquis Udon Noodle 16oz,4.99,hmart
Tarami Oishii Konjac Jelly Mango Flavor 150g,2.09,hmart
CJ Duru Duru Vegetable and Pork Dumplings 25oz,14.99,hmart
Glico Pocky Matcha 2.47oz,3.99,hmart
"Sapporo Ichiban Tonkosu 5 packs, 18.5oz",7.79,hmart
Glico Pocky Strawberry 3.81oz,7.29,hmart
Wang Korea Bibimbap Go Chu Jang Hot Pepper Paste 500g,7.79,hmart
88 Rice Cake with Sauce Original 1.23lb,8.79,hmart
"Samyang Hot Chicken 1Pk, 140g",4.99,hmart
Lotte Sac Sac Grape 238ml,2.29,hmart
Ottogi Plain Ramen 108g,1.79,hmart
Haechandle Hot Pepper Paste Hot 1.1lb,6.79,hmart
Taisun Mixed Congee with Okinawa Brown Sugar 340g,2.29,hmart
Choripdong Gwang Chun Roasted Laver 9+3/0.17oz,8.79,hmart
Yeshu Coconut Juice 6 X 245ml,12.29,hmart
Nongshim Shin Black Noodle Soup 1Pk 4.58oz,4.49,hmart
Nongshim Shrimp Flavored Cracker 2.6oz,3.99,hmart
Glico Pocky Almond Crush 1.45oz,3.99,hmart
Haechandle Mild Hot Pepper Paste 1.1lb,6.79,hmart
Orion Turtle Chip Corn Soup 80g,3.29,hmart
S&B Golden Curry Medium Hot 7.8oz,8.29,hmart
"Samyang Hot Chicken Carbo 1Pk, 130g",5.49,hmart
Tarami Oishii Konjac Jelly Apple Flavor 150g,2.09,hmart
Kyong Gi Me Medium Grain Rice 4.4lb,8.79,hmart
CJ Cooked White Rice 6 Bowls x 210g,16.49,hmart
Calbee Shrimp Chips Original 4oz,5.49,hmart
CJ Bibigo Mandu Pork & Vegetable Dumpling 32oz,15.49,hmart
Ito En Oi Ocha Green Tea 500ml,3.99,hmart
Binggrae Melona Melon 8 Bars x 70ml,8.79,hmart
Glico Pocky Chocolate 2.47oz,3.99,hmart
WuFuYuan Tapioca Pearl Black Sugar Flavor 250g,4.49,hmart
Choripdong Dumpling Wrapper 14oz,4.99,hmart
Lotte Choco Pie 11.85oz,7.79,hmart
Shirakiku Sanukiya Udon 2.75lb,10.49,hmart
Orion Choco Pie 468g,7.29,hmart
Kewpie Mayonnaise 15.72oz,9.49,hmart
Nongshim Shin Light Air Dried Ramyun 13.6oz,16.99,hmart
Glico Pocky Chocolate 4.13oz,7.29,hmart
Samyang Hot Chicken Carbo Multi 650g,10.99,hmart
Nongshim Shin Black Noodle Soup Multi 520g,15.49,hmart
"Indomie Mi Goreng Fried Noodle 3oz x 5Pks, 15oz",5.49,hmart
Haitai Honey Butter Chip 120g,7.29,hmart
Nongshim Shrimp Flavored Cracker Hot 2.6oz,3.99,hmart
CJ Cooked White Rice Bowl 210g,2.79,hmart
Binggrae Strawberry Milk 6 x 200ml,10.99,hmart
Calbee Shrimp Chips Original 8oz,8.79,hmart
Samyang Hot Chicken Multi 700g,11.99,hmart
Kadoya Pure Sesame Oil 11oz,10.99,hmart
Dongwon Luncheon Meat 12oz,6.29,hmart
Imei Green Onion Pancake 525g,5.49,hmart
Orion Turtle Chips Sweet Corn 5.65Oz,7.29,hmart
Kadoya Pure Sesame Oil 5.5oz,6.29,hmart
Nongshim Shin Ramyun Noodle Soup 1Pk 120g,2.99,hmart
Nongshim Neoguri Ramyun 4.2oz,2.79,hmart
Tarami Oishii Konjac Jelly Grape Flavor 150g,2.49,hmart
Choripdong Frozen Fried Fish Cake 7.61oz,3.29,hmart
Nongshim Neoguri Ramyun Multi 480g,9.99,hmart
CJ Cooked White Rice 3 Bowls x 210g,9.49,hmart
Nongshim Chapagetti 4.5oz,2.79,hmart
Maeil Biofeel Plain 315ml,1.79,hmart
Binggrae Banana Flavored Milk Drink 6 Cartons x 200ml,10.99,hmart
Shaomei Brown Sugar Boba Ice Cream Bar 11.3oz,11.79,hmart
"Nongshim Chapagetti Jjajang Noodles Family Pack 127g x 4 Pkgs, 508g",9.99,hmart
Nongshim Shin Ramyun Multi 480g,6.99,hmart
